"imo","vessel_name","ship_type","flag","call_sign","mmsi","year_built","gross_tonnage","deadweight","status","registered_owner","ship_manager","ism_manager","classification_society","p_and_i_club","inspections_total","deficiencies_total","detentions_total","former_names","former_flags","flag_change_count","name_change_count","former_owners","error","sanctioned","false_flag","fleet"
"9689031","ANANTHA","Chemical/Oil Products Tanker","(India)","ATHF2","","2018","13222","19950","In Service/Commission","SUMEX MARITIME PVT LTD","SUMEX MARITIME PVT LTD","TRILOGY SHIP MANAGEMENT PVT","Indian Register of Shipping (IACS)","","11","","","ANANTHA (since 01/03/2026) | A R G (since 01/10/2023) | Golden Lotus (since 01/12/2021) | Esstar (since 01/10/2018)","India (since 01/03/2026) | Barbados (since 01/04/2025) | Not Known (since 01/03/2025) | Liberia (since 01/10/2018)","3","3","SUMEX MARITIME PVT LTD (since 24/03/2026) | RPTD SOLD UNDISCLOSED INTEREST (since 17/12/2025) | SHENZE VESSEL LEASING SHANGHAI (since 31/12/2021) | SINGAPORE ESSTAR SHIPPING PTE (since 06/11/2018)","","False","False","Iran"
"9247388","ABROS","Chemical/Oil Products Tanker","(Curacao False)","UNKNOWN","","2004","16901","24086","In Service/Commission","RPTD SOLD UNDISCLOSED INTEREST","RPTD SOLD UNDISCLOSED INTEREST","UNKNOWN","DNV-GL (ex GL) (IACS)","","20","","","ABROS (since 01/06/2025) | Kukki (since 01/01/2024) | Apatyth (since 01/09/2015) | Aurora (since 01/04/2004)","Curacao False (since 01/06/2025) | Barbados (since 01/01/2024) | Cyprus (since 01/09/2015) | Gibraltar (since 01/04/2004)","3","3","RPTD SOLD UNDISCLOSED INTEREST (since 07/02/2025) | APATYTH SHIPPING LTD (since 25/09/2015) | VIERTE BUTTNER (since 27/04/2004)","","False","True","Iran"
"9234666","ADELINE G","Crude Oil Tanker","(Not Known)","UNKNOWN","","2003","161233","317972","In Service/Commission","U BEACON SHIPPING CO LTD","NOVA SHIPPING MANAGEMENT CO","JOYGUIDE SHIPPING MANAGEMENT","Lloyd's Register (IACS)","","26","","","ADELINE G (since 01/04/2025) | Nierus (since 01/12/2022) | Isaiah (since 01/05/2021) | Da Zhu Shan (since 01/11/2020) | Seaways Rosalyn (since 01/06/2017) | Overseas Rosalyn (since 01/05/2003) | Overseas Roselyn (since 01/02/2003)","Not Known (since 01/08/2025) | Panama (since 01/12/2022) | Liberia (since 01/11/2020) | Marshall Islands (since 01/02/2003)","3","6","U BEACON SHIPPING CO LTD (since 16/04/2025) | TAI RUN DA SHIPPING LTD (since 21/12/2022) | SYMI SHIPPING LTD (since 20/11/2020) | ROSALYN TANKER CORP (since 01/02/2003)","","False","False","Iran"
"9203784","ADITYA","Crude Oil Tanker","(Guyana False)","UNKNOWN","","2000","83724","160373","In Service/Commission","RPTD SOLD UNDISCLOSED INTEREST","RPTD SOLD UNDISCLOSED INTEREST","UNKNOWN","April 2026","","17","","","ADITYA (since 01/04/2025) | Lotus (since 01/10/2019) | Sandro (since 01/05/2019) | Eurospirit (since 01/12/2013) | Tenerife Spirit (since 01/06/2004) | Bosco Tapias (since 01/07/2000)","Guyana False (since 01/04/2025) | Iran (since 01/10/2019) | Togo (since 01/05/2019) | Liberia (since 01/12/2013) | Spain (since 01/08/2000) | Liberia (since 01/07/2000)","5","5","RPTD SOLD UNDISCLOSED INTEREST (since 28/10/2019) | ANGELINA NAVIGATION INC (since 10/12/2013)","","True","True","Iran"
"9242223","RENS","Crude Oil Tanker","(Mozambique False)","UNKNOWN","","2003","59831","104707","In Service/Commission","ADONIA SHIPPING LTD","ADONIA SHIPPING LTD","UNKNOWN","Lloyd's Register (IACS)","","45","","","RENS (since 01/01/2026) | Adonia (since 01/01/2025) | Shun Tai (since 01/11/2022) | Anggerik (since 01/07/2016) | Phoenix Beta (since 01/03/2004) | Felicity (since 01/01/2004) | World Kronos (since 01/03/2003)","Mozambique False (since 01/03/2026) | Tonga False (since 01/01/2026) | Sint Maarten False (since 01/01/2025) | Liberia (since 01/11/2022) | Singapore (since 01/07/2016) | Panama (since 01/09/2012) | Hong Kong, China (since 01/03/2004) | Greece (during 2003)","7","6","ADONIA SHIPPING LTD (since 19/01/2026) | SYMI SHIPPING LTD (since 18/11/2022) | SINORICH SHIPPING PTE LTD (since 14/07/2016) | UNKNOWN (during 01/2004)","","False","True","Iran"
"9337389","AGNI","Crude Oil Tanker","(Comoros FALSE)","UNKNOWN","","2007","56172","105641","In Service/Commission","IRTYSH SHIPPING INC","OCEANLINK MARITIME DMCC","LAZAR SHIPPING LLC-FZ","February 2026","","28","","","AGNI (since 01/05/2024) | Glaucus (since 01/06/2021) | Stavanger Blossom (since 01/02/2007)","Comoros FALSE (since 01/05/2024) | Not Known (since 01/04/2024) | Comoros (since 01/02/2024) | Panama (since 01/06/2021) | Norway (NIS) (since 01/01/2012) | Panama (since 01/02/2007)","5","2","IRTYSH SHIPPING INC (since 04/06/2021)","","True","True","Iran"
"9142150","AKOYA GAS","LPG Tanker","(Not Known)","UNKNOWN","","1997","22323","26943","In Service/Commission","RPTD SOLD UNDISCLOSED INTEREST","RPTD SOLD UNDISCLOSED INTEREST","UNKNOWN","Lloyd's Register (IACS)","","50","","","AKOYA GAS (since 01/10/2022) | Gas Allure (since 01/12/2021) | Brussels (since 01/04/2005)","Not Known (since 01/04/2025) | Tanzania (since 01/10/2022) | Panama (since 01/12/2021) | Hong Kong, China (since 01/09/2020) | Belgium (before 2011) | Panama (before 2011) | Belgium (since 01/12/2008) | Panama (since 01/12/2008) | Belgium (since 01/04/2005)","8","2","RPTD SOLD UNDISCLOSED INTEREST (since 07/10/2022) | EXMAR SHIPPING BV (before 06/2019) | NANIWA SUNRISE MARITIME SA (since 30/12/2008) | EXMAR SHIPPING BV (since 05/04/2005)","","False","False","Iran"
"9053816","AL DIAB II","LPG Tanker","(Not Known)","UNKNOWN","","1996","3853","4332","Broken Up","BLACK STONE OIL & GAS SPC","BLACK STONE OIL & GAS SPC","UNKNOWN","Bureau Veritas (IACS)","","34","","","AL DIAB II (since 01/02/2024) | Al Maha (since 01/12/2020)","Not Known (since 01/01/2026) | Palau (Republic of) (since 01/12/2020) | Liberia (since 01/12/2014)","2","1","BLACK STONE OIL & GAS SPC (since 04/06/2025) | YAS LOGISTICS CO (since 01/02/2024) | CORAL OBELIA BV (before 09/2010) | ANTHONY VEDER REDERIJ BV (since 01/10/2007)","","False","False","Iran"
"9222649","AL SAFA","Oil Products Tanker","(Not Known)","UNKNOWN","","2001","28553","47087","In Service/Commission","BLUE PEARL NAVIGATION","MANARAT ALKHALEEJ MARINE","MANARAT ALKHALEEJ MARINE","Registro Italiano Navale (IACS)","","49","","","AL SAFA (since 01/04/2020) | Yukon I (since 01/10/2019) | Sea Halcyone (since 01/11/2013) | Unique Sunshine (during 2001)","Not Known (since 01/02/2026) | Panama (since 01/07/2021) | Palau (Republic of) (since 01/04/2020) | Panama (since 01/10/2019) | Malta (since 01/11/2013) | Hong Kong, China (during 2001)","5","3","BLUE PEARL NAVIGATION (since 01/07/2021) | HALCYONE MARITIME CO LTD (since 04/11/2013)","","False","False","Iran"
"9312509","AL SIDDEEQ","Crude Oil Tanker","(Not Known)","UNKNOWN","","2007","159987","307284","In Service/Commission","METROPATH GROUP LTD","ANBO SHIPPING PTE LTD","ANBO SHIPPING PTE LTD","May 2026","","17","","","AL SIDDEEQ (since 01/07/2025) | Eon (since 01/07/2025) | Atlantic Loyalty (since 01/06/2022) | Navarin (since 01/05/2014) | Maersk Navarin (since 01/04/2007)","Not Known (since 01/11/2025) | Panama (since 01/07/2025) | Marshall Islands (since 01/06/2022) | Liberia (since 01/01/2019) | Marshall Islands (since 01/05/2014) | Singapore (since 01/04/2007)","5","4","METROPATH GROUP LTD (since 23/07/2025) | KOREA TONNAGE NO 104 SHIPPING (since 06/03/2024) | SPDBFL ONE HUNDRED EIGHTY-8 (since 05/09/2022) | ATLANTIC LOYALTY SA (since 30/06/2022) | SINOKOR SHIP MANAGEMENT CO LTD (since 28/06/2022) | QUATTRO NAVARIN LLC (since 01/01/2017) | EURONAV SHIPPING NV (since 11/05/2014) | MAERSK TANKERS SINGAPORE PTE (since 21/12/2011) | MOLLER SINGAPORE AP PTE LTD (since 12/04/2007)","","False","False","Iran"
"9198094","ALA","Crude Oil Tanker","(Guyana False)","UNKNOWN","","2000","58125","104643","In Service/Commission","BLUESPECTRUM SHIPPING SA","BLUESPECTRUM SHIPPING SA","UNKNOWN","Rosjan Maritime Register of Shipping","","53","","","ALA (since 01/02/2025) | Joel (since 01/01/2024) | Jolie (since 01/07/2022) | Blue Star (since 01/07/2020) | Minerva Alexandra (since 01/03/2000)","Guyana False (since 01/02/2025) | Sao Tome and Principe (since 01/11/2024) | Guyana False (since 01/08/2024) | Palau (Republic of) (since 01/01/2024) | Cameroon (since 01/07/2022) | Rosja (since 01/10/2021) | Liberia (since 01/10/2021) | Rosja (since 01/11/2020) | Liberia (since 01/07/2020) | Greece (since 01/02/2003) | Malta (since 01/03/2000)","10","4","BLUESPECTRUM SHIPPING SA (since 25/01/2024) | AEGEAN TANKERS LTD (since 25/02/2022) | MG-FLOT LLC (since 05/10/2021) | AEGEAN TANKERS LTD (since 13/07/2020) | ALEXANDRA M ENE (since 24/09/2004) | ANOUK CORP (since 06/02/2003)","","True","True","Iran"
"9155341","ROYAL H","LPG Tanker","(Malawi False)","UNKNOWN","","1998","15180","18111","In Service/Commission","KAITO NAVIGATION SA","KAITO NAVIGATION SA","KAITO NAVIGATION SA","Overseas Marine Certification Services","","78","","","ROYAL H (since 01/03/2026) | Alaa (since 01/11/2024) | Dravin (since 01/11/2023) | Kanha (since 01/07/2022)","Malawi False (since 01/03/2026) | Palau (Republic of) (since 01/02/2025) | St.Kitts and Nevis (since 01/11/2024) | Gabon (since 01/06/2022)","3","3","KAITO NAVIGATION SA (since 28/11/2024) | KANHA HOLDINGS LTD (since 28/06/2022)","","False","False","Iran"
"9268112","ALBA","Crude Oil Tanker","(Mozambique False)","UNKNOWN","","2003","57664","106360","In Service/Commission","CRYSTAL GAS INC","CRYSTAL GAS INC","UNKNOWN","Bureau Veritas (IACS)","","42","","","ALBA (since 01/01/2026) | Olia (since 01/02/2024) | Arc I (since 01/03/2022) | Blue Power (since 01/03/2016) | Fuji Spirit (since 01/09/2003)","Mozambique False (since 01/03/2026) | Madagascar False (since 01/01/2026) | Gambia (since 01/07/2025) | Not Known (since 01/01/2025) | Gabon (since 01/02/2024) | Panama (since 01/03/2022) | Liberia (since 01/03/2016) | Bahamas (since 01/09/2003)","7","4","CRYSTAL GAS INC (since 08/01/2026) | BLUE POWER NAVIGATION CO (since 16/03/2016) | ALTERA SHUTTLE LOADING PTE LTD (since 29/09/2006)","","True","True","Iran"
"8817693","ALBATROS 1","LPG Tanker","(Guyana False)","UNKNOWN","","1990","4086","4828","In Casualty Or Repairing","RPTD SOLD UNDISCLOSED INTEREST","RPTD SOLD UNDISCLOSED INTEREST","UNKNOWN","May 2026","","40","","","ALBATROS 1 (since 01/08/2025) | Alpha Gas (since 01/09/2022) | Yooshi Dooda (since 01/08/2021) | Captoon 2 (since 01/03/2020) | Juno Gas (since 01/01/2019) | Gitta Gas (since 01/01/2016) | Sea Lust (since 01/11/2015) | Gitta Gas (since 01/02/2015)","Guyana False (since 01/07/2025) | Tanzania (since 01/09/2022) | Panama (since 01/02/2015) | Isle of Man (since 01/07/2003)","3","7","RPTD SOLD UNDISCLOSED INTEREST (since 28/09/2022)","","False","False","Iran"
"9213313","ALBEDO","Crude Oil Tanker","(Not Known)","UNKNOWN","","2001","62385","112118","In Service/Commission","ALBEDO SHIPPING LTD","ALBEDO SHIPPING LTD","BEACON MARINE SERVICES CO","Lloyd's Register (IACS)","","59","","","ALBEDO (since 01/01/2024) | Alita I (since 01/03/2023) | Olmeca (since 01/10/2022) | Oloro (since 01/01/2022) | Vankor (since 01/05/2021) | Tsar Vladimir (since 01/11/2020) | Seaways Fran (since 01/09/2017) | Overseas Fran (during 2001)","Not Known (since 01/03/2026) | Barbados (since 01/06/2025) | Gabon (since 01/01/2024) | Panama (since 01/03/2023) | Not Known (since 01/01/2023) | Guinea-Bissau (since 01/10/2022) | Palau (Republic of) (since 01/01/2022) | Cameroon (since 01/11/2020) | Marshall Islands (since 01/10/2001)","8","7","ALBEDO SHIPPING LTD (since 08/01/2024) | YONG HE SHIPPING PTE LTD-SNG (since 23/03/2023) | SEVENTH AFRAMAX TANKER CORP (since 01/10/2001)","","False","False","Iran"
"9244635","AMAK","Crude Oil Tanker","(Madagascar False)","UNKNOWN","","2002","160084","300405","In Service/Commission","CAPELLA SHIPPING LTD-SEY","AUSTINSHIP MANAGEMENT PVT LTD","AUSTINSHIP MANAGEMENT PVT LTD","May 2026","","13","","","AMAK (since 01/09/2020) | Berwick (since 01/07/2020) | Dragon (since 01/08/2017) | Taizan (since 01/09/2002)","Madagascar False (since 01/12/2025) | Not Known (since 01/11/2025) | Gambia (since 01/12/2024) | Eswatini FALSE (since 01/04/2024) | Panama (since 01/09/2020) | St.Kitts and Nevis (since 01/07/2020) | Liberia (since 01/08/2017) | Panama (during 2002)","7","3","CAPELLA SHIPPING LTD-SEY (since 20/07/2020) | OCEAN LINK MARITIME SA (during 2002)","","True","False","Iran"
"9235713","AMBER 6","Crude Oil Tanker","(Timor Leste FALSE)","UNKNOWN","","2003","57022","105109","In Service/Commission","GARDEN DOMAIN LTD","DEGONIA CO LTD","DEGONIA CO LTD","Korean Register (IACS)","","39","","","AMBER 6 (since 01/04/2022) | Astro Sculptor (since 01/01/2003)","Timor Leste FALSE (since 01/03/2025) | Not Known (since 01/12/2024) | Panama (since 01/04/2022) | Greece (since 01/01/2003)","3","1","GARDEN DOMAIN LTD (since 04/05/2022) | SCULPTOR ENE (during 2004)","","False","True","Iran"
"9257993","AMELL","Crude Oil Tanker","(Not Known)","UNKNOWN","","2003","62395","115707","In Service/Commission","SHANGHAI VIII MARITIME CO","SHANGHAI VIII MARITIME CO","UNKNOWN","May 2026","","31","","","AMELL (since 01/10/2024) | Mistral 1 (since 01/10/2021) | Majestic (since 01/08/2021) | Kaluga (since 01/09/2003)","Not Known (since 01/11/2025) | Gambia (since 01/08/2025) | Not Known (since 01/01/2025) | Cook islands (since 01/10/2024) | San Marino (since 01/05/2024) | Not Known (since 01/04/2024) | Panama (since 01/10/2021) | Liberia (since 01/08/2003)","7","3","SHANGHAI VIII MARITIME CO (since 31/10/2024) | KALUGA SHIPPING INC (since 01/10/2003)","","True","False","Iran"
"9308778","AMIL","Oil Products Tanker","(Mozambique False)","UNKNOWN","","2004","28799","47999","In Service/Commission","AMELIE LTD","ESPOIR SHIPPING LTD","UNKNOWN","Registro Italiano Navale (IACS)","","50","","","AMIL (since 01/11/2024) | Satina (since 01/01/2023) | Amelia (since 01/09/2020) | Adventurous (since 01/07/2017) | Shimanami Sunshine (since 01/07/2004)","Mozambique False (since 01/03/2026) | Guinea False (since 01/08/2025) | Sint Maarten False (since 01/11/2024) | Not Known (since 01/10/2024) | Panama (since 01/01/2023) | Palau (Republic of) (since 01/10/2022) | Malaysia (since 01/12/2020) | Comoros (since 01/09/2020) | Not Known (since 01/08/2020) | Marshall Islands (since 01/07/2017) | Panama (during 2004)","10","4","AMELIE LTD (since 01/09/2020) | ASAHI TANKER/SOLAR SHIPPING (since 08/09/2014) | MARUGAME/LA DARIEN (during 11/2009)","","True","True","Iran"
"9121699","ANDIA","Oil Products Tanker","(Palau (Republic of))","T8A3872","","1996","6534","10877","In Service/Commission","ORIENTAL OCEAN SHIPPING INC","TOPAZ TANKERS SHIPMANAGEMENT","TOPAZ TANKERS SHIPMANAGEMENT","Nippon Kaiji Kyokai (IACS)","","23","","","ANDIA (since 01/04/2022) | Suxus (since 01/01/2022) | Padosa (since 01/02/2016) | Ternland (since 01/10/2009)","Palau (Republic of) (since 01/04/2022) | Liberia (since 01/07/2019) | Panama (since 01/06/2019) | Liberia (since 01/03/2018) | Cyprus (since 01/02/2016) | Denmark (DIS) (since 01/10/2009)","5","3","ORIENTAL OCEAN SHIPPING INC (since 05/05/2022) | SUXUS TANKER SHIPPING INC (since 17/01/2022)","","False","False","Iran"
"9197832","SERENE I","Crude Oil Tanker","(Not Known)","UNKNOWN","","2000","149282","281037","In Service/Commission","RPTD SOLD UNDISCLOSED INTEREST","RPTD SOLD UNDISCLOSED INTEREST","UNKNOWN","Bureau Veritas (IACS)","","16","","","SERENE I (since 01/07/2023) | Alisha (since 01/06/2020) | Kalamos (since 01/06/2013) | Bandaisan (during 2000)","Not Known (since 01/02/2025) | Panama (since 01/06/2020) | Liberia (since 01/01/2016) | Malta (since 01/04/2014) | Greece (since 01/06/2013)","4","3","RPTD SOLD UNDISCLOSED INTEREST (since 24/09/2024) | KALAMOS SHIPPING CORP (since 26/04/2014) | KALAMOS SHIPPING CORP (since 21/06/2013)","","True","True","Iran"
"9208473","ANGEL K","Chemical/Oil Products Tanker","(Tanzania)","5IM343","","2000","23842","35820","In Service/Commission","NRK GENERAL TRADING LTD","SARISA SHIPPING SA","SARISA SHIPPING SA","Dromon Bureau of Shipping","","42","","","ANGEL K (since 01/08/2024) | Azza (since 01/07/2021) | Naama (since 01/07/2019) | Nordic Ruth (since 01/07/2006) | Hanne (since 01/04/2000)","Tanzania (since 01/01/2025) | Palau (Republic of) (since 01/08/2024) | Panama (since 01/03/2022) | Comoros (since 01/07/2021) | Panama (since 01/07/2019) | Singapore (since 01/05/2014) | Liberia (since 01/10/2008) | Netherlands (since 01/07/2006) | Liberia (since 01/07/2006) | Netherlands (since 01/07/2006) | Liberia (since 01/04/2000)","10","4","NRK GENERAL TRADING LTD (since 01/08/2024) | FAID AL NAAM FUEL & PETROLEUM (since 24/07/2019) | NORDIC SHIPHOLDING BV (during 04/2013) | NORDIC TANKERS BV (since 24/10/2008)","","False","False","Iran"
"9305609","ANIKA","Crude Oil Tanker","(Mozambique False)","UNKNOWN","","2006","66919","117055","In Service/Commission","IMPERIAL SHIPPING INTL SA","IMPERIAL SHIPPING INTL SA","UNKNOWN","Lloyd's Register (IACS)","","26","","","ANIKA (since 01/03/2025) | Celine (since 01/11/2023) | Meline (since 01/04/2022) | Proteas (since 01/05/2006)","Mozambique False (since 01/03/2026) | Not Known (since 01/12/2024) | Panama (since 01/04/2022) | Greece (since 01/05/2006)","3","3","IMPERIAL SHIPPING INTL SA (since 16/03/2026) | SOLIDANCHOR SHIPPING SA (since 20/11/2023) | SOUTHPORT NAVIGATION SA (since 25/05/2006)","","True","True","Iran"
"9203253","ANITA","Crude Oil Tanker","(Gambia)","C5J396","","2000","157831","299089","In Service/Commission","RPTD SOLD UNDISCLOSED INTEREST","RPTD SOLD UNDISCLOSED INTEREST","UNKNOWN","May 2026","","27","","","ANITA (since 01/07/2022) | Laka (since 01/09/2020) | Asta (since 01/04/2020) | Duna (since 01/08/2019) | Cerigo (since 01/11/2011) | Saga Julie (since 01/09/2010) | Songa Julie (since 01/09/2007) | Venus Glory (since 01/01/2000)","Gambia (since 01/11/2024) | Sudan (since 01/07/2024) | Not Known (since 01/09/2022) | Cameroon (since 01/07/2022) | Not Known (since 01/02/2021) | Cook islands (since 01/09/2020) | Not Known (since 01/01/2020) | Panama (since 01/08/2019) | Malta (since 01/09/2012) | Liberia (since 01/11/2011) | Marshall Islands (since 01/09/2007) | Panama (since 01/05/2007) | Liberia (since 01/01/2003) | Panama (since 01/06/2000)","13","7","RPTD SOLD UNDISCLOSED INTEREST (since 09/07/2024) | OILPIER SHIPPING LTD (since 28/07/2022) | DOLCE SHIPPING LTD (since 30/09/2012) | BELLAVISTA INVESTMENTS CORP (since 03/11/2011)","","False","False","Iran"
"9233208","FAAS","Crude Oil Tanker","(Equatorial Guinea FALSE)","UNKNOWN","","2002","62247","112664","In Service/Commission","FAAS SHIPPING CO","FAAS SHIPPING CO","UNKNOWN","DNV-GL (ex DNV) (IACS)","","32","","","FAAS (since 01/10/2025) | Anna (since 01/10/2024) | Queen Sere (since 01/12/2022) | Rain Drop (since 01/04/2021) | El Gurdabia (since 01/05/2006) | Ionian Spirit (since 01/07/2002)","Equatorial Guinea FALSE (since 01/10/2025) | Cameroon (since 01/04/2025) | Guyana False (since 01/10/2024) | Not Known (since 01/05/2023) | Tanzania (since 01/12/2022) | Cook islands (since 01/05/2022) | Panama (since 01/04/2021) | Malta (since 01/05/2006) | Bahamas (since 01/01/2002)","8","5","FAAS SHIPPING CO (since 01/10/2025) | TRENCO GLOBAL FZE (since 06/12/2022) | LIBYAN OCEAN CARRIER LTD-MTA (since 03/05/2006)","","True","False","Iran"
"9306457","ANNABEL","Chemical/Oil Products Tanker","(Panama)","3E8340","","2005","27505","46746","In Service/Commission","PRONOEA CO LTD","PRONOEA CO LTD","UNKNOWN","Bureau Veritas (IACS)","","36","","","ANNABEL (since 01/01/2025) | Annabelle (since 01/07/2020) | Neveska Lady (since 01/06/2005)","Panama (since 01/01/2025) | Marshall Islands (since 01/07/2020) | Liberia (since 01/06/2005)","2","2","PRONOEA CO LTD (since 11/12/2025) | ETERNITY LUCKY LTD (since 06/07/2020) | FLOURITE NAVIGATION (since 10/06/2005)","","False","False","Iran"
"9253117","ANSHUN II","Crude Oil Tanker","(Panama)","3FWU9","","2003","158993","298717","In Service/Commission","LAUREL SHIPPING LTD-CAY","AMARINE SHIP MANAGEMENT PTE","AMARINE SHIP MANAGEMENT PTE","Bureau Veritas (IACS)","","27","","","ANSHUN II (since 01/02/2021) | Nave Celeste (since 01/08/2013) | BW Luck (since 01/06/2008) | World Luck (since 01/05/2003)","Panama (since 01/02/2021) | Hong Kong, China (since 01/11/2003) | Panama (during 2003)","2","3","LAUREL SHIPPING LTD-CAY (since 18/02/2021)","","False","False","Iran"
"9423322","APOLLO OCEAN","LPG Tanker","(Vietnam)","XVKB7","","2010","46025","49999","In Service/Commission","ASIA PACIFIC SHIPPING CO LTD","ASIA PACIFIC SHIPPING CO LTD","ASIA PACIFIC SHIPPING CO LTD","May 2026","","17","","","APOLLO OCEAN (since 01/02/2024) | Pansy (since 01/02/2022) | BW Niigata (since 01/08/2021) | Yuricosmos (since 01/07/2010)","Vietnam (since 01/02/2022) | Marshall Islands (since 01/08/2021) | Panama (since 01/07/2010)","2","3","ASIA PACIFIC SHIPPING CO LTD (since 17/02/2024) | VIETMY TRANS CO LTD (since 26/01/2022) | BW VLGC PTE LTD (since 20/08/2021) | MI-DAS LINE SA (since 23/07/2010)","","False","False","Iran"
"9197727","AQUA SPIRIT","LPG Tanker","(Guyana False)","UNKNOWN","","1999","6051","7875","In Service/Commission","BENOIL SHIPPING INC","MARITIME PLAZA SHIP MGMT OPC","MARITIME PLAZA SHIP MGMT OPC","Lloyd's Register (IACS)","","51","","","AQUA SPIRIT (since 01/03/2025) | Serenity Gas (since 01/03/2022) | Happy Bird (since 01/09/2002)","Guyana False (since 01/01/2026) | Panama (since 01/03/2022) | Isle of Man (since 01/07/2002)","2","2","BENOIL SHIPPING INC (since 24/03/2025) | SERENITY GAS SHIPPING INC (since 07/03/2022)","","False","False","Iran"
"9258674","ENI","Oil Products Tanker","(Comoros FALSE)","UNKNOWN","","2003","27627","46349","In Service/Commission","RPTD SOLD UNDISCLOSED INTEREST","RPTD SOLD UNDISCLOSED INTEREST","UNKNOWN","Bureau Veritas (IACS)","","47","","","ENI (since 01/07/2024) | Demeter (since 01/07/2020) | Sea Faith (since 01/11/2011) | Ioannis P (since 01/11/2005) | Jag Prakash (since 01/02/2003)","Comoros FALSE (since 01/07/2024) | Panama (since 01/07/2020) | Marshall Islands (since 01/11/2005) | India (since 01/01/2003)","3","4","RPTD SOLD UNDISCLOSED INTEREST (since 10/10/2024) | BENJAMIN MARITIME SA (since 21/11/2011) | GREAT EASTERN SHIPPING CO LTD (since 01/01/2003)","","True","True","Iran"
"9251822","RIESCO","Crude Oil Tanker","(Zimbabwe False)","UNKNOWN","","2003","57567","106500","In Service/Commission","RPTD SOLD UNDISCLOSED INTEREST","RPTD SOLD UNDISCLOSED INTEREST","UNKNOWN","Registro Italiano Navale (IACS)","","47","","","RIESCO (since 01/12/2025) | Aquaris (since 01/08/2023) | Willowy (since 01/03/2020) | Afra Willow (since 01/02/2013) | British Willow (since 01/02/2003)","Zimbabwe False (since 01/04/2026) | Tonga False (since 01/12/2025) | Panama (since 01/08/2023) | Liberia (since 01/02/2013) | Isle of Man (since 01/02/2003)","4","4","RPTD SOLD UNDISCLOSED INTEREST (since 20/11/2025) | JUNIOR MARINE SA (since 23/03/2020)","","False","False","Iran"
"9417490","ARABIAN ENERGY","Chemical/Oil Products Tanker","(Curacao False)","UNKNOWN","","2008","6149","9285","In Service/Commission","RPTD SOLD UNDISCLOSED INTEREST","RPTD SOLD UNDISCLOSED INTEREST","UNKNOWN","Bureau Veritas (IACS)","","38","","","ARABIAN ENERGY (since 01/07/2022) | Prosper (since 01/09/2017) | Captain Gold (since 01/07/2016) | Ubt Fjord (since 01/05/2008)","Curacao False (since 01/01/2025) | Not Known (since 01/10/2024) | Panama (since 01/07/2022) | Singapore (since 01/09/2017) | Marshall Islands (since 01/02/2010) | Singapore (since 01/05/2008)","5","3","RPTD SOLD UNDISCLOSED INTEREST (since 08/08/2024) | GOLDEN VIEW MARITIME (since 07/09/2017)","","False","True","Iran"
"9174397","ARES","Crude Oil Tanker","(MALI FALSE)","UNKNOWN","","1999","158281","311168","In Service/Commission","ARES SHIPPING LTD","ARES SHIPPING LTD","UNKNOWN","Registro Italiano Navale (IACS)","","31","","","ARES (since 01/10/2024) | Lisa (since 01/06/2023) | Melissa Amy (since 01/04/2021) | Sino Macro (since 01/07/2018) | Winson No. 6 (since 01/06/2017) | Ds Commander (since 01/07/2012)","MALI FALSE (since 01/10/2025) | Not Known (since 01/08/2025) | Cook islands (since 01/04/2021) | Not Known (since 01/01/2021) | Panama (since 01/07/2018) | Liberia (since 01/06/2017) | Germany (since 01/06/2017) | Liberia (since 01/11/2014) | Germany (since 01/11/2014) | Bahamas (since 01/12/2001) | Germany (since 01/12/2001)","10","5","ARES SHIPPING LTD (since 06/11/2024) | HONG KONG AN TAI SHIPPING LTD (since 19/06/2023)","","False","False","Iran"
"9041643","ARGO MARIS","Asphalt/Bitumen Tanker","(Honduras)","UNKNOWN","","1991","685","1229","In Service/Commission","SOL ERIS SHIPPING INC","HESSONITE SHIP MANAGEMENT LLC","HESSONITE SHIP MANAGEMENT LLC","May 2026","","10","","","ARGO MARIS (since 01/03/2020) | Ace Bitumen 3 (since 01/08/2018) | Rdeim (since 01/06/2006) | Amanat (since 01/08/2005)","Honduras (since 01/03/2024) | Cameroon (since 01/03/2020) | Panama (since 01/08/2005) | Japan (since 01/01/2004)","3","3","SOL ERIS SHIPPING INC (since 31/03/2020) | RDEIM INC (since 01/06/2006)","","False","False","Iran"
"9464156","MARIVEX","Oil Products Tanker","(Madagascar False)","UNKNOWN","","2009","8610","12807","In Service/Commission","ARIHANT SHIPPING INC","ARIHANT SHIPPING INC","UNKNOWN","May 2026","","20","","","MARIVEX (since 01/02/2026) | Arihant (since 01/12/2019) | Atlantic Voyager (since 01/07/2017) | Fair Artemis (since 01/01/2009)","Madagascar False (since 01/02/2026) | Palau (Republic of) (since 01/12/2019) | Liberia (since 01/01/2009)","2","3","ARIHANT SHIPPING INC (during 12/2019)","","False","False","Iran"
"9248813","ARINA","Crude Oil Tanker","(Hong Kong, China)","VRWC6","","2003","81463","159438","In Service/Commission","VITAL TREND LTD","HIGO SHIPPING HK CO LTD","HIGO SHIPPING HK CO LTD","Nippon Kaiji Kyokai (IACS)","","35","","","ARINA (since 01/05/2024) | Talosa (since 01/06/2023) | Tjatse (since 01/10/2022) | Aksta (since 01/12/2021) | Zarby (since 01/03/2021) | Sama (since 01/04/2020) | SKS Saluda (since 01/04/2003)","Hong Kong, China (since 01/05/2024) | Not Known (since 01/02/2024) | Panama (since 01/01/2021) | Malta (since 01/04/2020) | Norway (NIS) (since 01/12/2008) | Marshall Islands (since 01/11/2003) | Germany (since 01/11/2003) | Norway (NIS) (since 01/04/2003)","7","6","VITAL TREND LTD (since 01/05/2024) | SAINT CLOUD LTD (since 28/06/2023) | LUCKY POINT TRADE LTD (since 10/10/2022) | LINGHANG LOGISTICS PTE LTD (since 06/04/2020) | SKS OBO & TANKERS AS (since 23/12/2008)","","False","False","Iran"
"9227443","ARLAN","Crude Oil Tanker","(Sierra leone)","9LS2017","","2002","84598","164262","In Service/Commission","LYSANDRAL WAYFINDER LTD","LYSANDRAL WAYFINDER LTD","BSTLS SHIPPING LLC","Rosjan Maritime Register of Shipping","","42","","","ARLAN (since 01/07/2024) | Innova (since 01/03/2021) | Searacer (during 2002)","Sierra leone (since 01/06/2025) | Not Known (since 01/05/2025) | Sierra leone (since 01/07/2024) | Vietnam (since 01/04/2021) | Gabon (since 01/02/2021) | Malta (since 01/01/2002)","5","2","LYSANDRAL WAYFINDER LTD (since 21/01/2026) | DEAMAR VOYAGE CORP (since 02/07/2024) | SAO VIET PETROL TRANSPORTATION (since 05/03/2021) | SEAFEATURES NAVIGATION SA (since 01/07/2007)","","False","False","Iran"
"9185528","GELOR","Crude Oil Tanker","(Cameroon)","TJM5229","","2000","81151","159959","In Service/Commission","ARVESSAN BRIDGE LTD","ARVESSAN BRIDGE LTD","NURLIS STORMCORE LLC","Rosjan Maritime Register of Shipping","","34","","","GELOR (since 01/08/2025) | Artara (since 01/12/2024) | Limo (since 01/07/2022) | Sland (since 01/10/2020) | Eagle (since 01/10/2020) | Kriti Island (since 01/12/2016) | Gener8 Spyridon (since 01/09/2015) | Genmar Spyridon (since 01/04/2003) | Crude Dio (during 2000)","Cameroon (since 01/10/2025) | Panama (since 01/12/2024) | Cameroon (since 01/10/2020) | Greece (since 01/12/2016) | Marshall Islands (since 01/04/2003)","4","8","ARVESSAN BRIDGE LTD (since 22/12/2025) | ZENITH LOCUS LTD (since 20/08/2025) | BRIZO SERVICES CORP (since 12/12/2024) | LOKK SHIPPING LTD (since 20/07/2022) | RPTD SOLD CAMEROON (since 20/10/2020) | EVERLY SHIPPING & TRADING SA (since 19/12/2016)","","False","False","Iran"
"9102241","SHELIF","Crude Oil Tanker","(Comoros FALSE)","UNKNOWN","","1996","163882","300361","In Service/Commission","RPTD SOLD UNDISCLOSED INTEREST","RPTD SOLD UNDISCLOSED INTEREST","UNKNOWN","May 2026","","13","","","SHELIF (since 01/06/2025) | Artemis Iii (since 01/06/2023) | Aglaia (since 01/11/2021) | Hapon (since 01/03/2020) | Gringo (since 01/02/2020)","Comoros FALSE (since 01/06/2025) | Sint Maarten False (since 01/02/2025) | Eswatini FALSE (since 01/11/2024) | Honduras (since 01/11/2021) | Panama (since 01/03/2020) | Comoros (since 01/02/2020) | Saudi Arabia (since 01/01/2017)","6","4","RPTD SOLD UNDISCLOSED INTEREST (since 15/05/2025) | SUMMIT ASSET HOLDING INC (since 01/06/2023)","","False","False","Iran"
"9622069","ASIA UNITY","Chemical/Oil Products Tanker","(Singapore)","9V9295","","2013","20662","29745","In Service/Commission","ASIA UNITY PTE LTD","ASIA UNITY PTE LTD","ORION SHIP MANAGEMENT PTE LTD","China Classification Society (IACS)","","37","","","ASIA UNITY (since 01/12/2023) | Oriental Rider (since 01/06/2023) | Vortex Pioneer (since 01/11/2022) | Able Sailor (since 01/05/2013)","Singapore (since 01/12/2023) | Hong Kong, China (since 01/05/2013)","1","3","ASIA UNITY PTE LTD (since 12/12/2023) | FULL STAR SHIPPING LTD (since 07/05/2013)","","False","False","Iran"
"9350422","ASTRA","LPG Tanker","(Mozambique False)","UNKNOWN","","2007","47194","54368","In Service/Commission","RPTD SOLD UNDISCLOSED INTEREST","RPTD SOLD UNDISCLOSED INTEREST","UNKNOWN","May 2026","","32","","","ASTRA (since 01/03/2025) | Tung (since 01/05/2024) | Ourea (since 01/10/2022) | BW Prince (since 01/11/2007)","Mozambique False (since 01/12/2025) | Guyana False (since 01/03/2025) | Comoros FALSE (since 01/01/2025) | Comoros (since 01/10/2024) | Not Known (since 01/05/2024) | Cook islands (since 01/01/2024) | Panama (since 01/10/2022) | Norway (NIS) (since 01/11/2007)","7","3","RPTD SOLD UNDISCLOSED INTEREST (since 07/02/2025) | OUREA LINES INC (since 19/10/2022) | BW VLGC PTE LTD (since 14/11/2017)","","True","True","Iran"
"9262754","ATILA","Crude Oil Tanker","(Cameroon)","TJM0033","","2003","159960","300667","In Service/Commission","GRAT SHIPPING CO LTD","GRAT SHIPPING CO LTD","MERIDIAN NAVI SHIPMANAGEMENT","Rosjan Maritime Register of Shipping","","16","","","ATILA (since 01/07/2022) | Hikari (since 01/03/2021) | Iwatesan (since 01/03/2003)","Cameroon (since 01/08/2021) | Panama (since 01/08/2021) | Djibouti (since 01/07/2021) | Panama (since 01/08/2015) | Japan (since 01/09/2010) | Panama (during 2003)","5","2","GRAT SHIPPING CO LTD (since 30/06/2022) | FAIR WIND SHIPPING NAVIGATION (since 28/08/2015) | MITSUI OSK LINES LTD (since 14/09/2010) | FAIR WIND SHIPPING NAVIGATION (since 27/03/2003)","","False","False","Iran"
"9233753","ATILA","Crude Oil Tanker","(Guyana False)","UNKNOWN","","2002","160904","309064","In Service/Commission","RPTD SOLD UNDISCLOSED INTEREST","RPTD SOLD UNDISCLOSED INTEREST","UNKNOWN","Bureau Veritas (IACS)","","29","","","ATILA (since 01/11/2024) | Atilan (since 01/04/2024) | Hecate (since 01/01/2021) | Eagle (since 01/08/2019) | Ridgebury Eagle (since 01/12/2017) | DHT Eagle (since 01/05/2011) | Front Eagle (during 2002) | Moseagle (during 2002)","Guyana False (since 01/11/2024) | Comoros FALSE (since 01/10/2024) | Not Known (since 01/04/2024) | Comoros (since 01/02/2024) | Cook islands (since 01/02/2024) | Panama (since 01/01/2021) | Marshall Islands (since 01/12/2017) | Hong Kong, China (since 01/09/2015) | Marshall Islands (since 01/05/2011) | Bahamas (since 01/01/2002) | Germany (since 01/01/2002)","10","7","RPTD SOLD UNDISCLOSED INTEREST (since 22/08/2024) | YINSON ACACIA LTD (since 19/08/2019)","","True","True","Iran"
"9218181","ATLANTIS MZ","Crude Oil Tanker","(Comoros FALSE)","UNKNOWN","","2000","41841","70514","In Service/Commission","RPTD SOLD UNDISCLOSED INTEREST","RPTD SOLD UNDISCLOSED INTEREST","UNKNOWN","Bureau Veritas (IACS)","","25","","","ATLANTIS MZ (since 01/12/2023) | Tomie (since 01/02/2021) | Caili Star (since 01/12/2019) | Speed Pioneer (since 01/01/2018) | Ocean Accord (during 2000)","Comoros FALSE (since 01/05/2025) | Comoros (since 01/05/2025) | Palau (Republic of) (since 01/11/2020) | Liberia (since 01/12/2019)","3","4","RPTD SOLD UNDISCLOSED INTEREST (since 20/06/2025) | ATLANTIS SHIPPING CO (since 01/01/2024) | LOURA SHIPMANAGEMENT CO LTD (since 30/11/2023) | HONGKONG GOOD RIVERS SHIPPING (since 06/11/2020) | FIK SA (during 2000)","","False","True","Iran"
"9274563","AURA","LPG Tanker","(Mozambique False)","UNKNOWN","","2003","45801","53395","In Service/Commission","RPTD SOLD UNDISCLOSED INTEREST","RPTD SOLD UNDISCLOSED INTEREST","UNKNOWN","May 2026","","43","","","AURA (since 01/07/2024) | Vela Gas (since 01/02/2021) | Crystal Marine (since 01/06/2003)","Mozambique False (since 01/12/2025) | Palau (Republic of) (since 01/11/2025) | Cook islands (since 01/01/2024) | Panama (since 01/02/2021) | Singapore (since 01/07/2003)","4","2","RPTD SOLD UNDISCLOSED INTEREST (since 15/04/2026) | AURA LINES INC (since 25/07/2024) | NERETVA LINES INC (during 02/2021) | KUMIAI NAVIGATION PTE LTD (since 30/06/2003)","","False","False","Iran"
"9262912","AUROURA","Oil Products Tanker","(Panama)","3E3982","","2004","28799","47999","In Service/Commission","AURORA SHIPOWNERS LTD","GOLDEN GATE SHIP MANAGEMENT","GOLDEN GATE SHIP MANAGEMENT","Bureau Veritas (IACS)","","38","","","AUROURA (since 01/08/2024) | Lady Serenity (since 01/02/2022) | Serenity (since 01/03/2021) | Undine (since 01/04/2013) | Houyoshi Express (since 01/03/2004)","Panama (since 01/02/2022) | Cameroon (since 01/03/2021) | Marshall Islands (since 01/04/2013) | Panama (since 01/03/2004)","3","4","AURORA SHIPOWNERS LTD (since 06/08/2024) | ROYAL CRESCENT MARINE LTD INC (since 01/04/2022) | PROTON MARINE LTD (since 03/04/2013) | HOUYOSHI OCEAN/KOMENAKA KAIUN (since 31/05/2006) | HOUYOSHI OCEAN (during 2004)","","False","False","Iran"
"9247986","AVA 10","Crude Oil Tanker","(Comoros)","D6A3908","","2003","56225","105674","In Service/Commission","BLUE TIDE MARINE INC","DEEP CURRENT SHIPPING LLC","DEEP CURRENT SHIPPING LLC","May 2026","","36","","","AVA 10 (since 01/04/2025) | Ervina (since 01/08/2024) | Crested (since 01/04/2022) | Amenity (since 01/06/2021) | Jacob (since 01/04/2021) | Pericles (since 01/09/2017) | Gener8 Pericles (since 01/06/2015) | Genmar Strength (since 01/05/2004) | Portel (since 01/02/2003)","Comoros (since 01/04/2025) | Liberia (since 01/08/2024) | Panama (since 01/06/2021) | Gabon (since 01/04/2021) | Liberia (since 01/02/2003)","4","8","BLUE TIDE MARINE INC (since 21/04/2025) | NALANI MARINE INC (since 05/08/2024) | JACOB MARINE INC (since 10/04/2021) | TALISMAN SHIPPING ENTERPRISES (since 11/09/2017)","","False","False","Iran"
"9365764","AMEN","Crude Oil Tanker","(Botswana False)","UNKNOWN","","2008","163330","319993","In Service/Commission","SUBAK PLANT LTD","SUBAK PLANT LTD","AMAYA SHIP MANAGEMENT LLP","February 2026","","23","","","AMEN (since 01/05/2025) | Ayden (since 01/01/2023) | Marley (since 01/10/2022) | Manah (since 01/09/2008)","Botswana False (since 01/10/2025) | Comoros FALSE (since 01/05/2025) | Comoros (since 01/04/2025) | San Marino (since 01/01/2025) | Not Known (since 01/10/2024) | Panama (since 01/10/2022) | Marshall Islands (since 01/03/2018) | Malta (since 01/09/2008)","7","3","SUBAK PLANT LTD (since 01/05/2025) | GREEN GARDEN TRADING LTD (since 05/01/2023) | MANAH MARITIME TRANSPORTATION (since 20/03/2018)","","True","False","Iran"
"9181649","AZURE VOYAGER","Crude Oil Tanker","(Aruba False)","UNKNOWN","","2000","157814","299325","In Service/Commission","LYRARI GROUP LTD","SETASEAN SHIP MANAGEMENT LTD","SETASEAN SHIP MANAGEMENT LTD","May 2026","","22","","","AZURE VOYAGER (since 01/04/2025) | Aurora Riley (since 01/02/2024) | Inherit (since 01/12/2020) | Lavails (since 01/12/2016) | BW Ulan (since 01/10/2006) | Ulan (since 01/03/2000)","Aruba False (since 01/07/2025) | Guyana False (since 01/04/2025) | Not Known (since 01/03/2025) | Panama (since 01/12/2020) | India (since 01/12/2016) | Panama (since 01/08/2012) | France (RIF) (since 01/10/2006) | Panama (since 01/03/2000)","7","5","LYRARI GROUP LTD (since 01/02/2024) | SEVEN ISLANDS SHIPPING LTD (since 29/12/2016)","","True","True","Iran"
"9256016","B LUMINOSA","Oil Products Tanker","(Not Known)","UNKNOWN","","2003","39085","68467","In Service/Commission","VISTA LUMINOSA SHIPPING CORP","HARBOUR SHIP MANAGEMENT LTD","HARBOUR SHIP MANAGEMENT LTD","May 2025","","45","","","B LUMINOSA (since 01/06/2021) | Maya (since 01/01/2003)","Not Known (since 01/11/2022) | Djibouti (since 01/06/2021) | Marshall Islands (since 01/06/2020) | Cyprus (since 01/05/2013) | Greece (since 01/01/2003)","4","1","VISTA LUMINOSA SHIPPING CORP (since 01/01/2022) | HARBOUR SHIP MANAGEMENT LTD (since 31/08/2021) | VISTA LUMINOSA SHIPPING CORP (since 19/05/2021) | FREEPORT DOMINION SA (since 07/12/2006)","","False","False","Iran"
"9235244","TAVARIS CASSEL","FSO, Oil","(Aruba False)","UNKNOWN","","2001","159016","305704","In Service/Commission","FORSAL CHARTERING CORP","FORSAL CHARTERING CORP","SORES MARINE LTD","Rosjan Maritime Register of Shipping","","29","","","TAVARIS CASSEL (since 01/09/2025) | Balu (since 01/01/2023) | New Global (since 01/11/2018) | Astro Chorus (since 01/04/2003) | Zeeland (since 01/09/2001)","Aruba False (since 01/09/2025) | Cameroon (since 01/01/2023) | Panama (since 01/04/2022) | Marshall Islands (since 01/11/2018) | Greece (since 01/04/2003) | Luxembourg (during 2001)","5","4","FORSAL CHARTERING CORP (since 05/01/2023) | KYNTHIA MARITIME LTD (since 12/05/2022) | LINK HARVEST ENTERPRISE LTD (since 19/11/2018) | CHORUS ENE (during 01/2004) | ROGUEDAS (since 21/09/2001)","","False","False","Iran"
"9080493","DARAN","Chemical/Oil Products Tanker","(Iran)","UNKNOWN","","1995","26218","46166","In Service/Commission","RPTD SOLD UNDISCLOSED INTEREST","RPTD SOLD UNDISCLOSED INTEREST","UNKNOWN","September 2025","","74","","","DARAN (since 01/06/2024) | Upman (since 01/04/2019) | Hakki (since 01/05/2017) | Kader (since 01/05/2017) | Champion Trust (since 01/06/2010)","Iran (since 01/06/2024) | Guyana False (since 01/04/2024) | Not Known (since 01/07/2019) | Togo (since 01/04/2019) | Sierra leone (since 01/05/2017) | Norway (NIS) (since 01/06/2010) | Rosja (since 01/09/2007)","6","4","RPTD SOLD UNDISCLOSED INTEREST (since 19/06/2024) | PEARL SHIPPING & TRADING LTD (since 30/05/2017) | TRUST AS (since 23/12/2010) | CHAMPION SHIPPING AS (since 03/06/2010) | SCF NOVOSHIP JSC (since 03/09/2007)","","False","True","Iran"
"9295282","BEGONIA 1","Chemical/Oil Products Tanker","(Hong Kong, China)","VRWK7","","2006","29646","45958","In Service/Commission","BEGONIA SHIPPING LTD-HKG","BEGONIA SHIPPING LTD-HKG","BEGONIA SHIPPING LTD-HKG","DNV (IACS)","","36","","","BEGONIA 1 (since 01/09/2024) | NCC Abha (since 01/06/2006)","Hong Kong, China (since 01/09/2024) | Saudi Arabia (since 01/09/2008) | Panama (since 01/06/2006)","2","1","BEGONIA SHIPPING LTD-HKG (since 16/09/2024) | NATIONAL CHEMICAL CARRIERS CO (since 07/06/2006)","","False","False","Iran"
"9230880","MARINERA","Crude Oil Tanker","(Not Known)","UNKNOWN","","2002","161233","318518","In Service/Commission","BUREVESTMARIN LLC","BUREVESTMARIN LLC","UNKNOWN","Lloyd's Register (IACS)","","22","","","MARINERA (since 01/12/2025) | Bella 1 (since 01/11/2023) | Timimus (since 01/12/2022) | Neofit (since 01/01/2022) | Yannis (since 01/04/2021) | Xiao Zhu Shan (since 01/12/2020) | Seaways Mulan (since 01/03/2017) | Overseas Mulan (since 01/04/2002)","Not Known (since 01/01/2026) | Rosja (since 01/12/2025) | Guyana False (since 01/11/2024) | Panama (since 01/12/2022) | Palau (Republic of) (since 01/01/2022) | Liberia (since 01/12/2020) | Marshall Islands (since 01/04/2002)","6","7","BUREVESTMARIN LLC (since 23/12/2025) | LOUIS MARINE SHIPHOLDING ENT (since 06/11/2023) | NEOFIT SHIPPING LTD (since 27/01/2022) | 1372 TANKER CORP (since 03/04/2002)","","True","True","Iran"
"9289491","BELMA","Crude Oil Tanker","(Curacao False)","UNKNOWN","","2005","161387","299988","In Service/Commission","VILLETA SERVICES INC","MAX MARITIME SOLUTIONS FZE","MAX MARITIME SOLUTIONS FZE","May 2026","","25","","","BELMA (since 01/12/2024) | Bendigo (since 01/05/2024) | Leonor (since 01/02/2023) | Maran Aquarius (since 01/06/2019) | Aquarius Voyager (since 01/09/2005)","Curacao False (since 01/12/2024) | Barbados (since 01/08/2024) | Cook islands (since 01/05/2024) | Panama (since 01/01/2023) | Greece (since 01/06/2019) | Bahamas (since 01/09/2005)","5","4","VILLETA SERVICES INC (since 24/05/2024) | LEONOR BAWA INC (since 02/02/2023) | LIGHTSTREAM MARINE (since 15/09/2005)","","True","True","Iran"
"9262168","BERG 1","Crude Oil Tanker","(Eswatini FALSE)","UNKNOWN","","2004","159929","299984","In Service/Commission","STRONG ROOTS PROVIDER NV","STRONG ROOTS PROVIDER NV","EVEROON SHIP SERVICES OPC PVT","May 2026","","30","","","BERG 1 (since 01/04/2021) | Folegandros I (since 01/11/2017) | Fujikawa (since 01/04/2004)","Eswatini FALSE (since 01/07/2024) | Not Known (since 01/04/2024) | Panama (since 01/04/2021) | Liberia (since 01/11/2017) | Panama (since 01/04/2004)","4","2","STRONG ROOTS PROVIDER NV (since 01/04/2021)","","True","True","Iran"
"9295593","BESTLA","Crude Oil Tanker","(Not Known)","UNKNOWN","","2004","159903","306206","In Service/Commission","RPTD SOLD UNDISCLOSED INTEREST","RPTD SOLD UNDISCLOSED INTEREST","UNKNOWN","Registro Italiano Navale (IACS)","","13","","","BESTLA (since 01/04/2024) | Shalimar (since 01/08/2023) | Freesia (since 01/05/2023) | Princess Mary (since 01/06/2018) | Takamine (since 01/06/2004)","Not Known (since 01/04/2025) | Panama (since 01/08/2023) | Liberia (since 01/06/2018) | Japan (since 01/11/2011) | Panama (during 2004)","4","4","RPTD SOLD UNDISCLOSED INTEREST (since 15/04/2025) | PACIFIC STAR MANAGEMENT LTD (since 19/08/2023) | NYK LINE (during 11/2011)","","True","False","Iran"
"9340465","MULAN","Chemical/Oil Products Tanker","(Barbados)","8P2562","","2006","11587","19966","In Service/Commission","PRIME LINE SHIPPING LTD","LANTERN SHIPPING LLC","PREMIER SHIPPING FZE","Nippon Kaiji Kyokai (IACS)","","37","","","MULAN (since 01/09/2025) | Bia (since 01/07/2022) | Fsl London (since 01/03/2012) | Pujawati (since 01/09/2006)","Barbados (since 01/09/2025) | Cook islands (since 01/05/2024) | Panama (since 01/07/2022) | Singapore (since 01/09/2006)","3","3","PRIME LINE SHIPPING LTD (since 15/09/2025) | BEAS LINES INC (since 01/07/2022) | FSL-10 PTE LTD (since 28/09/2006)","","False","False","Iran"
"9196632","BIANCA JOYSEL","Crude Oil Tanker","(Not Known)","UNKNOWN","","2002","159383","298561","In Service/Commission","BETENSH GLOBAL INVESTMENT LTD","BETENSH GLOBAL INVESTMENT LTD","OCEAN SEAL SHIP MANAGEMENT LTD","May 2026","","26","","","BIANCA JOYSEL (since 01/10/2023) | Onrense (since 01/11/2021) | Nitidez (since 01/07/2021) | Seaways Tanabe (since 01/06/2017) | Overseas Tanabe (since 01/11/2006) | Tanabe (since 01/02/2002)","Not Known (since 01/07/2025) | Panama (since 01/12/2021) | Marshall Islands (since 01/10/2005) | Bahamas (since 01/05/2002) | Panama (during 2001)","4","5","BETENSH GLOBAL INVESTMENT LTD (since 01/03/2025) | BETENSH GLOBAL/DONG DONG SHPG (since 03/06/2024) | BETENSH GLOBAL INVESTMENT LTD (since 31/10/2023) | ONDULADO GROUP LTD (since 01/11/2021) | LONGEVO GROUP LTD (since 09/07/2021) | TOKYO TRANSPORT CORP (since 28/02/2002)","","False","False","Iran"
"9263215","BIG MAG","Crude Oil Tanker","(Not Known)","UNKNOWN","","2002","159730","298833","In Service/Commission","PROPITIOUS FOREVER TRADING","PROPITIOUS FOREVER TRADING","UNKNOWN","Overseas Marine Certification Services","","27","","","BIG MAG (since 01/10/2024) | Win Win (since 01/02/2023) | Lila Zhuhai (since 01/01/2023) | Cosgreat Lake (since 01/12/2002)","Not Known (since 01/05/2025) | Panama (since 01/02/2023) | Liberia (since 01/01/2023) | Panama (since 01/12/2002)","3","3","PROPITIOUS FOREVER TRADING (since 30/10/2024) | GLORIOUS AFFLUENCE INTL CO LTD (since 13/02/2023) | VIRGO SHIPPING & TRADING LLC (since 31/01/2023) | COSGREAT LAKE MARITIME INC (since 01/09/2005)","","False","False","Iran"
"9285756","BILI","Chemical/Oil Products Tanker","(Not Known)","UNKNOWN","","2004","29335","46803","In Service/Commission","WISDOM SHIPPING TRADING SA","LIGHTSHIP MANAGEMENT LTD","UNKNOWN","Bureau Veritas (IACS)","","39","","","BILI (since 01/02/2025) | Black Panther (since 01/12/2019) | Liberty (since 01/02/2017) | British Liberty (since 01/11/2004)","Not Known (since 01/11/2025) | Gambia (since 01/02/2025) | Panama False (since 01/01/2025) | Not Known (since 01/01/2025) | Not Known (since 01/12/2024) | Panama (since 01/12/2019) | Isle of Man (since 01/11/2004)","6","3","WISDOM SHIPPING TRADING SA (since 11/02/2025) | ELITOLI TRADING CO LTD (since 28/11/2019) | BRITISH LIBERTY CO LTD (during 03/2014)","","False","False","Iran"
"9284582","PANDA","Crude Oil Tanker","(Guyana False)","UNKNOWN","","2004","58194","105194","In Service/Commission","SAO VIET PETROL TRANSPORTATION","SAO VIET PETROL TRANSPORTATION","SAO VIET PETROL TRANSPORTATION","April 2026","","11","","","PANDA (since 01/10/2021) | Bunga Kelana 7 (during 2002)","Guyana False (since 01/04/2025) | Vietnam (since 01/12/2021) | Malaysia (since 01/01/2004)","2","1","SAO VIET PETROL TRANSPORTATION (since 25/10/2021) | AET PETROLEUM TANKER M (since 16/12/2005) | MISC BHD (since 01/01/2002)","","True","True","Iran"
"9251810","BLUEBELL","Crude Oil Tanker","(Equatorial Guinea)","3CAN19","","2002","57567","106500","In Service/Commission","SIMONA MARINE SERVICES LTD","SIMONA MARINE SERVICES LTD","CORALINE SHIP MANAGEMENT","Rosjan Maritime Register of Shipping","","36","","","BLUEBELL (since 01/11/2025) | Cross Ocean (since 01/06/2023) | Afra Laurel (since 01/01/2013) | British Laurel (since 01/11/2002)","Equatorial Guinea (since 01/03/2026) | Mozambique False (since 01/11/2025) | Not Known (since 01/02/2025) | Panama (since 01/06/2023) | Liberia (since 01/01/2013) | Isle of Man (since 01/11/2002)","5","3","SIMONA MARINE SERVICES LTD (since 11/11/2025) | CELESTIAL BLISS INVESTMENTS (since 16/06/2023) | AVEGA SHIPPING CO SA (since 09/01/2013)","","False","True","Iran"
"9267132","BOCEANICA","Oil Products Tanker","(Not Known)","UNKNOWN","","2004","42058","71864","Broken Up","VISTA OCEANICA SHIPPING CORP","HARBOUR SHIP MANAGEMENT LTD","HARBOUR SHIP MANAGEMENT LTD","November 2025","","16","","","BOCEANICA (since 01/05/2021) | Fotini Lady (since 01/02/2004)","Not Known (since 01/11/2022) | Djibouti (since 01/07/2022) | Palau (Republic of) (since 01/05/2021) | Liberia (since 01/02/2004)","3","1","VISTA OCEANICA SHIPPING CORP (since 10/07/2022) | CONCORD TANKERS INC (since 12/08/2021) | VISTA OCEANICA SHIPPING CORP (since 09/06/2021) | CONCORD TANKERS INC (since 25/05/2004)","","False","False","Iran"
"9144782","BODHI","Crude Oil Tanker","(Cameroon)","TJM0106","","1997","56127","106547","Broken Up","ERST GROUP LTD","ERST GROUP LTD","VIRTUE NAVIS SHIPMANAGEMENT","January 2026","","29","","","BODHI (since 01/12/2023) | Robon (since 01/12/2023) | Turba (since 01/07/2022) | Pelican (since 01/12/2020) | Mera Q (since 01/10/2020) | Omera Queen (since 01/03/2011)","Cameroon (since 01/03/2023) | Cameroon (since 01/10/2020) | Bangladesh (since 01/09/2011) | Panama (since 01/03/2011)","3","5","CRYSTAL CREST CORP (since 12/12/2023) | ERST GROUP LTD (since 12/12/2023) | MJL BANGLADESH PLC (since 21/03/2011)","","False","False","Iran"
"9220914","BENTLEY","Chemical/Oil Products Tanker","(Malawi False)","UNKNOWN","","2001","25063","42721","In Service/Commission","EVY BLUE LTD","IRIS STAR SHIP MANAGEMENT","IRIS STAR SHIP MANAGEMENT","Registro Italiano Navale (IACS)","","24","","","BENTLEY (since 01/10/2025) | Bonetta (since 01/11/2024) | Brandly (since 01/09/2024) | Birdhum (since 01/12/2020) | Valle Di Aragona (during 2001)","Malawi False (since 01/05/2026) | Cook islands (since 01/09/2024) | Palau (Republic of) (since 01/12/2020) | Italy (since 01/04/2001) | Panama (during 2001)","4","4","EVY BLUE LTD (since 21/10/2025) | MONALA INC (since 28/11/2024) | MERGEN INC (since 06/09/2024) | NAVIGAZIONE MONTANARI SPA (during 2001)","","False","False","Iran"
"9259355","BREEZE V","Crude Oil Tanker","(Comoros)","D6A4376","","2003","160079","301013","In Service/Commission","NEVADA SPIRIT CO LTD","NEVADA SPIRIT CO LTD","KNOOEL ENTERPRISE LTD","Korean Register (IACS)","","19","","","BREEZE V (since 01/04/2021) | Eneos Breeze (since 01/09/2003)","Comoros (since 01/03/2026) | Barbados (since 01/07/2024) | Panama (during 2003)","2","1","NEVADA SPIRIT CO LTD (since 10/07/2024) | SVAROG LTD (since 09/04/2021) | LIBERIAN JERBOA TRANSPORTS INC (during 2003)","","False","False","Iran"
"9171503","BRIGHT GOLD","Oil Products Tanker","(Panama)","3EEC9","","1999","29289","44999","In Service/Commission","GS CHEMICAL TRANSPORTATION LTD","DAOYING INTERNATIONAL SHIP","DAOYING INTERNATIONAL SHIP","Overseas Marine Certification Services","","65","","","BRIGHT GOLD (since 01/02/2022) | Immortal Gold (since 01/11/2019) | Ocean Topaz (since 01/03/2016) | Carla Maersk (since 01/02/2011) | Maersk Carla (since 01/08/2010) | Bro Promotion (since 01/03/2006)","Panama (since 01/03/2016) | Denmark (DIS) (since 01/02/2011) | Sweden (since 01/03/2006)","2","5","GS CHEMICAL TRANSPORTATION LTD (since 09/11/2021) | EVER KEY LTD (since 15/03/2016) | SYNERGY DENMARK A/S (since 06/11/2012)","","False","False","Iran"
"9282443","BUENO","Oil Products Tanker","(Not Known)","UNKNOWN","","2005","42058","71818","Broken Up","VISTA DE PLATA SHIPPING CORP","HARBOUR SHIP MANAGEMENT LTD","HARBOUR SHIP MANAGEMENT LTD","December 2025","","23","","","BUENO (since 01/04/2021) | Analipsi Lady (since 01/02/2005)","Not Known (since 01/11/2022) | Djibouti (since 01/04/2021) | Liberia (since 01/02/2005)","2","1","VISTA DE PLATA SHIPPING CORP (since 01/01/2022) | HARBOUR SHIP MANAGEMENT LTD (since 31/07/2021) | VISTA DE PLATA SHIPPING CORP (since 09/04/2021) | PISA SHIPHOLDING CORP (since 28/02/2005)","","False","False","Iran"
"9252436","CALLISTO","Chemical/Oil Products Tanker","(Hong Kong, China)","VRTT6","","2003","27512","47136","In Service/Commission","CALLISTO CO LTD","CALLISTO CO LTD","BRILLIANT OCEAN MANAGEMENT LTD","Bureau Veritas (IACS)","","48","","","CALLISTO (since 01/02/2024) | Starry (since 01/07/2023) | Lady Ella (since 01/12/2020) | Hispanica (since 01/06/2003) | Stena Conquest (since 01/06/2003)","Hong Kong, China (since 01/12/2020) | Bermuda (since 01/03/2008) | Italy (since 01/06/2003)","2","4","CALLISTO CO LTD (since 26/02/2024) | THOUSAND SUNNY LTD (since 09/12/2020) | STENA GENTIAN LTD (since 28/02/2008) | STENA BULK AB (since 25/02/2008) | GESTIONI ARMATORIALI SRL (since 01/06/2003)","","False","False","Iran"
"9070072","CAMELIA","LPG Tanker","(Guyana False)","UNKNOWN","","1995","5821","5632","In Service/Commission","CORAL SHIPPING LINE INC","ALYA MARINE SDN BHD","ALYA MARINE SDN BHD","May 2026","","33","","","CAMELIA (since 01/11/2024) | Carol (since 01/11/2020) | Coral (since 01/01/2020) | Coral Pavona (since 01/07/2000)","Guyana False (since 01/10/2024) | St.Kitts and Nevis (since 01/01/2020) | Liberia (during 2007) | Netherlands (since 01/03/2005)","3","3","CORAL SHIPPING LINE INC (since 24/01/2020) | CORAL PAVONA SHIPPING BV (before 09/2010)","","False","True","Iran"
"9299680","CANGJIE","Crude Oil Tanker","(India)","ATCK2","","2005","57310","109841","In Service/Commission","OZEEVO SHIPPING IFSC PVT LTD","NAVY LINE SHIP MANAGEMENT PVT","NAVY LINE SHIP MANAGEMENT PVT","May 2026","","37","","","CANGJIE (since 01/04/2022) | NS Challenger (since 01/01/2005)","India (since 01/01/2025) | Cook islands (since 01/02/2024) | Liberia (since 01/01/2005)","2","1","OZEEVO SHIPPING IFSC PVT LTD (since 09/01/2025) | NITARA CARRIERS LTD (since 07/01/2005)","","False","False","Iran"
"9258882","VELLAMO","Crude Oil Tanker","(Sierra leone)","9LS1997","","2003","63661","114809","In Service/Commission","ZELTURION TRADEBRIDGE CO LTD","ZELTURION TRADEBRIDGE CO LTD","NAUTEXA STRATUM LLC","Rosjan Maritime Register of Shipping","","47","","","VELLAMO (since 01/04/2026) | Carcharodon (since 01/03/2025) | Mila (since 01/02/2025) | Legend (since 01/05/2021) | Star Osprey (since 01/09/2017) | British Osprey (since 01/12/2003)","Sierra leone (since 01/04/2026) | Cameroon (since 01/12/2025) | Not Known (since 01/11/2025) | Gambia (since 01/06/2025) | Sint Maarten False (since 01/05/2025) | Palau (Republic of) (since 01/03/2025) | Vietnam (since 01/05/2021) | Marshall Islands (since 01/09/2017) | Isle of Man (since 01/12/2003)","8","5","ZELTURION TRADEBRIDGE CO LTD (since 17/04/2026) | SLT PRO FZCO (since 12/03/2025) | OVTRANS PETROL TRANSPORT (since 21/02/2025) | VENUS GAS CO LTD (since 01/11/2023) | THANG LONG GAS CO LTD (since 03/06/2021) | CAPRICORN SHIPPING CORP (before 01/2014)","","False","False","Iran"
"9410234","CARINA I","Crude Oil Tanker","(Tanzania)","5IM275","","2009","160502","318325","In Service/Commission","JOURNEY MARITIME INC","JOURNEY MARITIME INC","UNKNOWN","Bureau Veritas (IACS)","","17","","","CARINA I (since 01/07/2024) | Afrodita I (since 01/06/2022) | Leonidas (since 01/10/2009)","Tanzania (since 01/01/2026) | Not Known (since 01/10/2025) | Barbados (since 01/02/2025) | Not Known (since 01/12/2024) | Liberia (since 01/07/2024) | Not Known (since 01/04/2024) | Panama (since 01/06/2022) | Greece (since 01/10/2009)","7","2","JOURNEY MARITIME INC (since 11/07/2024) | AQUA PRIME INC (since 03/06/2022) | NAUTICA MARINE LTD (since 11/11/2015) | NAUTICA MARINE LTD (since 23/10/2009)","","False","False","Iran"
"9137648","CARUZO","Crude Oil Tanker","(Sierra leone)","9LS2106","","1998","81148","146645","In Service/Commission","FIRST LIGHT MARINE CORP","FIRST LIGHT MARINE CORP","MARS MARINE SOLUTIONS FZE","Rosjan Maritime Register of Shipping","","36","","","CARUZO (since 01/08/2023) | Osprey (since 01/02/2021) | Rimson (since 01/01/2021) | Crimson (since 01/11/2015)","Sierra leone (since 01/01/2025) | Cook islands (since 01/04/2024) | Palau (Republic of) (since 01/08/2023) | Cameroon (since 01/02/2021) | India (since 01/11/2015)","4","3","FIRST LIGHT MARINE CORP (since 11/08/2023) | SEVEN ISLANDS SHIPPING LTD (since 30/11/2015) | CMB.TECH NV (since 18/08/2005)","","False","False","Iran"
"9310159","CATALINA 7","Crude Oil Tanker","(Not Known)","UNKNOWN","","2007","161768","298923","In Service/Commission","CANES VENATICI LTD","CANES VENATICI LTD","RUNNE CO LTD","Bureau Veritas (IACS)","","17","","","CATALINA 7 (since 01/05/2022) | DHT Hawk (since 01/02/2014) | Gulf Sheba (since 01/07/2007)","Not Known (since 01/03/2025) | Panama (since 01/11/2022) | Liberia (since 01/11/2022) | Panama (since 01/05/2022) | Liberia (since 01/05/2022) | Hong Kong, China (since 01/07/2007)","5","2","CANES VENATICI LTD (since 16/11/2022) | ANVIK MARITIME INC (since 19/05/2022) | DHT HAWK INC (since 27/05/2016)","","True","False","Iran"
"9005493","CAYKA","LPG Tanker","(Tanzania)","5IM643","","1992","3703","4442","In Service/Commission","RPTD SOLD UNDISCLOSED INTEREST","RPTD SOLD UNDISCLOSED INTEREST","UNKNOWN","May 2026","","49","","","CAYKA (since 01/11/2024) | Marina (since 01/06/2021) | Gemgaz (since 01/12/2020)","Tanzania (since 01/04/2024) | Togo (since 01/06/2021) | Mongolia (since 01/06/2017) | Germany (since 01/05/2017) | Antigua and Barbuda (since 01/07/2001) | Germany (since 01/07/2001)","5","2","RPTD SOLD UNDISCLOSED INTEREST (since 07/02/2025) | MINA SHIPHOLDING CORP (since 21/06/2021) | SOZGAS LPG DAGITIM DEPOLAMA (since 30/05/2017)","","False","False","Iran"
"9276585","YFABULOUS","Crude Oil Tanker","(Malawi False)","UNKNOWN","","2004","58156","103560","In Service/Commission","YOUNG FOLKS INTL TRADING","YOUNG FOLKS INTL TRADING","AURORA NOVA SHIPPING LTD","November 2025","","35","","","YFABULOUS (since 01/07/2025) | Ch Billion (since 01/05/2024) | Minerva Roxanne (since 01/06/2004)","Malawi False (since 01/07/2025) | Not Known (since 01/02/2025) | Panama (since 01/05/2024) | Liberia (since 01/09/2022) | Greece (during 2004)","4","2","YOUNG FOLKS INTL TRADING (since 23/05/2024) | ROXANNE SHIPOWNING SA (since 22/09/2022) | UNION SERVICES SA (during 2004) | ROXANNE ENE (during 2004)","","True","False","Iran"
"9212400","ELPIS","Chemical/Oil Products Tanker","(Comoros FALSE)","UNKNOWN","","2000","23820","35775","In Service/Commission","CHARTCHEMICAL SA","IMS LTD","ONTARIO MARITIME SERVICES SA","Bureau Veritas (IACS)","","45","","","ELPIS (since 01/05/2025) | Chamtang (since 01/12/2012) | Nordamerika (during 2000)","Comoros FALSE (since 01/05/2025) | Not Known (since 01/03/2025) | Panama (since 01/12/2012) | Marshall Islands (since 01/06/2004) | Germany (since 01/06/2004)","4","2","CHARTCHEMICAL SA (since 01/09/2016) | SYNERGY MARINE COPENHAGEN AS (since 14/08/2000)","","False","False","Iran"
"9633501","CHELSEA PROVIDENCE","Chemical/Oil Products Tanker","(Philippines)","DUE4120","","2013","29877","51604","In Service/Commission","CHELSEA SHIPPING CORP","CHELSEA SHIPPING CORP","CHELSEA SHIP MGMT & MARINE","Bureau Veritas (IACS)","","21","","","CHELSEA PROVIDENCE (since 01/06/2018) | Aristotelis (since 01/11/2013) | Aristarchos (since 01/03/2013)","Philippines (since 01/06/2018) | Liberia (since 01/11/2013) | Bahamas (since 01/03/2013)","2","2","CHELSEA SHIPPING CORP (during 01/2019) | RPTD SOLD PHILIPPINES (during 06/2018) | AENAOS PRODUCT CARRIER SA (since 29/11/2013)","","False","False","Iran"
"9240914","CHEM","Chemical/Oil Products Tanker","(Cook Islands False)","UNKNOWN","","2000","5998","10280","In Service/Commission","ANJANEYA SHIPPING INC","ANJANEYA SHIPPING INC","UNKNOWN","Indian Register of Shipping (IACS)","","28","","","CHEM (since 01/01/2022) | Mt Tulip (since 01/06/2014) | Bon Vent (since 01/04/2011) | Oriental Tulip (during 2000)","Cook Islands False (since 01/05/2024) | Cook islands (since 01/01/2022) | India (since 01/01/2015) | Mongolia (since 01/06/2014) | India (since 01/04/2011) | Panama (since 01/12/2000)","5","3","ANJANEYA SHIPPING INC (since 10/06/2023) | SINGMALLOYD MARINE S PTE LTD (since 26/06/2014) | TULIP TRANSPORTE SA (since 01/01/2000)","","True","False","Iran"
"9171498","CHILTERN","Chemical/Oil Products Tanker","(Nicaragua False)","UNKNOWN","","1999","29289","44999","In Service/Commission","CHIL 1 SHIPPING LINES INC","GLORY INTERNATIONAL FZ-LLC","GLORY INTERNATIONAL FZ-LLC","April 2026","","44","","","CHILTERN (since 01/01/2026) | Al Jafzia (since 01/06/2025) | Chil 1 (since 01/09/2024) | Chiltern (since 01/05/2023) | Splendour Chiltern (since 01/06/2019) | Chiltern (since 01/11/2015) | Camilla Maersk (since 01/11/2010) | Bro Premium (since 01/02/2006)","Nicaragua False (since 01/02/2026) | Guyana False (since 01/01/2026) | Aruba False (since 01/06/2025) | Gambia (since 01/09/2024) | Eswatini FALSE (since 01/06/2024) | Not Known (since 01/04/2024) | Panama (since 01/06/2019) | Marshall Islands (since 01/11/2015) | Denmark (DIS) (since 01/11/2010) | Sweden (since 01/02/2006)","9","7","CHIL 1 SHIPPING LINES INC (since 28/08/2024) | GREAT EASTERN INVESTMENT INC (since 09/05/2023) | SPLENDOUR MARINE SERVICES INC (since 12/06/2019) | UML CHILTERN LTD (since 03/11/2015) | SYNERGY DENMARK A/S (since 06/11/2012) | MOLLER-MAERSK A/S (since 23/11/2010)","","True","False","Iran"
"9242481","MIRAAN","Oil Products Tanker","(Sint Maarten False)","UNKNOWN","","2002","23235","37296","In Service/Commission","MIHIR SHIPPING INC","MIHIR SHIPPING INC","ANTARES SHIP MANAGEMENT","May 2026","","29","","","MIRAAN (since 01/01/2026) | Chintamani (since 01/12/2022) | Jayanti (since 01/03/2022) | Rishabh (since 01/11/2020) | Ocean Victory (since 01/07/2007) | British Endurance (since 01/09/2002)","Sint Maarten False (since 01/05/2026) | Comoros (since 01/01/2026) | Cook islands (since 01/05/2024) | Gabon (since 01/03/2022) | Palau (Republic of) (since 01/11/2020) | Not Known (since 01/11/2020) | Singapore (since 01/07/2007) | United Kingdom (since 01/10/2002) | Marshall Islands (during 2002)","8","5","MIHIR SHIPPING INC (since 22/01/2026) | SHARDA SHIPPING INC (since 20/12/2022) | RAJTILAK SHIPPING INC (since 03/03/2022) | XIN SHENG SHIPPING PTE LTD (since 26/07/2007) | UNKNOWN (during 2002)","","False","False","Iran"
"9221657","BLUEFINS","Oil Products Tanker","(Tonga False)","UNKNOWN","","2001","39085","68467","Broken Up","BLUEFINS SHIPPING CORP","HARBOUR SHIP MANAGEMENT LTD","HARBOUR SHIP MANAGEMENT LTD","March 2025","","40","","","BLUEFINS (since 01/04/2021) | El Junior Pnt (since 01/06/2014) | Riga (since 01/10/2001) | Aztec (since 01/03/2001)","Tonga False (since 01/12/2024) | Tanzania (since 01/03/2023) | Not Known (since 01/11/2022) | Djibouti (since 01/04/2021) | Marshall Islands (since 01/04/2004) | Latvia (since 01/04/2004) | Malta (since 01/10/2001) | Greece (during 2001)","7","3","BLUEFINS SHIPPING CORP (since 01/01/2022) | HARBOUR SHIP MANAGEMENT LTD (since 31/07/2021) | BLUEFINS SHIPPING CORP (since 15/04/2021) | LYNNE NAVIGATION CORP (since 11/06/2014)","","False","False","Iran"
"9183300","ENZO","Crude Oil Tanker","(Not Known)","UNKNOWN","","1999","57066","105477","Broken Up","ENZO SHIPPING INC","ENZO SHIPPING INC","AGILITAS SHIPPING LTD","January 2025","","34","","","ENZO (since 01/09/2024) | Hestia (since 01/07/2020) | Seadance (since 01/01/2008)","Not Known (since 01/10/2024) | Comoros (since 01/02/2024) | Panama (since 01/07/2022) | Vanuatu (since 01/06/2020) | Malta (since 01/01/2008)","4","2","ENZO SHIPPING INC (since 01/09/2024) | KAZBEG SHIPPING INC (since 16/06/2020) | CHALET SHIPPING LTD (since 18/01/2008)","","False","False","Iran"
"9183271","ION","Crude Oil Tanker","(St.Kitts and Nevis)","UNKNOWN","","2000","80086","153071","Broken Up","SHORE SHIPPING INC","SHORE SHIPPING INC","UNKNOWN","November 2024","","2","","","ION (since 01/08/2024) | Iona (since 01/06/2022) | Calypso (since 01/05/2021) | Ataul (since 01/02/2021) | Ataulfo Alves (since 01/01/2001) | Front Archer (since 01/03/2000) | Mega Eagle (since 01/02/2000)","St.Kitts and Nevis (since 01/08/2024) | Cameroon (since 01/02/2021) | Bahamas (since 01/03/2012) | Liberia (since 01/07/2001) | Norway (NIS) (since 01/02/2000)","4","6","SHORE SHIPPING INC (since 18/08/2024) | SORNI SHIPPING CO LTD (since 30/06/2022) | TRANSPETRO INTERNATIONAL BV (since 08/03/2012)","","False","False","Iran"
"9188788","JAL GAMINI","Crude Oil Tanker","(Tanzania)","5IM289","","2000","81565","157449","Broken Up","","BRIJ MARITIME PVT LTD","UNKNOWN","May 2024","","48","","","JAL GAMINI (since 01/10/2023) | Putri Samudra (since 01/02/2023) | Kanha Pride (since 01/04/2022) | Taco (since 01/12/2021) | Jacob (since 01/12/2019) | Max Jacob (since 01/12/2001) | Soyang (during 2000)","Tanzania (since 01/11/2023) | Togo (since 01/10/2023) | Palau (Republic of) (since 01/02/2023) | Cameroon (since 01/04/2022) | St.Kitts and Nevis (since 01/12/2021) | Panama (since 01/12/2019) | Germany (since 01/12/2019) | Liberia (since 01/09/2009) | Germany (since 01/05/2005) | Liberia (since 01/12/2001) | Germany (since 01/12/2001)","10","6","STRATEGIC ALLIANCE LTD (since 10/02/2023) | RETA LINK PTE LTD (since 13/12/2019) | OSTE SCHIFFAHRTS (since 01/05/2005) | OSTE SCHIFFAHRTS (since 13/12/2001)","","False","False","Iran"
"9160530","RIALTO","Chemical/Oil Products Tanker","(Comoros)","D6A3735","","1998","27526","47358","Broken Up","","","BREEZE MARINE SERVICES LTD","April 2025","","48","","","RIALTO (since 01/02/2023) | Kairo 1 (since 01/08/2020) | Kairo 1 (since 01/02/2020) | Kairos 3 (since 01/02/2020) | Kairos (since 01/02/2018) | Zolotoj Most (since 01/06/2014)","Comoros (since 01/12/2024) | Cameroon (since 01/02/2023) | Not Known (since 01/12/2022) | St.Kitts and Nevis (since 01/08/2020) | Not Known (since 01/04/2020) | Panama (since 01/02/2020) | St.Kitts and Nevis (since 01/02/2020) | Rosja (since 01/06/2014)","7","5","NATAN PTE LTD (since 11/11/2020) | MORSKOY STANDART-BUNKER LLC (during 02/2018) | NORTH EASTERN SHIPPING CO LTD (since 27/06/2014)","","False","False","Iran"
"8617055","SIMBA","Oil Products Tanker","(Samoa FALSE)","UNKNOWN","","1996","23669","45229","Broken Up","NERIS SHIPPING CORP","SHRADHA SHIPMANAGEMENT PVT LTD","SHRADHA SHIPMANAGEMENT PVT LTD","August 2021","","2","","","SIMBA (since 01/08/2020) | Ore (since 01/05/2020) | Lorena (since 01/02/2020) | Lorena Br (since 01/11/2000)","Samoa FALSE (since 01/07/2021) | Tanzania (since 01/08/2020) | Comoros (since 01/05/2020) | Djibouti (since 01/02/2020)","3","3","NERIS SHIPPING CORP (since 27/08/2020)","","False","True","Iran"
"9253064","SOTHYS","Crude Oil Tanker","(Vietnam)","XVJR7","","2003","58166","107123","Broken Up","THIEN AN HOA BINH CO LTD","THIEN AN HOA BINH CO LTD","UNKNOWN","May 2026","","34","","","SOTHYS (since 01/05/2021) | Eagle Tucson (since 01/06/2003)","Vietnam (since 01/05/2021) | Singapore (since 01/06/2003)","1","1","THIEN AN HOA BINH CO LTD (since 10/11/2021) | OPEC PETROL TRANSPORTATION CO (since 06/05/2021) | AET INC PTE LTD (during 2003)","","False","False","Iran"
"7230666","WHITE PURL","LPG Tanker","(Panama)","3FQT2","","1972","9496","11832","Total Loss","TABOGA MARITIME & TRANSPORT SA","MARINE SHIPPING LINE FZE","MARINE SHIPPING LINE FZE","September 2023","","4","","","WHITE PURL (since 01/10/2012) | Marygas (since 01/03/2012)","Panama (since 01/10/2012) | Tuvalu (since 01/03/2012)","1","1","TABOGA MARITIME & TRANSPORT SA (since 28/10/2021) | CASPIAN PETROCHEMICAL FZE LCC (since 04/03/2012)","","False","False","Iran"
"9316127","DISCOVERY","Crude Oil Tanker","(Oman)","A4DR6","","2007","87146","163545","In Service/Commission","CITRINE MARINE SPC","GREENLIGHT SHIPMANAGEMENT FZE","GREENLIGHT SHIPMANAGEMENT FZE","Indian Register of Shipping (IACS)","","24","","","DISCOVERY (since 01/06/2025) | Vega (since 01/09/2024) | SCF Vankor (since 01/06/2023) | Aleksey Kosygin (since 01/07/2007)","Oman (since 01/06/2025) | Comoros FALSE (since 01/05/2025) | Comoros (since 01/03/2025) | Barbados (since 01/09/2024) | Gabon (since 01/03/2024) | Liberia (since 01/07/2007)","5","3","CITRINE MARINE SPC (since 24/06/2025) | MORGANITE SHIPPING CORP (since 26/09/2024) | ANGELIC SEAS CORP (since 26/07/2007)","","False","False","Rosja"
"9412335","BOND","Crude Oil Tanker","(Oman)","A4DS2","","2010","83747","156697","In Service/Commission","SERPENTINE MARINE SPC","DREAMER SHIPMANAGEMENT LLC-FZ","DREAMER SHIPMANAGEMENT LLC-FZ","Indian Register of Shipping (IACS)","","18","","","BOND (since 01/05/2025) | Bolero (since 01/10/2024) | NS Bora (since 01/03/2010)","Oman (since 01/05/2025) | Comoros (since 01/03/2025) | Barbados (since 01/10/2024) | Gabon (since 01/01/2024) | Liberia (since 01/04/2010)","4","2","SERPENTINE MARINE SPC (since 01/05/2025) | GALANTHE NAVIGATION LTD (since 29/10/2024) | NS BORA SHIPPING INC (since 01/04/2010)","","False","False","Rosja"
"9311622","DINASTY","Crude Oil Tanker","(Oman)","A4DS4","","2006","87146","162397","In Service/Commission","WHITE AGATE MARINE SPC","DREAMER SHIPMANAGEMENT LLC-FZ","DREAMER SHIPMANAGEMENT LLC-FZ","Indian Register of Shipping (IACS)","","22","","","DINASTY (since 01/08/2025) | Vanguard (since 01/09/2024) | Vladimir Tikhonov (since 01/06/2006)","Oman (since 01/08/2025) | Comoros FALSE (since 01/05/2025) | Comoros (since 01/03/2025) | Barbados (since 01/09/2024) | Gabon (since 01/01/2024) | Liberia (since 01/06/2006)","5","2","WHITE AGATE MARINE SPC (since 22/08/2025) | LIBRA SHIPPING CORP (since 28/09/2024) | BASSETT OCEANWAY LTD (since 16/06/2006)","","False","False","Rosja"
"9271585","KOMANDER","Crude Oil Tanker","(Rosja)","UARD6","","2004","78896","150581","In Service/Commission","YO SHUI MARINE LTD","YO SHUI MARINE LTD","FIRST SKYLINES LLC","Rosjan Maritime Register of Shipping","","27","","","KOMANDER (since 01/09/2025) | Prudence (since 01/06/2025) | Krishna 1 (since 01/09/2024) | Heracles (since 01/01/2023) | Crescent Moon (since 01/10/2013) | Archway (since 01/03/2012) | Monte Granada (since 01/10/2004)","Rosja (since 01/09/2025) | Comoros (since 01/06/2025) | Guyana False (since 01/01/2025) | Panama (since 01/09/2024) | Gabon (since 01/04/2023) | St.Kitts and Nevis (since 01/01/2023) | Liberia (since 01/03/2012) | Portugal (MAR) (during 2004)","7","6","YO SHUI MARINE LTD (since 01/10/2024) | SEASCAPE SOLUTIONS FZE (since 13/02/2024) | FIRST SHIPPING INC (since 18/05/2013)","","False","False","Rosja"
"9511521","MIRABEL","Crude Oil Tanker","(Oman)","A4DV6","","2010","62504","113867","In Service/Commission","WHITE AGATE MARINE SPC","DREAMER SHIPMANAGEMENT LLC-FZ","DREAMER SHIPMANAGEMENT LLC-FZ","Indian Register of Shipping (IACS)","","10","","","MIRABEL (since 01/03/2025) | Meridian (since 01/11/2024) | Moskovsky Prospect (since 01/09/2010)","Oman (since 01/03/2025) | Barbados (since 01/11/2024) | Gabon (since 01/01/2024) | Liberia (since 01/09/2010)","3","2","WHITE AGATE MARINE SPC (since 18/03/2025) | YUNA SHIPPING LTD (since 20/11/2024) | SUMERTON SHIPHOLDING INC (since 13/09/2010)","","False","False","Rosja"
"9511533","PRIMAVERA","Crude Oil Tanker","(Oman)","A4DV7","","2010","62504","113860","In Service/Commission","WHITE AGATE MARINE SPC","DREAMER SHIPMANAGEMENT LLC-FZ","DREAMER SHIPMANAGEMENT LLC-FZ","Indian Register of Shipping (IACS)","","14","","","PRIMAVERA (since 01/03/2025) | Rigel (since 01/08/2024) | Primorsky Prospect (since 01/11/2010)","Oman (since 01/03/2025) | Barbados (since 01/08/2024) | Gabon (since 01/01/2024) | Liberia (since 01/11/2010)","3","2","WHITE AGATE MARINE SPC (since 17/03/2025) | YUGO SHIPPING LTD (since 16/08/2024) | SHARDLOW MARITIME LTD (since 25/11/2010)","","False","False","Rosja"
"9321691","BARQ","Crude Oil Tanker","(Oman)","A4FB4","","2006","81409","158889","In Service/Commission","BARQ LINE LLC","BARQ LINE LLC","YUN TAI SHAN SHIPMANAGEMENT","Indian Register of Shipping (IACS)","","35","","","BARQ (since 01/08/2025) | Lahar (since 01/12/2024) | Sai Baba (since 01/11/2022) | Cap Guillaume (since 01/08/2006)","Oman (since 01/08/2025) | Not Known (since 01/06/2025) | Djibouti (since 01/10/2024) | Gabon (since 01/11/2022) | Liberia (since 01/12/2021) | Greece (since 01/09/2006)","5","3","BARQ LINE LLC (since 15/08/2025) | THIRI SHIPPING LTD (since 29/10/2024) | OSDUNG SHIPPING INC (since 02/03/2024) | PARADISE SHIPPING & MARINE INC (since 23/11/2022) | CMB.TECH NV (since 31/08/2006)","","False","False","Rosja"
"9321706","LIDER","Crude Oil Tanker","(Rosja)","UACE7","","2006","81409","158881","In Service/Commission","GESSI MARITIME CORP","GESSI MARITIME CORP","UNKNOWN","Bureau Veritas (IACS)","","33","","","LIDER (since 01/11/2025) | Latur (since 01/07/2025) | Mercury (since 01/02/2023) | Cap Charles (since 01/09/2006)","Rosja (since 01/11/2025) | Comoros FALSE (since 01/05/2025) | Comoros (since 01/01/2025) | Gabon (since 01/05/2023) | Mongolia (since 01/05/2023) | Not Known (since 01/04/2023) | St.Kitts and Nevis (since 01/02/2022) | Liberia (since 01/06/2021) | Greece (since 01/09/2006)","8","3","GESSI MARITIME CORP (since 01/02/2024) | MERCURY SHIPPING & MARINE INC (since 16/02/2023) | CMB.TECH NV (since 28/09/2006)","","False","False","Rosja"
"9319870","MAINI","Crude Oil Tanker","(Cameroon)","TJMC162","","2007","62241","116104","In Service/Commission","RONG YU SHIPPING LTD","LI DONG SHAN SHIPMANAGEMENT","LI DONG SHAN SHIPMANAGEMENT","Bureau Veritas (IACS)","","42","","","MAINI (since 01/11/2024) | Thalassa (since 01/03/2023) | Nordbay (since 01/03/2007)","Cameroon (since 01/12/2025) | Benin False (since 01/08/2025) | Malawi False (since 01/06/2025) | Not Known (since 01/05/2025) | Panama (since 01/11/2024) | Gabon (since 01/03/2023) | Portugal (MAR) (since 01/07/2018) | Cyprus (since 01/03/2007)","7","2","RONG YU SHIPPING LTD (since 19/11/2024) | AQUAFLOW MARINE FZE (since 01/04/2024) | PROTOGENO SHIPPING & MARINE (since 27/03/2023) | NORDBAY SHIPPING MANAGEMENT BV (since 24/07/2018) | NORDBAY SHIPPING MANAGEMENT BV (during 06/2014)","","False","False","Rosja"
"9253325","ROSALIN","Crude Oil Tanker","(Not Known)","UNKNOWN","","2004","57680","105651","In Service/Commission","SERPENS LTD","NIGHTINGER PLOV CO LTD","NIGHTINGER PLOV CO LTD","March 2026","","41","","","ROSALIN (since 01/03/2025) | Nurkez (since 01/01/2022) | Gold Sun (since 01/11/2013) | Ceram Sea (since 01/03/2004)","Not Known (since 01/05/2025) | Sao Tome and Principe (since 01/03/2025) | Not Known (since 01/12/2024) | Panama (since 01/03/2023) | Liberia (since 01/06/2013) | Singapore (during 2004)","5","3","SERPENS LTD (since 07/09/2022) | CAZINI MARINE INC (since 08/06/2013)","","False","False","Rosja"
"9341093","KOLOMNA","Crude Oil Tanker","(Rosja)","UADA2","","2006","57248","109716","In Service/Commission","INVEST FLEET LTD","INVEST FLEET LTD","INVEST FLEET LTD","Rosjan Maritime Register of Shipping","","25","","","KOLOMNA (since 01/06/2024) | NS Consul (since 01/05/2006)","Rosja (since 01/06/2024) | Gabon (since 01/01/2024) | Liberia (since 01/05/2006)","2","1","INVEST FLEET LTD (since 24/09/2024) | WATERSCAPE CARRIERS INC (since 19/05/2006)","","False","False","Rosja"
"9522324","SIERRA","Crude Oil Tanker","(Cameroon)","TJMY15","","2011","62504","113905","In Service/Commission","OKRA CARRIERS INC","LARK SHIPMANAGEMENT LLC-FZ","LARK SHIPMANAGEMENT LLC-FZ","Rosjan Maritime Register of Shipping","","9","","","SIERRA (since 01/10/2024) | Suvorovsky Prospect (since 01/02/2011)","Cameroon (since 01/11/2025) | Gambia (since 01/08/2025) | Malawi False (since 01/05/2025) | Sao Tome and Principe (since 01/01/2025) | Barbados (since 01/10/2024) | Gabon (since 01/01/2024) | Liberia (since 01/02/2011)","6","1","OKRA CARRIERS INC (since 31/10/2024) | RAINTREE MARINE SA (since 15/02/2011)","","False","False","Rosja"
"9511387","OASIS","Crude Oil Tanker","(Oman)","A4DR2","","2010","62504","113905","In Service/Commission","CITRINE MARINE SPC","NOVA SHIPMANAGEMENT LLC-FZ","GREENLIGHT SHIPMANAGEMENT FZE","Indian Register of Shipping (IACS)","","16","","","OASIS (since 01/07/2025) | Olympus (since 01/09/2024) | Olympiysky Prospect (since 01/07/2010)","Oman (since 01/07/2025) | Comoros FALSE (since 01/05/2025) | Comoros (since 01/02/2025) | Barbados (since 01/09/2024) | Gabon (since 01/01/2024) | Liberia (since 01/07/2010)","5","2","CITRINE MARINE SPC (since 01/08/2025) | BLANSH TRANSPORTS INC (since 30/09/2024) | ERDINGTON NAVIGATION CORP (since 06/07/2010)","","False","False","Rosja"
"9339337","LAVENDER","Crude Oil Tanker","(Oman)","A4DT8","","2008","61449","115849","In Service/Commission","SERPENTINE MARINE SPC","DREAMER SHIPMANAGEMENT LLC-FZ","DREAMER SHIPMANAGEMENT LLC-FZ","Indian Register of Shipping (IACS)","","24","","","LAVENDER (since 01/09/2025) | Legacy (since 01/08/2024) | NS Lotus (since 01/01/2008)","Oman (since 01/09/2025) | Comoros FALSE (since 01/05/2025) | Comoros (since 01/02/2025) | Barbados (since 01/08/2024) | Gabon (since 01/01/2024) | Liberia (since 01/01/2008)","5","2","SERPENTINE MARINE SPC (since 11/09/2025) | AZURITE SHIPHOLDING (since 08/08/2024) | NS LOTUS SHIPPING INC (since 02/01/2008)","","False","False","Rosja"
"9413559","ANTARKTIKA","Crude Oil Tanker","(Rosja)","UAYA2","","2009","62433","111107","In Service/Commission","NS ANTARCTIC SHIPPING INC","INVEST FLEET LTD","INVEST FLEET LTD","Rosjan Maritime Register of Shipping","","14","","","ANTARKTIKA (since 01/04/2024) | NS Antarctic (since 01/06/2009)","Rosja (since 01/04/2024) | Gabon (since 01/01/2024) | Liberia (since 01/06/2009)","2","1","NS ANTARCTIC SHIPPING INC (since 01/07/2009) | SCF NOVOSHIP JSC (since 08/06/2009)","","False","False","Rosja"
"9843560","VOYAGER","Crude Oil Tanker","(Oman)","A4HA5","","2019","64909","113310","In Service/Commission","WHITE AGATE MARINE SPC","ALBATROSS SHIPMANAGEMENT","ALBATROSS SHIPMANAGEMENT","Indian Register of Shipping (IACS)","","5","","","VOYAGER (since 01/08/2024) | Vernadsky Prospect (since 01/03/2019)","Oman (since 01/09/2025) | Comoros FALSE (since 01/05/2025) | Comoros (since 01/03/2025) | Barbados (since 01/08/2024) | Gabon (since 01/01/2024) | Liberia (since 01/03/2019)","5","1","WHITE AGATE MARINE SPC (since 27/09/2025) | MARVEL MARINE (since 01/08/2024) | IRMA CORP (since 26/03/2019) | SUN SHIP MANAGEMENT (since 20/03/2019)","","False","False","Rosja"
"9413547","AMULET","Crude Oil Tanker","(Oman)","A4DR4","","2009","62433","111107","In Service/Commission","CITRINE MARINE SPC","NOVA SHIPMANAGEMENT LLC-FZ","GREENLIGHT SHIPMANAGEMENT FZE","Indian Register of Shipping (IACS)","","25","","","AMULET (since 01/08/2025) | Altair (since 01/11/2024) | NS Arctic (since 01/05/2009)","Oman (since 01/08/2025) | Comoros (since 01/02/2025) | Barbados (since 01/11/2024) | Gabon (since 01/01/2024) | Liberia (since 01/05/2009)","4","2","CITRINE MARINE SPC (since 08/08/2025) | CELESTINE NAVIGATION INC (since 08/11/2024) | NS ARCTIC SHIPPING INC (since 04/05/2009)","","False","False","Rosja"
"9304825","JALDHARA","Crude Oil Tanker","(Sierra leone)","9LU2511","","2006","60208","109266","In Service/Commission","NAAG MARITIME INC","MEEGAMAN MARITIME PVT LTD","SAGARVANI SHIPPING PVT LTD","Rosjan Maritime Register of Shipping","","43","","","JALDHARA (since 01/01/2025) | Theseus (since 01/12/2022) | Seamaster Iv (since 01/03/2014) | Seamaster (since 01/05/2006)","Sierra leone (since 01/12/2025) | Vanuatu (since 01/09/2025) | Guinea-Bissau (since 01/04/2025) | Panama (since 01/01/2025) | Gabon (since 01/04/2023) | St.Kitts and Nevis (since 01/12/2022) | Malta (since 01/03/2014) | Hong Kong, China (since 01/05/2006)","7","3","NAAG MARITIME INC (since 16/10/2025) | CHARVAK SOLUTIONS LTD (since 01/06/2025) | CAMPANA SHIPPING INC (since 01/03/2024) | ZEUS SHIPPING & MARINE INC (since 23/12/2022) | PRIME MARINE CO SA (since 20/03/2014) | ADVANCE NAVIGATION INC (since 12/05/2006)","","False","False","Rosja"
"9299733","NAGARJUNA","Crude Oil Tanker","(Sierra leone)","9LU2827","","2006","57243","106005","In Service/Commission","DEVTA LTD","KUN LUN SHAN SHIPMANAGEMENT CO","KUN LUN SHAN SHIPMANAGEMENT CO","Indian Register of Shipping (IACS)","","31","","","NAGARJUNA (since 01/11/2024) | Antaeus (since 01/03/2023) | Antaios (since 01/06/2021) | Umlma (since 01/01/2006)","Sierra leone (since 01/09/2025) | Not Known (since 01/08/2025) | Sao Tome and Principe (since 01/04/2025) | Djibouti (since 01/11/2024) | Gabon (since 01/03/2023) | Marshall Islands (since 01/06/2021) | Qatar (since 01/01/2006)","6","3","DEVTA LTD (since 23/09/2025) | KHELRI MARITIME INC (since 26/05/2025) | CREOLE SHIPPING LTD (since 14/11/2024) | BARKA MARITIME CORP (since 01/03/2024) | ANTAEUS SHIPPING & MARINE INC (since 08/03/2023) | MONO CRUDE CARRIER SA (since 23/06/2021) | QATAR SHIPPING CO WLL (since 24/01/2006)","","False","False","Rosja"
"9339325","LEVEL","Crude Oil Tanker","(Oman)","A4DT4","","2007","61449","115831","In Service/Commission","SERPENTINE MARINE SPC","DREAMER SHIPMANAGEMENT LLC-FZ","DREAMER SHIPMANAGEMENT LLC-FZ","Indian Register of Shipping (IACS)","","25","","","LEVEL (since 01/03/2025) | Liberty (since 01/07/2024) | NS Laguna (since 01/10/2007)","Oman (since 01/03/2025) | Barbados (since 01/07/2024) | Gabon (since 01/01/2024) | Liberia (since 01/10/2007)","3","2","SERPENTINE MARINE SPC (since 01/06/2025) | WHITE AGATE MARINE SPC (since 26/03/2025) | BORIBO SHIPPING CORP (since 15/07/2024) | NS LAGUNA SHIPPING INC (since 05/10/2007)","","False","False","Rosja"
"9296822","SAGITTA","Crude Oil Tanker","(Panama False)","UNKNOWN","","2005","56163","106433","In Service/Commission","CAMELLIA JACKSON LTD","CAMELLIA JACKSON LTD","KETEE CO LTD","Lloyd's Register (IACS)","","43","","","SAGITTA (since 01/06/2022) | Angelica Schulte (since 01/04/2005)","Panama False (since 01/12/2024) | Panama (since 01/06/2022) | Germany (since 01/04/2005) | Liberia (since 01/04/2005) | Germany (since 01/04/2005)","4","1","CAMELLIA JACKSON LTD (since 22/06/2022) | LEPTA SHIPPING CO LTD (during 2005)","","False","False","Rosja"
"9354301","JAGGER","Crude Oil Tanker","(Rosja)","UALE4","","2008","60178","106820","In Service/Commission","NORTH FLEET LTD","NORTH FLEET LTD","NORTH FLEET LTD","Rosjan Maritime Register of Shipping","","29","","","JAGGER (since 01/06/2025) | Jaguar (since 01/01/2025) | Zaliv Amerika (since 01/01/2008)","Rosja (since 01/12/2025) | Gambia (since 01/09/2025) | Comoros FALSE (since 01/06/2025) | Barbados (since 01/01/2025) | Panama (since 01/12/2023) | Liberia (since 01/09/2016) | Cyprus (since 01/01/2008)","6","2","NORTH FLEET LTD (since 17/12/2025) | IVA SHIPPING INC (since 05/01/2025) | MYRTLE MARINE INC (since 22/09/2016)","","False","False","Rosja"
"9306794","CAVALIER","Crude Oil Tanker","(Oman)","A4DQ8","","2006","57248","109987","In Service/Commission","CITRINE MARINE SPC","GREENLIGHT SHIPMANAGEMENT FZE","GREENLIGHT SHIPMANAGEMENT FZE","Indian Register of Shipping (IACS)","","32","","","CAVALIER (since 01/08/2025) | Constellation (since 01/08/2024) | NS Commander (since 01/07/2006)","Oman (since 01/08/2025) | Comoros FALSE (since 01/05/2025) | Comoros (since 01/03/2025) | Barbados (since 01/08/2024) | Gabon (since 01/03/2024) | Liberia (since 01/07/2006)","5","2","CITRINE MARINE SPC (since 19/08/2025) | IRIS NAVIGATION INC (since 30/08/2024) | ASTREA SHIPPING LTD (since 27/07/2006)","","False","False","Rosja"
"9224441","GRUS I","Crude Oil Tanker","(Cameroon)","TJMV10","","2002","81085","159173","In Service/Commission","TRIDENT BEAUTY LTD","VIGOR MARINE SERVICES LLP","SEAPON SHIP MANAGEMENT LLP","Rosjan Maritime Register of Shipping","","26","","","GRUS I (since 01/10/2025) | Firn (since 01/10/2023) | Bear Alcor (since 01/08/2021) | SCF Caucasus (during 2002)","Cameroon (since 01/10/2025) | Panama (since 01/10/2023) | Liberia (since 01/03/2002)","2","3","TRIDENT BEAUTY LTD (since 24/10/2023) | BEAR ALCOR NAVIGATION LTD (since 05/08/2021) | GULFSTAR CORP (since 08/03/2002)","","False","False","Rosja"
"9288899","NORELIA","Crude Oil Tanker","(Sierra leone)","9LU2830","","2005","83594","159342","In Service/Commission","GORVANTIR WAVECREST CO LTD","GORVANTIR WAVECREST CO LTD","TITAN MARINE MANAGEMENT' LLC","Rosjan Maritime Register of Shipping","","15","","","NORELIA (since 01/03/2026) | Norella (since 01/09/2025) | Lorena Grand (since 01/08/2024) | Rocky Runner (since 01/03/2023) | Eurovoyager (since 01/01/2019) | Toledo Spirit (since 01/07/2005)","Sierra leone (since 01/09/2025) | Sao Tome & Principe FALSE (since 01/01/2025) | Barbados (since 01/08/2024) | Cook islands (since 01/03/2023) | Liberia (since 01/01/2019) | Spain (since 01/07/2005)","5","5","GORVANTIR WAVECREST CO LTD (since 01/05/2026) | LANDA SHIPPING LTD (since 25/06/2025) | RPTD SOLD UNDISCLOSED INTEREST (since 11/03/2025) | ROXY INC (since 23/01/2019) | CEPSA COMERCIAL PETROLEO SA (since 20/10/2015) | TEEKAY SHIPPING SPAIN SL (during 03/2014) | BANCO POPULAR ESPANOL (since 01/12/2007) | TEEKAY SHIPPING SPAIN SL (since 26/07/2005)","","False","False","Rosja"
"9290335","JUMBO","Crude Oil Tanker","(Sierra leone)","9LU2826","","2004","81074","159081","In Service/Commission","RAHAD MARITIME CORP","TONG TIAN HE SHIPMANAGEMENT","TONG TIAN HE SHIPMANAGEMENT","Rosjan Maritime Register of Shipping","","31","","","JUMBO (since 01/08/2025) | Aysen (since 01/07/2025) | Jumbo (since 01/02/2023) | Aegean Dignity (since 01/10/2004)","Sierra leone (since 01/08/2025) | Malawi False (since 01/07/2025) | Not Known (since 01/03/2025) | Panama (since 01/01/2025) | Gabon (since 01/04/2023) | St.Kitts and Nevis (since 01/02/2023) | Greece (since 01/10/2004) | Liberia (during 2004)","7","3","RAHAD MARITIME CORP (since 20/01/2026) | NAAG MARITIME INC (since 01/07/2025) | RAHAD MARITIME CORP (since 27/01/2024) | BLESSED SHIPPING & MARINE INC (since 03/02/2023) | SEA TANKERS SHIPPING INC (during 10/2004)","","False","False","Rosja"
"9290309","ROSITA","Crude Oil Tanker","(Cameroon)","TJMS4","","2004","57226","105941","In Service/Commission","SANDA GODA LTD","SANDA GODA LTD","BIRCH HONG KONG CO LTD","Nippon Kaiji Kyokai (IACS)","","44","","","ROSITA (since 01/10/2025) | Hulda (since 01/12/2024) | Thea (since 01/10/2022) | Seagrace (since 01/04/2013) | Pacific Alliance (since 01/07/2004)","Cameroon (since 01/10/2025) | Not Known (since 01/08/2025) | Sao Tome and Principe (since 01/12/2024) | Panama (since 01/10/2022) | Malta (since 01/04/2013) | Isle of Man (since 01/10/2009) | Panama (during 2004)","6","4","SANDA GODA LTD (since 12/08/2025) | THEA STEWART LTD (since 21/10/2022) | COOPER NAVIGATION LTD (since 22/04/2013)","","False","False","Rosja"
"9319882","GEFEST","Crude Oil Tanker","(Rosja)","UAFE5","","2007","62241","116093","In Service/Commission","FLEET SYNERGY LLC","FLEET SYNERGY LLC","FLEET SYNERGY LLC","Rosjan Maritime Register of Shipping","","34","","","GEFEST (since 01/12/2025) | Aryabhata (since 01/11/2024) | Atalanta (since 01/12/2022) | Houston Star (since 01/09/2016) | Isis (since 01/07/2007)","Rosja (since 01/12/2025) | Guinea-Bissau (since 01/11/2024) | Gabon (since 01/05/2023) | Not Known (since 01/04/2023) | St.Kitts and Nevis (since 01/12/2022) | Marshall Islands (since 01/09/2016) | Singapore (since 01/11/2012) | Panama (since 01/07/2007)","7","4","FLEET SYNERGY LLC (since 15/12/2025) | ANGAT SHIPPING INC (since 02/03/2024) | EQUINOX SHIPPING & MARINE INC (since 30/12/2022) | BAYTOWN MARITIME LLC (since 27/09/2016) | NIKKO KISEN/SUN LANES (since 12/07/2007)","","False","False","Rosja"
"9256078","LITEYNY PROSPECT","Crude Oil Tanker","(Rosja)","UAAA8","","2003","62586","114546","In Service/Commission","ORIENTAL CARRIERS CO","SOUTH FLEET LTD","SOUTH FLEET LTD","Rosjan Maritime Register of Shipping","","31","","","LITEYNY PROSPECT (since 01/02/2007) | Stena Contender (since 01/02/2004) | Liteyny Prospect (since 01/01/2004)","Rosja (since 01/04/2024) | Gabon (since 01/01/2024) | Liberia (since 01/12/2003)","2","2","ORIENTAL CARRIERS CO (since 02/12/2003)","","False","False","Rosja"
"9310525","QENDIL","Crude Oil Tanker","(Oman)","A4FB6","","2006","61991","115338","In Casualty Or Repairing","QENDIL MARINA LLC","QENDIL MARINA LLC","AN NING HU SHIPMANAGEMENT","May 2026","","33","","","QENDIL (since 01/08/2025) | Spark (since 01/06/2025) | Oilstar (since 01/03/2025) | Ionia (since 01/02/2023) | Kythira Warrior (since 01/11/2015) | Elia (since 01/08/2006)","Oman (since 01/08/2025) | Palau (Republic of) (since 01/06/2025) | Guinea-Bissau (since 01/04/2025) | Djibouti (since 01/03/2025) | Not Known (since 01/02/2025) | Gabon (since 01/04/2023) | St.Kitts and Nevis (since 01/02/2023) | Greece (since 01/11/2015) | Liberia (since 01/10/2008) | Netherlands (since 01/10/2008) | Liberia (since 01/08/2006) | Netherlands (since 01/08/2006)","11","5","QENDIL MARINA LLC (since 15/08/2025) | KONGRI MARITIME INC (since 21/06/2025) | NARUS MARITIME CORP (since 02/03/2024) | IONIA SHIPPING & MARINE INC (since 08/02/2023) | GOING EAST SHIPPING CORP (since 20/11/2015) | NIKOLSON BV (since 24/10/2008)","","False","False","Rosja"
"9544281","PERSEY","Oil Products Tanker","(Rosja)","UARE2","","2010","61241","115708","In Service/Commission","IDAS LLC","IDAS LLC","IDAS LLC","Rosjan Maritime Register of Shipping","","26","","","PERSEY (since 01/01/2026) | Corus (since 01/03/2025) | Corum (since 01/03/2023) | Four Sky (since 01/03/2010)","Rosja (since 01/01/2026) | Not Known (since 01/12/2025) | Gambia (since 01/08/2025) | Not Known (since 01/05/2025) | Comoros (since 01/03/2025) | Not Known (since 01/01/2025) | Panama (since 01/03/2023) | Italy (since 01/03/2010) | Cayman Islands (since 01/03/2010)","8","3","IDAS LLC (since 09/01/2026) | EAST VANTAGE HONG KONG LTD (since 28/03/2023) | FOUR JOLLY SPA (since 02/03/2010)","","False","False","Rosja"
"9345623","ELYTE","Oil Products Tanker","(Oman)","A4HF5","","2008","56362","105852","In Service/Commission","MAWJA MARINE LLC","ZHENG ZHOU JIN BU SHIP","ZHENG ZHOU JIN BU SHIP","Indian Register of Shipping (IACS)","","27","","","ELYTE (since 01/05/2025) | Ru Yi (since 01/12/2024) | Tarang (since 01/01/2024) | Morea (since 01/03/2023) | Apostolos II (since 01/08/2021) | Champion Pleasure (since 01/01/2008)","Oman (since 01/02/2026) | Not Known (since 01/01/2026) | Sierra leone (since 01/09/2025) | Not Known (since 01/07/2025) | Palau (Republic of) (since 01/05/2025) | Not Known (since 01/03/2025) | Panama (since 01/12/2024) | Gabon (since 01/01/2024) | Panama (since 01/11/2023) | Liberia (since 01/08/2021) | Panama (since 01/01/2008)","10","5","MAWJA MARINE LLC (since 06/11/2025) | JEEVA SHIPPING LTD (since 16/09/2025) | BAITARANI SHIPPING LTD (since 27/05/2025) | CANG LONG SHIPPING LTD (since 09/12/2024) | SEASPHERE DYNAMICS FZE (since 02/01/2024) | NOSTOS CARRIERS SA (since 05/08/2021) | CRUX MARITIME SA (since 15/01/2008)","","False","False","Rosja"
"9249128","SAKHALIN","Crude Oil Tanker","(Rosja)","UAZA5","","2004","58918","109295","In Service/Commission","SOUTH FLEET LTD","SOUTH FLEET LTD","SOUTH FLEET LTD","Rosjan Maritime Register of Shipping","","30","","","SAKHALIN (since 01/04/2024) | Sakhalin Island (since 01/05/2004)","Rosja (since 01/04/2024) | Panama (since 01/11/2022) | Cyprus (during 2004)","2","1","SOUTH FLEET LTD (since 25/04/2024) | BRAVA SHIPPING HK LTD (since 16/11/2022) | BRAVA LINES SHIPMANAGEMENT LTD (since 11/02/2011) | SAKHOIL SHIPPING LTD (since 10/05/2004)","","False","False","Rosja"
"9292204","AMAZON","Crude Oil Tanker","(Oman)","A4DN4","","2005","57177","105926","In Service/Commission","CITRINE MARINE SPC","GREENLIGHT SHIPMANAGEMENT FZE","GREENLIGHT SHIPMANAGEMENT FZE","Indian Register of Shipping (IACS)","","30","","","AMAZON (since 01/09/2025) | Andromeda (since 01/08/2024) | Adygeya (since 01/06/2005) | Four Stream (since 01/05/2005)","Oman (since 01/09/2025) | Comoros FALSE (since 01/05/2025) | Comoros (since 01/03/2025) | Barbados (since 01/08/2024) | Gabon (since 01/01/2024) | Liberia (since 01/06/2005)","5","3","CITRINE MARINE SPC (since 07/09/2025) | FREYA MARITIME INC (since 26/08/2024) | HOMEPORT TANKERS SA (since 23/06/2005)","","False","False","Rosja"
"9314088","LYRA","Crude Oil Tanker","(Not Known)","UNKNOWN","","2004","58136","107081","In Service/Commission","KAT DENNINGS LTD","COUREAGE CO LTD","COUREAGE CO LTD","Korean Register (IACS)","","47","","","LYRA (since 01/08/2022) | Seachance (since 01/09/2012) | Ruby River (since 01/10/2004) | Ruby Queen (during 2004)","Not Known (since 01/01/2025) | Panama (since 01/08/2022) | Malta (since 01/09/2012) | Panama (during 2004)","3","3","KAT DENNINGS LTD (since 10/08/2022) | ATHERSTONE SHIPPING INC (since 26/09/2012) | LUSTER MARITIME/HIGAKI SANGYO (during 12/2004) | GIANT LINE INC SA (since 11/10/2004)","","False","False","Rosja"
"9321976","SYNDRA","Crude Oil Tanker","(Timor Leste FALSE)","UNKNOWN","","2007","56172","105495","In Service/Commission","SAVANNAH NAIA LTD","DEGONIA CO LTD","DEGONIA CO LTD","Lloyd's Register (IACS)","","48","","","SYNDRA (since 01/03/2025) | Heidi A (since 01/05/2022) | Mitera Marigo (since 01/01/2007)","Timor Leste FALSE (since 01/03/2025) | Not Known (since 01/12/2024) | Panama (since 01/05/2022) | Liberia (since 01/11/2015) | Bahamas (since 01/01/2007)","4","2","SAVANNAH NAIA LTD (since 17/06/2022) | ELCIEL MARITIME LLC (since 18/12/2020) | CIRCINUS TRANSPORT LTD (since 23/01/2007)","","False","False","Rosja"
"9413573","ARCADIA","Crude Oil Tanker","(Oman)","A4DT6","","2009","62433","111682","In Service/Commission","SERPENTINE MARINE SPC","DREAMER SHIPMANAGEMENT LLC-FZ","DREAMER SHIPMANAGEMENT LLC-FZ","Indian Register of Shipping (IACS)","","26","","","ARCADIA (since 01/03/2025) | Atlas (since 01/07/2024) | NS Africa (since 01/09/2009)","Oman (since 01/03/2025) | Sao Tome and Principe (since 01/01/2025) | Barbados (since 01/07/2024) | Gabon (since 01/01/2024) | Liberia (since 01/09/2009)","4","2","SERPENTINE MARINE SPC (since 24/03/2025) | STANLEY NAVIGATION INC (since 26/07/2024) | NS AFRICA SHIPPING INC (since 21/09/2009)","","False","False","Rosja"
"9312896","KRASNOYARSK","Crude Oil Tanker","(Rosja)","UAWA8","","2007","57248","109819","In Service/Commission","NIVA TRANSPORT SA","INVEST FLEET LTD","INVEST FLEET LTD","Rosjan Maritime Register of Shipping","","16","","","KRASNOYARSK (since 01/04/2024) | NS Creation (since 01/07/2007)","Rosja (since 01/04/2024) | Gabon (since 01/01/2024) | Liberia (since 01/07/2007)","2","1","NIVA TRANSPORT SA (since 04/07/2007)","","False","False","Rosja"
"9331153","MAYLO","Crude Oil Tanker","(Sierra leone)","9LU2052","","2007","61348","114795","In Service/Commission","CAELVORN ANCHORWORKS LTD","CAELVORN ANCHORWORKS LTD","NAUTILUS FLEET MANAGEMENT LLC","Rosjan Maritime Register of Shipping","","30","","","MAYLO (since 01/12/2025) | Delvina (since 01/08/2024) | Galian 2 (since 01/03/2023) | Alhani (since 01/01/2009) | Show (since 01/03/2007)","Sierra leone (since 01/12/2025) | Comoros FALSE (since 01/05/2025) | Comoros (since 01/04/2025) | Sao Tome & Principe FALSE (since 01/02/2025) | Barbados (since 01/08/2024) | Not Known (since 01/07/2024) | Cook islands (since 01/01/2023) | Libya (since 01/02/2010) | Malta (since 01/03/2007)","8","4","CAELVORN ANCHORWORKS LTD (since 09/12/2025) | ROCCA INTERNATIONAL LTD (since 16/08/2024) | DEEP SEA MARITIME LTD (since 17/01/2009) | SHOW SHIPPING LTD (since 16/03/2007)","","False","False","Rosja"
"9288693","MIRADOR","Crude Oil Tanker","(Cameroon)","TJM2101","","2004","62320","111013","In Service/Commission","ZENVYRIX TIDEWORKS LTD","ZENVYRIX TIDEWORKS LTD","NAUTILUS FLEET MANAGEMENT LLC","Rosjan Maritime Register of Shipping","","36","","","MIRADOR (since 01/01/2026) | Conico Atlas (since 01/05/2025) | Andaman Skies (since 01/01/2023) | Delta Pioneer (since 01/10/2004)","Cameroon (since 01/01/2026) | MALI FALSE (since 01/01/2026) | Comoros (since 01/05/2025) | Honduras (since 01/07/2024) | Cook islands (since 01/01/2023) | Greece (since 01/10/2004)","5","3","ZENVYRIX TIDEWORKS LTD (since 12/01/2026) | TACHIO TRADING LTD (since 16/05/2025) | DURBEEN NAVIGATION LTD (since 25/01/2023) | PONTOPOROS ENE (since 07/04/2006)","","False","False","Rosja"
"9247883","SAPNA","Oil Products Tanker","(Sierra leone)","9LS1973","","2002","57326","105285","In Service/Commission","DRAMVELOR MARITRACK CO LTD","DRAMVELOR MARITRACK CO LTD","NAVIGENIX SHIPMANAGEMENT LLC","Rosjan Maritime Register of Shipping","","19","","","SAPNA (since 01/09/2025) | Hatti (since 01/10/2024) | Elza (since 01/08/2022) | Ever Rich No. 18 (since 01/06/2021) | Aquamarine (since 01/03/2019) | Ocean Aquamarine (since 01/04/2017) | Morning Glory VIII (since 01/12/2002)","Sierra leone (since 01/09/2025) | Vanuatu (since 01/06/2025) | Barbados (since 01/10/2024) | Cook islands (since 01/03/2024) | Palau (Republic of) (since 01/07/2022) | Tuvalu (since 01/06/2021) | Panama (since 01/04/2017) | Liberia (since 01/12/2002)","7","6","DRAMVELOR MARITRACK CO LTD (since 30/04/2026) | VIKOTRANS INC (since 30/09/2025) | HCC SHIPMANAGEMENT INC (since 18/07/2022) | LEADER POWER GLOBAL LTD (since 07/03/2019) | AQUATIC ONE LTD (since 10/04/2017) | NAKATA MARITIME CORP (since 16/12/2002)","","False","False","Rosja"
"9233741","MITZEL","Crude Oil Tanker","(Equatorial Guinea)","3CAN8","","2003","81236","159999","In Service/Commission","MALUA APEX LTD","MALUA APEX LTD","DREAM ISLAND SHIPPING LLC","Rosjan Maritime Register of Shipping","","34","","","MITZEL (since 01/04/2025) | Olivia (since 01/07/2024) | Hali (since 01/10/2022) | Henry (since 01/03/2021) | Nell Jacob (since 01/09/2008) | Four Sun (since 01/05/2003)","Equatorial Guinea (since 01/03/2026) | Not Known (since 01/11/2025) | Gambia (since 01/10/2025) | Comoros FALSE (since 01/05/2025) | Comoros (since 01/04/2025) | Not Known (since 01/01/2025) | Sierra leone (since 01/07/2024) | Vietnam (since 01/04/2021) | Vietnam (since 01/04/2021) | Germany (since 01/04/2021) | Liberia (since 01/06/2010) | Germany (since 01/06/2010) | Cayman Islands (since 01/06/2003) | Germany (since 01/06/2003)","13","5","MALUA APEX LTD (since 03/03/2026) | FRINA EXPRESS CORP (since 03/07/2024) | HA TRANG PETROL TRANSPORTATION (since 18/10/2022) | OPEC PETROL TRANSPORTATION CO (since 26/03/2021) | EIDER MBH & CO KG (since 26/06/2003) | SUEZMAX NAVEGACAO (during 2003)","","False","False","Rosja"
"9296406","RIGEL","Crude Oil Tanker","(Cameroon)","TJM61","","2006","77636","146270","In Service/Commission","BUGU SHIPPING LTD","MANG ZHONG SHIPMANAGEMENT","MANG ZHONG SHIPMANAGEMENT","May 2026","","18","","","RIGEL (since 01/02/2025) | Pagos (since 01/01/2023) | Ice Transporter (since 01/10/2006)","Cameroon (since 01/11/2025) | Malawi False (since 01/07/2025) | Not Known (since 01/05/2025) | Panama (since 01/10/2024) | Gabon (since 01/04/2023) | St.Kitts and Nevis (since 01/01/2023) | Liberia (since 01/10/2006)","6","2","BUGU SHIPPING LTD (since 27/01/2026) | SOBAT MARITIME CORP (since 01/04/2024) | PAGOS SHIPPING & MARINE INC (since 20/01/2023) | JACKSON INTERNATIONAL LTD (since 26/10/2006)","","False","False","Rosja"
"9318539","NOSU","Crude Oil Tanker","(Cameroon)","TJMO2S","","2007","84315","166188","In Service/Commission","PRIZANTAL SHORELINK LTD","PRIZANTAL SHORELINK LTD","NURLIS STORMCORE LLC","Rosjan Maritime Register of Shipping","","25","","","NOSU (since 01/11/2025) | Swiftsea Rider (since 01/08/2023) | Donat (since 01/07/2007)","Cameroon (since 01/08/2025) | Comoros FALSE (since 01/05/2025) | Comoros (since 01/04/2025) | Honduras (since 01/07/2024) | Cook islands (since 01/08/2023) | Croatia (since 01/07/2007)","5","2","PRIZANTAL SHORELINK LTD (since 14/01/2026) | YORSAL LINKS LTD (since 26/11/2025) | DONAT SHIPPING LLC (since 24/01/2017)","","False","False","Rosja"
"9339313","LADOGA","Crude Oil Tanker","(Rosja)","UAXA9","","2007","61449","115831","In Service/Commission","INVEST FLEET LTD","INVEST FLEET LTD","INVEST FLEET LTD","Rosjan Maritime Register of Shipping","","18","","","LADOGA (since 01/05/2024) | NS Lion (since 01/07/2007)","Rosja (since 01/05/2024) | Gabon (since 01/03/2024) | Liberia (since 01/07/2007)","2","1","INVEST FLEET LTD (since 08/05/2024) | NS LION SHIPPING INC (since 06/07/2007)","","False","False","Rosja"
"9194995","SKAGE","Crude Oil Tanker","(Guinea-Bissau)","J5AX7","","2000","78918","150183","In Service/Commission","TRACTION SHIPHOLDING LTD","TRACTION SHIPHOLDING LTD","BLUE WAVE MARITIME","Registro Italiano Navale (IACS)","","40","","","SKAGE (since 01/03/2025) | Ocean Peri (since 01/11/2021) | Nordic Sirius (since 01/06/2016) | Majestic (during 2000)","Guinea-Bissau (since 01/11/2025) | Barbados (since 01/03/2025) | Palau (Republic of) (since 01/11/2021) | Cayman Islands (since 01/06/2016)","3","3","TRACTION SHIPHOLDING LTD (since 14/03/2025) | STRATEGIC ALLIANCE LTD (since 01/08/2024) | GRAND BLU SHIPPING PTE LTD (since 19/04/2024) | NAT BERMUDA HOLDINGS LTD (since 09/05/2019) | NORDIC AMERICAN TANKERS LTD (since 30/06/2016)","","False","False","Rosja"
"9258868","NOCTIS","Crude Oil Tanker","(Cameroon)","TJM0088","","2003","63661","114809","In Service/Commission","GALYNDRA CAPSTAN LTD","GALYNDRA CAPSTAN LTD","NURLIS STORMCORE LLC","Rosjan Maritime Register of Shipping","","42","","","NOCTIS (since 01/03/2025) | Luna (since 01/12/2024) | Asher (since 01/08/2023) | Gold Season (since 01/04/2021) | Marid (since 01/03/2021) | Star Swift (since 01/09/2017) | British Swift (since 01/05/2003)","Cameroon (since 01/08/2025) | Not Known (since 01/05/2025) | Comoros (since 01/03/2025) | Vietnam (since 01/04/2021) | Panama (since 01/03/2021) | Marshall Islands (since 01/09/2017) | Isle of Man (since 01/05/2003)","6","6","GALYNDRA CAPSTAN LTD (since 18/01/2026) | ALTITUDE ASSETS CORP (since 08/03/2025) | OVTRANS PETROL TRANSPORT (since 01/12/2024) | VENUS GAS CO LTD (since 01/08/2023) | THANG LONG GAS CO LTD (since 08/04/2021) | CENTAURUS SHIPPING CORP (before 01/2014)","","False","False","Rosja"
"9322839","AVANGARD","Crude Oil Tanker","(Rosja)","UAYE9","","2006","61371","114896","In Service/Commission","KROEGER TANKERS FZE","KROEGER TANKERS FZE","FAR FRONTIERS LLC","Rosjan Maritime Register of Shipping","","31","","","AVANGARD (since 01/01/2026) | Avril (since 01/04/2024) | Hs Atlantica (since 01/11/2022) | Beks Atlantica (since 01/10/2021) | Sunny Atlantica (since 01/10/2020) | Minerva Atlantica (since 01/05/2015) | Stena Atlantica (since 01/11/2006) | Four Atlantica (since 01/11/2006)","Rosja (since 01/01/2026) | Guinea False (since 01/08/2024) | Eswatini FALSE (since 01/04/2024) | Liberia (since 01/11/2022) | Marshall Islands (since 01/10/2021) | Cayman Islands (since 01/11/2006)","5","7","KROEGER TANKERS FZE (since 22/04/2024) | HS ATLANTICA LTD (since 04/11/2022) | ASTERION MARITIME & TRADING (since 19/10/2021) | MSEA ATLANTICA LLC (since 15/12/2015)","","False","False","Rosja"
"9283289","JASKEL","Crude Oil Tanker","(Sierra leone)","9LU2061","","2005","61724","109181","In Service/Commission","BLINDARIN OCEANFORGE LTD","BLINDARIN OCEANFORGE LTD","SEAFARING SAVANTS LLC","Rosjan Maritime Register of Shipping","","29","","","JASKEL (since 01/04/2026) | Dusk (since 01/05/2025) | Thya (since 01/01/2022) | Spectrum (since 01/10/2020) | Maersk Progress (since 01/08/2005)","Sierra leone (since 01/01/2026) | Gambia FALSE (since 01/10/2025) | Comoros (since 01/05/2025) | Panama (since 01/10/2020) | Singapore (since 01/08/2005)","4","4","BLINDARIN OCEANFORGE LTD (since 17/04/2026) | JADE PALACE MARITIME INC (since 19/06/2025) | MAERSK TANKERS SINGAPORE PTE (since 10/02/2012) | MOLLER SINGAPORE AP PTE LTD (since 26/09/2005) | MOLLER-MAERSK A/S (since 01/08/2005)","","False","False","Rosja"
"9317949","KARTHA","Crude Oil Tanker","(Sierra leone)","9LU2601","","2007","67032","116905","In Service/Commission","VAVAU MARITIME LTD","VAVAU MARITIME LTD","XI LONG SHAN SHIPMANAGEMENT CO","Rosjan Maritime Register of Shipping","","33","","","KARTHA (since 01/06/2025) | Xiwang (since 01/12/2024) | Artemis (since 01/01/2023) | Seamagic (since 01/05/2008) | Polar Merchant (since 01/03/2007)","Sierra leone (since 01/10/2025) | Comoros FALSE (since 01/05/2025) | Comoros (since 01/04/2025) | Djibouti False (since 01/01/2025) | Djibouti (since 01/12/2024) | Gabon (since 01/06/2023) | Not Known (since 01/05/2023) | Mongolia (since 01/04/2023) | St.Kitts and Nevis (since 01/01/2023) | Malta (since 01/05/2008) | Cyprus (since 01/03/2007)","10","4","VAVAU MARITIME LTD (since 02/12/2024) | DERIBA MARITIME CORP (since 01/03/2024) | APOLLO SHIPPING & MARINE INC (since 30/01/2023) | POSEIDON SHIPPING & MARITIME (since 14/05/2008) | POLAR MERCHANT SHIPPING CO LTD (since 26/03/2007)","","False","False","Rosja"
"9332834","MYSTERY","Crude Oil Tanker","(Equatorial Guinea)","3CAN12","","2007","59164","115577","In Service/Commission","TUKARA LTD","HAN JIANG SHIPMANAGEMENT CO","HAN JIANG SHIPMANAGEMENT CO","Rosjan Maritime Register of Shipping","","41","","","MYSTERY (since 01/05/2025) | Sooraj (since 01/02/2025) | Wisdoms Daughter (since 01/01/2023) | Jupiter Sun (since 01/06/2014) | Forward Bright (since 01/06/2007)","Equatorial Guinea (since 01/05/2026) | Sierra leone (since 01/11/2025) | Gambia (since 01/09/2025) | Palau (Republic of) (since 01/05/2025) | Djibouti (since 01/04/2025) | Panama (since 01/02/2025) | Gabon (since 01/07/2023) | Not Known (since 01/05/2023) | Mongolia (since 01/05/2023) | St.Kitts and Nevis (since 01/01/2023) | Liberia (since 01/06/2014) | Hong Kong, China (since 01/06/2007)","11","4","TUKARA LTD (since 27/11/2025) | SAVAN SHIPPING LTD (since 27/05/2025) | BO HANG MARITIME LTD (since 13/03/2025) | OCEANELITE INNOVATIONS FZE (since 13/02/2024) | WISDOMS SHIPPING & MARINE INC (since 25/01/2023) | NIXTEM SHIPPING INC (since 24/06/2014)","","False","False","Rosja"
"9388780","BAI LU","Crude Oil Tanker","(Equatorial Guinea)","3CAN30","","2009","62863","108940","In Service/Commission","BUBBLE MARINE INC","BUBBLE MARINE INC","QIAN DAO HU SHIPMANAGEMENT CO","Rosjan Maritime Register of Shipping","","8","","","BAI LU (since 01/01/2025) | Khalissa (since 01/08/2023) | Wellington (since 01/01/2021) | Ocean Unicorn (since 01/05/2009)","Equatorial Guinea (since 01/05/2026) | Sierra leone (since 01/11/2025) | Not Known (since 01/10/2025) | Sao Tome and Principe (since 01/05/2025) | Not Known (since 01/03/2025) | Panama (since 01/08/2023) | Marshall Islands (since 01/01/2021) | Singapore (since 01/05/2009)","7","3","BUBBLE MARINE INC (since 17/08/2023) | UML WELLINGTON LTD (since 28/05/2023) | FLEETSCAPE UM WELLINGTON LLC (since 22/01/2021) | DA GUANG TANKERS PTE LTD (since 05/05/2009)","","False","False","Rosja"
"9331141","RIZVEL","Crude Oil Tanker","(Sierra leone)","9LU2864","","2006","61348","114858","In Service/Commission","HYLARION NAVALSTAR LTD","TITAN MARINE MANAGEMENT' LLC","TITAN MARINE MANAGEMENT' LLC","Rosjan Maritime Register of Shipping","","33","","","RIZVEL (since 01/09/2025) | Kelly Grace (since 01/08/2024) | Vela Rain (since 01/12/2022) | Samraa Alkhaleej (since 01/01/2009) | Spike (since 01/07/2006)","Sierra leone (since 01/09/2025) | Comoros FALSE (since 01/05/2025) | Comoros (since 01/04/2025) | Sao Tome & Principe FALSE (since 01/01/2025) | Barbados (since 01/08/2024) | Not Known (since 01/07/2024) | Cook islands (since 01/12/2022) | Libya (since 01/09/2009) | Malta (since 01/07/2006)","8","4","HYLARION NAVALSTAR LTD (since 29/04/2026) | HANDY WAVE LTD (since 07/02/2025) | PHILADELPHIA NAVIGATION LTD (since 15/01/2009) | SPIKE SHIPPING LTD (since 26/07/2006)","","False","False","Rosja"
"9337901","RIMMA","Crude Oil Tanker","(Cameroon)","TJMW1A","","2006","59671","110802","In Service/Commission","HE XEI SHIPPING LTD","LIAO HE SHIPMANAGEMENT CO LTD","LIAO HE SHIPMANAGEMENT CO LTD","Lloyd's Register (IACS)","","47","","","RIMMA (since 01/06/2025) | Samudra (since 01/01/2025) | Golden Mile (since 01/01/2023) | Kriti Galaxy (since 01/02/2021) | Esteem Brilliance (since 01/11/2006)","Cameroon (since 01/11/2025) | Palau (Republic of) (since 01/06/2025) | Not Known (since 01/05/2025) | Djibouti (since 01/01/2025) | Gabon (since 01/04/2023) | St.Kitts and Nevis (since 01/01/2023) | Greece (since 01/02/2021) | Panama (since 01/10/2010) | Singapore (since 01/11/2006)","8","4","HE XEI SHIPPING LTD (since 10/02/2026) | CANG LONG SHIPPING LTD (since 12/07/2025) | HE XEI SHIPPING LTD (since 06/01/2025) | NEPTUNE FLEET SOLUTIONS LTD (since 24/01/2024) | LIKE MINDS SHIPPING & MARINE (since 30/01/2023) | BRESCIA MARINE SA (since 26/02/2021) | MEIJI SHIPPING BV (during 10/2010) | MEIJI SHIPPING PTE LTD (since 01/11/2006)","","False","False","Rosja"
"9332781","AQUA TITAN","Crude Oil Tanker","(Cameroon)","TJM41","","2006","59158","115536","In Service/Commission","LAFAFA SHIPPING LTD","HUANG QI HAI SHIPMANAGEMENT CO","HUANG QI HAI SHIPMANAGEMENT CO","Rosjan Maritime Register of Shipping","","30","","","AQUA TITAN (since 01/01/2025) | Lang Ya (since 01/11/2024) | Panta Rei 1 (since 01/09/2023) | Mars Sun (since 01/06/2014) | Forward Flair (since 01/12/2006)","Cameroon (since 01/10/2025) | Gambia FALSE (since 01/10/2025) | Comoros FALSE (since 01/05/2025) | Comoros (since 01/04/2025) | Djibouti (since 01/04/2025) | Not Known (since 01/01/2025) | Djibouti (since 01/01/2025) | Panama (since 01/09/2023) | Liberia (since 01/06/2014) | Singapore (since 01/10/2011) | Panama (since 01/12/2006)","10","4","LAFAFA SHIPPING LTD (since 31/10/2025) | YUKAI LTD (since 25/04/2025) | WHIP MARINE INC (since 26/09/2023) | WILTAMAX MARINE INC (since 20/06/2014) | NYK BULKSHIP ASIA PTE LTD (since 08/10/2011)","","False","False","Rosja"
"9387255","VEXIA","Crude Oil Tanker","(Cameroon)","TJM17H","","2008","59671","110448","In Service/Commission","AZURE MARITIME SERVICES & TRDG","EAST GEMI ISLETMECILIGI AS","EAST GEMI ISLETMECILIGI AS","Bureau Veritas (IACS)","","36","","","VEXIA (since 01/04/2026) | Azure (since 01/06/2025) | Main (since 01/03/2024) | Beks Daisy (since 01/10/2023) | Centennial Sapporo (since 01/06/2021) | Eagle Sapporo (since 01/12/2008)","Cameroon (since 01/12/2025) | Not Known (since 01/10/2025) | Palau (Republic of) (since 01/06/2025) | Barbados (since 01/03/2024) | Marshall Islands (since 01/10/2023) | Panama (since 01/11/2011) | Singapore (since 01/12/2008)","6","5","AZURE MARITIME SERVICES & TRDG (since 16/06/2025) | MAIN MARITIME & TRADING LTD (since 01/11/2024) | DAISY MARITIME & TRADING INC (since 05/10/2023) | MEIJI SHIPPING BV (since 25/11/2011) | MEIJI SHIPPING PTE LTD (during 12/2008)","","False","False","Rosja"
"9259197","THALIA III","Crude Oil Tanker","(Guyana False)","UNKNOWN","","2003","57979","107127","In Service/Commission","SELENA LIVELY LTD","SELENA LIVELY LTD","CORMORANTAY CO LTD","Lloyd's Register (IACS)","","28","","","THALIA III (since 01/11/2022) | Redbud (since 01/02/2022) | Gundala (since 01/10/2019) | Ads Oslo (since 01/04/2014) | Pacific Leo (since 01/02/2003)","Guyana False (since 01/12/2025) | Not Known (since 01/01/2025) | Panama (since 01/11/2022) | Liberia (since 01/02/2022) | Marshall Islands (since 01/04/2014) | Panama (since 01/12/2002) | Liberia (during 2002)","6","4","SELENA LIVELY LTD (since 14/11/2022) | MAHAMERU NUSA MENTARI PT (since 25/10/2019) | AFRAMAR AS (since 14/04/2014)","","False","False","Rosja"
"9168946","ZEVS","Crude Oil Tanker","(Equatorial Guinea)","3CAN25","","1999","72449","126355","In Service/Commission","KALIMO JEXA LTD","KALIMO JEXA LTD","AKARA NAVIGATION LLC","Rosjan Maritime Register of Shipping","","28","","","ZEVS (since 01/12/2021) | Guru (since 01/06/2021)","Equatorial Guinea (since 01/04/2026) | Cameroon (since 01/12/2021) | Liberia (since 01/06/2021) | Bahamas (since 01/04/2009)","3","1","KALIMO JEXA LTD (since 02/04/2026) | ASTRINIX HORIZON LTD (since 22/01/2026) | ELYSIAN HORIZON CORP (since 05/12/2023) | ALTERA SHUTTLE LOADING PTE LTD (since 17/12/2014) | MST SHUTTLE LOADING AS (before 12/2010) | ALTERA SHUTTLE LOADING PTE LTD (since 27/04/2009) | MST SHUTTLE LOADING AS (since 01/12/2002)","","False","False","Rosja"
"9281891","MEROPE","Crude Oil Tanker","(Not Known)","UNKNOWN","","2003","58100","107198","In Service/Commission","LEPUS SAI LTD","SHANGHAI FUTURE SHIP MGMT CO","SHANGHAI FUTURE SHIP MGMT CO","May 2026","","28","","","MEROPE (since 01/11/2020) | Amber Sun (since 01/08/2013) | Baltic Sea (since 01/11/2012) | Diamond Champ (since 01/10/2007) | Stena Conductor (since 01/09/2003)","Not Known (since 01/12/2024) | Panama (since 01/03/2023) | Liberia (since 01/11/2012) | Panama (since 01/09/2003)","3","4","LEPUS SAI LTD (since 01/06/2023) | REDRALE MARINE INC (since 31/07/2013) | RIMLANE SHIPPING INC (since 06/11/2012) | FRIEND SHINE SHIPPING SA (since 09/09/2003)","","False","False","Rosja"
"9224465","OLAF 1","Crude Oil Tanker","(Comoros FALSE)","UNKNOWN","","2002","81085","159184","In Service/Commission","TRIDENT INFINITY LTD","VIGOR MARINE SERVICES LLP","VIGOR MARINE SERVICES LLP","Rosjan Maritime Register of Shipping","","22","","","OLAF 1 (since 01/02/2025) | Neve (since 01/10/2023) | Bear Mizar (since 01/08/2021) | SCF Sayan (since 01/08/2002)","Comoros FALSE (since 01/05/2025) | Comoros (since 01/02/2025) | Panama (since 01/10/2023) | Liberia (since 01/08/2002)","3","3","TRIDENT INFINITY LTD (since 24/10/2023) | BEAR MIZAR NAVIGATION LTD (since 13/08/2021) | AMBER TANKERS INC (during 2001)","","False","False","Rosja"
"9416422","OCEAN THUNDER","Crude Oil Tanker","(Panama)","3E5246","","2009","84908","164772","In Service/Commission","OCEAN THUNDER SHIPPING CORP","PEKA DENIZCILIK VE GEMI","PEKA DENIZCILIK VE GEMI","Indian Register of Shipping (IACS)","","20","","","OCEAN THUNDER (since 01/06/2023) | Ridgebury John Zipser (since 01/01/2014) | Wilsky (since 01/09/2009) | Crude Gamma (since 01/05/2009)","Panama (since 01/02/2024) | Liberia (since 01/06/2023) | Marshall Islands (since 01/01/2014) | Malta (since 01/12/2010) | Norway (NIS) (since 01/05/2009) | Greece (since 01/05/2009)","5","3","OCEAN THUNDER SHIPPING CORP (since 23/02/2024) | OCEAN THUNDER NAVIGATION-LIB (since 02/06/2023) | RIDGEBURY WHISKEY LLC (since 22/01/2014)","","False","False","Rosja"
"9299719","OTLA","Crude Oil Tanker","(Comoros FALSE)","UNKNOWN","","2005","57248","110043","In Service/Commission","YING DA MARINE LTD","YING DA MARINE LTD","YING DA MARINE LTD","Rosjan Maritime Register of Shipping","","32","","","OTLA (since 01/04/2025) | Kotlas (since 01/06/2024) | NS Champion (since 01/07/2005)","Comoros FALSE (since 01/05/2025) | Comoros (since 01/04/2025) | Rosja (since 01/01/2024) | Liberia (since 01/07/2005)","3","2","YING DA MARINE LTD (since 30/04/2025) | INVEST FLEET LTD (since 30/01/2024) | STERLING SHIPPING INC (since 12/07/2005)","","False","False","Rosja"
"9299692","CELT","Crude Oil Tanker","(Oman)","A4DQ6","","2005","57248","109919","In Service/Commission","SERPENTINE MARINE SPC","DREAMER SHIPMANAGEMENT LLC-FZ","DREAMER SHIPMANAGEMENT LLC-FZ","Indian Register of Shipping (IACS)","","24","","","CELT (since 01/07/2025) | Callisto (since 01/09/2024) | NS Concord (since 01/04/2005)","Oman (since 01/07/2025) | Comoros (since 01/03/2025) | Barbados (since 01/09/2024) | Gabon (since 01/01/2024) | Liberia (since 01/04/2005)","4","2","SERPENTINE MARINE SPC (since 18/07/2025) | BURMA RUBY MARITIME INC (since 30/09/2024) | WYATT MARINE CO (since 01/04/2005)","","False","False","Rosja"
"9311531","LINDOR","Crude Oil Tanker","(Cameroon)","TJMR07","","2005","56204","105522","In Service/Commission","VIMAN MARITIME INC","VIMAN MARITIME INC","UNKNOWN","Rosjan Maritime Register of Shipping","","32","","","LINDOR (since 01/08/2025) | Reinel (since 01/06/2025) | Afkada (since 01/02/2025) | Lefkada (since 01/12/2022) | Hao Yu (since 01/06/2021) | SL Success (since 01/06/2021) | Sulu Sea (since 01/09/2014) | Star Lady (since 01/06/2005)","Cameroon (since 01/01/2026) | Not Known (since 01/11/2025) | Gambia (since 01/08/2025) | Malawi False (since 01/06/2025) | Not Known (since 01/05/2025) | Gabon (since 01/04/2023) | St.Kitts and Nevis (since 01/12/2022) | Liberia (since 01/09/2014) | Isle of Man (since 01/06/2005)","8","7","VIMAN MARITIME INC (since 06/06/2025) | QATIF MARITIME INC (since 26/04/2024) | PARADISE SHIPPING & MARINE INC (since 17/04/2023) | PERSEUS SHIPPING PTE LTD (since 08/06/2021) | GOLUNA MARINE INC (since 23/09/2014)","","False","False","Rosja"
"9233349","VESNA","Crude Oil Tanker","(Not Known)","UNKNOWN","","2000","56291","106129","In Service/Commission","DANIKA ROBERT LTD","SHANGHAI LEGENDARY SHIP MGMT","SHANGHAI LEGENDARY SHIP MGMT","Bureau Veritas (IACS)","","25","","","VESNA (since 01/03/2020) | Ocean Safari (since 01/08/2019) | Moon Safari (since 01/09/2013) | Drakes Moon (since 01/08/2011) | Glory Crystal (during 2000)","Not Known (since 01/12/2024) | Belize (since 01/01/2023) | Not Known (since 01/11/2022) | Djibouti (since 01/03/2020) | Not Known (since 01/01/2020) | Panama (since 01/08/2019) | Marshall Islands (since 01/08/2011)","6","4","DANIKA ROBERT LTD (since 27/01/2023) | ADVANCE AGILITY LTD (during 04/2020)","","False","False","Rosja"
"9436941","INTEGRATOR","Crude Oil Tanker","(Rosja)","UAYE3","","2010","55898","105309","In Service/Commission","ELGON MARITIME CORP","ELGON MARITIME CORP","FIRST SKYLINES LLC","Rosjan Maritime Register of Shipping","","27","","","INTEGRATOR (since 01/02/2026) | BAISHA (since 01/03/2025) | Yi Meng Shan (since 01/11/2024) | Attica (since 01/01/2023) | Syra (since 01/10/2013) | Stavanger Bell (since 01/03/2010)","Rosja (since 01/02/2026) | Comoros FALSE (since 01/05/2025) | Comoros (since 01/04/2025) | Djibouti False (since 01/01/2025) | Djibouti (since 01/12/2024) | Gabon (since 01/04/2023) | St.Kitts and Nevis (since 01/01/2023) | Malta (since 01/10/2013) | Norway (NIS) (since 01/04/2010) | Panama (since 01/03/2010)","9","5","ELGON MARITIME CORP (since 20/02/2024) | ZEUS SHIPPING & MARINE INC (since 17/04/2023) | VARI SHIPPING LTD (since 13/10/2013)","","False","False","Rosja"
"9326720","HERA","Crude Oil Tanker","(Vietnam)","XVKD7","","2007","81380","158843","In Service/Commission","HUNG PHAT MARITIME TRADING","HUNG PHAT MARITIME TRADING","HUNG PHAT MARITIME TRADING","May 2026","","30","","","HERA (since 01/05/2023) | Gracy (since 01/08/2021) | SKS Spey (since 01/11/2007)","Vietnam (since 01/08/2021) | Norway (NIS) (since 01/11/2007)","1","2","HUNG PHAT MARITIME TRADING (since 15/05/2023) | FGAS PETROL JSC (since 03/08/2021) | SKS OBO & TANKERS AS (since 16/12/2008) | SKS OBO HOLDING LTD (since 15/11/2007)","","False","False","Rosja"
"9354313","JASMINE","Crude Oil Tanker","(Oman)","A4DV8","","2008","60178","104542","In Service/Commission","WHITE AGATE MARINE SPC","DREAMER SHIPMANAGEMENT LLC-FZ","DREAMER SHIPMANAGEMENT LLC-FZ","Indian Register of Shipping (IACS)","","27","","","JASMINE (since 01/09/2025) | Zaliv Amurskiy (since 01/07/2008)","Oman (since 01/09/2025) | Comoros FALSE (since 01/05/2025) | Comoros (since 01/03/2025) | Panama (since 01/12/2023) | Liberia (since 01/08/2016) | Cyprus (since 01/07/2008)","5","1","WHITE AGATE MARINE SPC (since 01/09/2025) | BUNASE MARITIME CO (since 14/06/2025) | BUXUS SEAWAY LTD (since 30/08/2016)","","False","False","Rosja"
"9408205","NELSA","Crude Oil Tanker","(Cameroon)","TJMO4M","","2010","83805","156760","In Service/Commission","JORVEXIM DOCKLINE CO LTD","NURLIS STORMCORE LLC","NURLIS STORMCORE LLC","Rosjan Maritime Register of Shipping","","20","","","NELSA (since 01/11/2025) | Fast Kathy (since 01/06/2023) | Front Njord (since 01/08/2010)","Cameroon (since 01/11/2025) | Cameroon (since 01/08/2025) | Comoros FALSE (since 01/05/2025) | Comoros (since 01/04/2025) | Honduras (since 01/08/2024) | Cook islands (since 01/06/2023) | Marshall Islands (since 01/08/2020) | Hong Kong, China (since 01/08/2010)","7","2","JORVEXIM DOCKLINE CO LTD (since 04/02/2026) | XANTIX VENTURE LTD (since 14/11/2025) | IRON ROUTE SHIPPING LTD (since 04/08/2025) | FRONT NJORD INC (since 12/08/2010)","","False","False","Rosja"
"9285835","KOUSAI","Crude Oil Tanker","(Sierra leone)","9LU2873","","2005","62806","115341","In Service/Commission","SINAKOT MARINEHORIZON LTD","SINAKOT MARINEHORIZON LTD","HARBOR HARMONY SHIPMANAGEMENT","Rosjan Maritime Register of Shipping","","39","","","KOUSAI (since 01/09/2025) | Sea Fidelity (since 01/06/2023) | Wonder Polaris (since 01/03/2021) | Dubai Harmony (since 01/06/2019) | Telleviken (since 01/06/2011) | Tanea (since 01/05/2005) | Ganstar (since 01/02/2005)","Sierra leone (since 01/09/2025) | Comoros FALSE (since 01/05/2025) | Comoros (since 01/04/2025) | Honduras (since 01/01/2025) | Cook islands (since 01/06/2023) | Marshall Islands (since 01/03/2021) | Liberia (since 01/06/2019) | Bahamas (since 01/06/2011) | Isle of Man (since 01/05/2005)","8","6","SINAKOT MARINEHORIZON LTD (since 30/04/2026) | STORMY LINE CORP (since 26/12/2025) | ROCKET SHIPPING CO (since 11/03/2021) | DYLAN MARITIME 4 DAC (since 03/06/2019) | TELLEVIKEN LLC (since 12/12/2013)","","False","False","Rosja"
"9288722","RORA","Crude Oil Tanker","(Cameroon)","TJM0133","","2005","62320","111004","In Service/Commission","ALIKTSUN TIDE LTD","NAUTILUS FLEET MANAGEMENT LLC","NAUTILUS FLEET MANAGEMENT LLC","Rosjan Maritime Register of Shipping","","25","","","RORA (since 01/08/2025) | Brave Discoverer (since 01/06/2025) | Azure Celeste (since 01/01/2023) | Delta Sailor (since 01/03/2005)","Cameroon (since 01/11/2025) | Gambia (since 01/08/2025) | Comoros (since 01/06/2025) | Tanzania (since 01/12/2024) | Honduras (since 01/09/2024) | Cook islands (since 01/01/2023) | Liberia (since 01/05/2020) | Greece (since 01/03/2005)","7","3","ALIKTSUN TIDE LTD (since 04/02/2026) | AYMERA FORWARD LTD (since 24/08/2025) | CHIRON LOGISTICS LTD (since 02/06/2025) | IOKASTI SHIPPING LTD (since 20/05/2020) | SAIL ENE (since 26/04/2006)","","False","False","Rosja"
"9301524","DENEB","Crude Oil Tanker","(Sierra leone)","9LS2072","","2006","81380","158843","In Service/Commission","INSIST LINE LTD","INSIST LINE LTD","GLOBAL SHIP SOLUTIONS LLC","Rosjan Maritime Register of Shipping","","40","","","DENEB (since 01/10/2024) | Palmer (since 01/07/2021) | SKS Satilla (since 01/07/2006)","Sierra leone (since 01/10/2024) | Vietnam (since 01/07/2021) | Norway (NIS) (since 01/07/2006)","2","2","INSIST LINE LTD (since 17/10/2024) | OVTRANS PETROL TRANSPORT (since 15/07/2021) | SKS OBO & TANKERS AS (since 15/12/2008) | SKS OBO HOLDING LTD (since 18/08/2006)","","False","False","Rosja"
"9187227","MERU","Crude Oil Tanker","(Equatorial Guinea)","3CAN5","","2000","81093","159999","In Service/Commission","VAELAGI PINNACLE LTD","VAELAGI PINNACLE LTD","DREAM ISLAND SHIPPING LLC","Rosjan Maritime Register of Shipping","","42","","","MERU (since 01/07/2024) | Omega (since 01/11/2022) | Spirit (since 01/10/2020) | Krit (since 01/09/2020) | Kriti Sfakia (since 01/07/2014) | Cape Bantry (since 01/04/2006) | Potomac (since 01/08/2003) | Front Sky (during 2000)","Equatorial Guinea (since 01/01/2026) | Gambia (since 01/09/2025) | Comoros FALSE (since 01/05/2025) | Comoros (since 01/02/2025) | Sierra leone (since 01/07/2024) | Cameroon (since 01/09/2020) | Cameroon (since 01/09/2020) | Liberia (since 01/07/2014) | Germany (since 01/07/2014) | Marshall Islands (since 01/08/2003) | Germany (since 01/08/2003) | Norway (NIS) (since 01/01/2001)","11","7","VAELAGI PINNACLE LTD (since 21/01/2026) | HARMONY GROVE CORP (since 10/01/2024) | JASPERO SHIPPING CORP (since 17/09/2020) | MORRELLE SHIPHOLDING SA (since 29/07/2014) | QUADRANT MARINE INC (during 2000)","","False","False","Rosja"
"9314105","MAKALU","Crude Oil Tanker","(Equatorial Guinea)","3CAN6","","2005","58217","107081","In Service/Commission","FATHOM QUILL LTD","FATHOM QUILL LTD","DREAM ISLAND SHIPPING LLC","Rosjan Maritime Register of Shipping","","38","","","MAKALU (since 01/04/2023) | Songa Coral (since 01/02/2015) | Al Muminah (since 01/04/2013) | Forward Pioneer (since 01/01/2005)","Equatorial Guinea (since 01/02/2026) | Not Known (since 01/11/2025) | Gambia (since 01/08/2025) | Comoros FALSE (since 01/05/2025) | Comoros (since 01/03/2025) | Barbados (since 01/11/2024) | Cook islands (since 01/03/2024) | Palau (Republic of) (since 01/04/2023) | Marshall Islands (since 01/02/2015) | Saudi Arabia (since 01/04/2013) | Panama (since 01/01/2005)","10","3","FATHOM QUILL LTD (since 22/08/2025) | DOUBLE HARMONY MARINE CORP (since 26/04/2023) | SONGA TANKERS I AS (since 26/10/2022) | SONGA PRODUCT & CHEMICAL IV AS (since 18/02/2015) | AL DAR AL BARAH TRADING CO LTD (during 04/2013) | SAN CLEMENTE SHIPPING SA (since 11/01/2005)","","False","False","Rosja"
"9224283","NEER 1","Crude Oil Tanker","(Gambia)","C5J478","","2002","81310","149993","Broken Up","","","UNKNOWN","Lloyd's Register (IACS)","","25","","","NEER 1 (since 01/01/2025) | Kapal Cantik (since 01/08/2023) | Sol Pride (since 01/07/2022) | Nordic Moon (since 01/11/2006) | Summer Sky (since 01/11/2003) | Euro Sky (since 01/08/2002)","Gambia (since 01/01/2025) | Cook islands (since 01/08/2023) | Togo (since 01/06/2023) | Cook islands (since 01/05/2023) | St.Kitts and Nevis (since 01/07/2022) | Marshall Islands (since 01/08/2002)","5","5","STRATEGIC ALLIANCE LTD (since 14/05/2023) | NAT BERMUDA HOLDINGS LTD (since 10/04/2019) | NORDIC AMERICAN TANKERS LTD (since 27/11/2006)","","False","False","Rosja"
"9296391","PONTIC PIONEER","Crude Oil Tanker","(Cameroon)","TJMS50","","2006","77636","146427","In Service/Commission","TOPAZ MARITIME SERVICES & TRDG","TOPAZ MARITIME SERVICES & TRDG","KOLLAM KREW SHIPPING PVT LTD","Rosjan Maritime Register of Shipping","","21","","","PONTIC PIONEER (since 01/04/2026) | Boston Beacon (since 01/10/2025) | Peta Lumina (since 01/09/2024) | Fighter Two (since 01/05/2023) | Jal Fighter (since 01/01/2023) | Mike R (since 01/10/2022) | Ridgebury Mary Selena (since 01/04/2014) | Ice Explorer (since 01/09/2006)","Cameroon (since 01/02/2026) | Not Known (since 01/11/2025) | Comoros (since 01/10/2025) | Not Known (since 01/03/2025) | Barbados (since 01/09/2024) | Cook islands (since 01/05/2023) | Panama (since 01/10/2022) | Marshall Islands (since 01/04/2014) | Liberia (since 01/09/2006)","8","7","TOPAZ MARITIME SERVICES & TRDG (since 10/02/2026) | RPTD SOLD UNDISCLOSED INTEREST (since 10/10/2025) | DELVINA MARINE INC (since 05/01/2023) | RIDGEBURY UNIFORM LLC (since 23/04/2014) | FLETCHING CORP (since 19/09/2006)","","False","False","Rosja"
"9408695","TASSOS","Crude Oil Tanker","(Madagascar False)","UNKNOWN","","2009","83562","156436","In Service/Commission","TASSOS INTERNATIONAL LTD","ZULU SHIPS MANAGEMENT","ZULU SHIPS MANAGEMENT","Lloyd's Register (IACS)","","25","","","TASSOS (since 01/10/2024) | Bay Global (since 01/02/2023) | Front Balder (since 01/03/2015) | Seasalvia (since 01/07/2009) | Roxen Star (since 01/07/2009)","Madagascar False (since 01/04/2026) | Not Known (since 01/07/2025) | Liberia (since 01/02/2023) | Marshall Islands (since 01/03/2015) | Panama (since 01/07/2009)","4","4","TASSOS INTERNATIONAL LTD (since 10/10/2024) | BAY GLOBAL MARITIME INC (since 15/02/2023)","","False","False","Rosja"
"9315654","SEA HONOR","Crude Oil Tanker","(Guyana False)","UNKNOWN","","2005","83469","158706","In Service/Commission","RPTD SOLD UNDISCLOSED INTEREST","RPTD SOLD UNDISCLOSED INTEREST","UNKNOWN","April 2026","","34","","","SEA HONOR (since 01/01/2025) | Kapok (since 01/09/2023) | Lila Orlando (since 01/07/2023) | Sonangol Kassanje (since 01/06/2005)","Guyana False (since 01/01/2025) | Not Known (since 01/10/2024) | Panama (since 01/09/2023) | Liberia (since 01/07/2023) | Bahamas (since 01/06/2005)","4","3","RPTD SOLD UNDISCLOSED INTEREST (since 16/10/2024) | SHURI SERVICES LLC (since 28/07/2023)","","False","False","Rosja"
"9260823","FIESTA","Crude Oil Tanker","(Sierra leone)","9LS2024","","2004","59574","110673","In Service/Commission","VELORQAN KEELWORKS LTD","VELORQAN KEELWORKS LTD","NEPTUNE NAVIGATORS' LLC","Rosjan Maritime Register of Shipping","","46","","","FIESTA (since 01/07/2024) | Future (since 01/06/2021) | Aura (since 01/10/2020) | Mare Tirrenum (since 01/03/2004)","Sierra leone (since 01/07/2024) | Vietnam (since 01/10/2020) | Italy (since 01/03/2004)","2","3","VELORQAN KEELWORKS LTD (since 18/02/2026) | VOYAGE CRAFT INC (since 12/07/2024) | OVTRANS PETROL TRANSPORT (during 10/2020) | D'AMICO FRATELLI SPA (during 2004)","","False","False","Rosja"
"9589750","STRATEG","Crude Oil Tanker","(Rosja)","UAEE2","","2011","81384","158672","In Service/Commission","RPTD SOLD Rosja","RPTD SOLD Rosja","FIRST SKYLINES LLC","Rosjan Maritime Register of Shipping","","17","","","STRATEG (since 01/12/2025) | Danshui (since 01/04/2025) | Azuron (since 01/02/2025) | Li Bai (since 01/06/2023) | Melodia (since 01/09/2019) | Rio Arauca (since 01/07/2013) | Melodia (since 01/08/2011)","Rosja (since 01/12/2025) | Benin False (since 01/07/2025) | Comoros FALSE (since 01/04/2025) | Guyana False (since 01/02/2025) | Not Known (since 01/01/2025) | Panama (since 01/06/2023) | Marshall Islands (since 01/08/2011)","6","6","RPTD SOLD Rosja (since 11/12/2025) | HAIMA SHIPPING LTD (since 22/06/2023) | RACER SHIPPING SA (since 18/08/2011)","","False","False","Rosja"
"9412347","LYNX","Crude Oil Tanker","(Oman)","A4DS3","","2011","83747","156630","In Service/Commission","SERPENTINE MARINE SPC","DREAMER SHIPMANAGEMENT LLC-FZ","DREAMER SHIPMANAGEMENT LLC-FZ","Indian Register of Shipping (IACS)","","13","","","LYNX (since 01/08/2025) | Leo (since 01/10/2024) | Leonid Loza (since 01/01/2011)","Oman (since 01/08/2025) | Comoros (since 01/03/2025) | Barbados (since 01/10/2024) | Gabon (since 01/01/2024) | Liberia (since 01/01/2011)","4","2","SERPENTINE MARINE SPC (since 11/08/2025) | BERYLLIS MARITIME INC (since 08/10/2024) | NS BREEZE SHIPPING INC (since 04/01/2011)","","False","False","Rosja"
"9524463","SONATA","Crude Oil Tanker","(Rosja)","UAOE3","","2011","81282","158574","In Service/Commission","IDAS LLC","IDAS LLC","IDAS LLC","Rosjan Maritime Register of Shipping","","24","","","SONATA (since 01/12/2025) | Satara (since 01/03/2025) | Sakarya (since 01/11/2022) | Suez Hans (since 01/07/2011)","Rosja (since 01/12/2025) | Not Known (since 01/11/2025) | Gambia (since 01/08/2025) | Comoros FALSE (since 01/05/2025) | Comoros (since 01/03/2025) | Panama (since 01/11/2022) | Liberia (since 01/11/2022) | Marshall Islands (since 01/03/2021) | Liberia (since 01/03/2021) | Marshall Islands (since 01/07/2011) | Greece (since 01/06/2011)","10","3","IDAS LLC (since 17/12/2025) | EAST DIAMOND HONG KONG LTD (since 22/11/2022) | SUEZ HANS SHIPPING LTD (since 04/03/2021) | FLEETSCAPE SUEZ HANS LLC (since 04/03/2021) | SUEZ HANS LTD (since 19/07/2011) | SUEZ JADE LTD (since 14/07/2011) | OMNIBLUE SHIPPING INC (since 14/07/2011)","","False","False","Rosja"
"9513139","ZODIAK","Crude Oil Tanker","(Rosja)","UAWE2","","2011","83850","156532","In Service/Commission","IDAS LLC","IDAS LLC","IDAS LLC","Rosjan Maritime Register of Shipping","","24","","","ZODIAK (since 01/12/2025) | Fearless (since 01/03/2025) | Fjord Seal (since 01/09/2022) | Feyha N (since 01/07/2021) | Suez George (since 01/01/2014) | Hero (since 01/03/2011)","Rosja (since 01/12/2025) | Gambia FALSE (since 01/11/2025) | Comoros FALSE (since 01/05/2025) | Comoros (since 01/03/2025) | Panama (since 01/09/2022) | Marshall Islands (since 01/01/2014) | Malta (since 01/03/2011)","6","5","IDAS LLC (since 26/12/2025) | EAST VICTORY LTD (since 14/09/2022) | FEYHA N LTD (since 29/12/2021)","","False","False","Rosja"
"9421972","SPARTAN","Crude Oil Tanker","(Oman)","A4DQ4","","2010","84029","158070","In Service/Commission","CITRINE MARINE SPC","GREENLIGHT SHIPMANAGEMENT FZE","GREENLIGHT SHIPMANAGEMENT FZE","Indian Register of Shipping (IACS)","","28","","","SPARTAN (since 01/08/2025) | Saturn (since 01/10/2024) | SCF Samotlor (since 01/02/2010) | SCF Sakhalin (since 01/01/2010)","Oman (since 01/08/2025) | Comoros (since 01/03/2025) | Barbados (since 01/10/2024) | Gabon (since 01/01/2024) | Liberia (since 01/02/2010)","4","3","CITRINE MARINE SPC (since 13/08/2025) | BAHIA MARINE LTD (since 05/11/2024) | CHAMBER MARINE SA (since 26/02/2010)","","False","False","Rosja"
"9299666","DASHAN","Crude Oil Tanker","(Not Known)","UNKNOWN","","2005","85431","164608","In Casualty Or Repairing","REEF MARINE INC","REEF MARINE INC","UNKNOWN","Lloyd's Register (IACS)","","34","","","DASHAN (since 01/12/2024) | Mianzimu (since 01/01/2024) | Eurochampion 2004 (since 01/04/2005)","Not Known (since 01/01/2026) | Sierra leone (since 01/11/2025) | Gambia FALSE (since 01/10/2025) | Comoros FALSE (since 01/05/2025) | Comoros (since 01/04/2025) | Djibouti (since 01/12/2024) | Gabon (since 01/01/2024) | Liberia (since 01/07/2011) | Greece (during 2005)","8","2","REEF MARINE INC (since 12/01/2024) | SEA SERENITY SHIPPING CORP (since 01/03/2023) | PARTANKERS IX AS (since 21/12/2017)","","False","False","Rosja"
"9418482","CETUS","Crude Oil Tanker","(Sierra leone)","9LS1994","","2009","60325","105369","In Service/Commission","CENTAURI SERVICES LLC","CENTAURI SERVICES LLC","LUMEN SHIP MANAGEMENT - FZCO","May 2026","","27","","","CETUS (since 01/02/2024) | Ride (since 01/09/2022) | Stride (since 01/04/2013) | Zaliv Anadyr (since 01/05/2009)","Sierra leone (since 01/10/2025) | Guinea False (since 01/09/2025) | Gambia FALSE (since 01/08/2025) | Sao Tome and Principe (since 01/12/2024) | Gabon (since 01/02/2024) | Liberia (since 01/09/2022) | Singapore (since 01/04/2013) | Cyprus (since 01/05/2009)","7","3","CENTAURI SERVICES LLC (since 01/06/2025) | TETRIS ASSOCIATES LLC (since 27/02/2024) | MINERVA TANKERS PTE LTD (since 22/04/2013)","","False","False","Rosja"
"9282493","ASTERI","Crude Oil Tanker","(Madagascar False)","UNKNOWN","","2005","63598","113782","In Service/Commission","VANSHIP MARITIME PVT LTD","VANSHIP MARITIME PVT LTD","VANSHIP MARITIME PVT LTD","Lloyd's Register (IACS)","","36","","","ASTERI (since 01/04/2025) | Fiora (since 01/07/2024) | Vaigai (since 01/09/2022) | Tartan (since 01/11/2018) | British Cormorant (since 01/04/2005)","Madagascar False (since 01/03/2026) | Sint Maarten False (since 01/04/2025) | Not Known (since 01/03/2025) | Panama (since 01/09/2022) | Marshall Islands (since 01/11/2018) | Isle of Man (since 01/04/2005)","5","4","VANSHIP MARITIME PVT LTD (since 11/03/2025) | GOMTI LINES INC (since 22/09/2022) | UCC 3 LTD (since 28/11/2018)","","False","False","Rosja"
"9288710","MELITE","Crude Oil Tanker","(Cameroon)","TJMC961","","2005","62320","111009","In Service/Commission","MORVEX VENTURE LTD","MORVEX VENTURE LTD","AQUA FLEET MANAGEMENT LLC","Rosjan Maritime Register of Shipping","","24","","","MELITE (since 01/07/2025) | Kars (since 01/06/2025) | Kudos Stars (since 01/12/2022) | Delta Captain (since 01/02/2005)","Cameroon (since 01/02/2026) | Not Known (since 01/01/2026) | Sierra leone (since 01/07/2025) | Comoros (since 01/05/2025) | Tanzania (since 01/12/2024) | Honduras (since 01/07/2024) | Cook islands (since 01/12/2022) | Liberia (since 01/04/2020) | Greece (during 2005)","8","3","MORVEX VENTURE LTD (since 30/07/2025) | NEGA BERRETO LTD (since 03/06/2025) | FEDRA MARITIME INC (since 16/04/2020) | MASTER ENE (since 05/05/2006)","","False","False","Rosja"
"9346720","KIRA K","Crude Oil Tanker","(Panama)","3E5096","","2007","61473","115878","In Service/Commission","EASTERN SHIPPING INC","EASTERN SHIPPING INC","SHE RAY SHIPS CO LTD","China Classification Society (IACS)","","28","","","KIRA K (since 01/06/2023) | Shanghai (since 01/06/2023) | Dakota Strength (since 01/12/2019) | Aegean Blue (since 01/11/2007)","Panama (since 01/06/2023) | Marshall Islands (since 01/12/2019) | Greece (since 01/11/2007)","2","3","EASTERN SHIPPING INC (since 06/06/2023) | OCEAN ANGEL SHIPPING CO (since 14/11/2007)","","False","False","Rosja"
"9297357","NOVATOR","Crude Oil Tanker","(Rosja)","UAPD3","","2006","63462","113553","In Service/Commission","KANGEN MARITIME CORP","KANGEN MARITIME CORP","FIRST SKYLINES LLC","Rosjan Maritime Register of Shipping","","27","","","NOVATOR (since 01/08/2025) | Yanhu (since 01/03/2025) | Arjun (since 01/08/2024) | Hammurabi (since 01/12/2022) | Bluesea (since 01/08/2022) | Mandala (since 01/02/2020) | Androklis (since 01/12/2018) | British Kestrel (since 01/02/2006)","Rosja (since 01/08/2025) | Comoros FALSE (since 01/05/2025) | Comoros (since 01/03/2025) | Not Known (since 01/01/2025) | Panama (since 01/05/2023) | St.Kitts and Nevis (since 01/12/2022) | Marshall Islands (since 01/12/2018) | Isle of Man (since 01/02/2006)","7","7","KANGEN MARITIME CORP (since 01/02/2024) | EREN SHIPPING INC (since 02/12/2022) | BLUESEA SHIPPING CO (since 12/08/2022) | MANDALA MARITIME LTD (since 28/02/2020) | ANDROKLIS CRUDE CARRIER SA (since 21/12/2018)","","False","False","Rosja"
"9321847","AREIA","Crude Oil Tanker","(Not Known)","UNKNOWN","","2006","59158","115567","In Service/Commission","POLLY ROBBIN LTD","SUNNE CO LTD","SUNNE CO LTD","Lloyd's Register (IACS)","","31","","","AREIA (since 01/12/2024) | Emily S (since 01/05/2022) | Aries Sun (since 01/05/2014) | Forward Venture (since 01/10/2006)","Not Known (since 01/03/2025) | Sao Tome and Principe (since 01/12/2024) | Panama (since 01/05/2022) | Liberia (since 01/05/2014) | Panama (since 01/10/2006)","4","3","POLLY ROBBIN LTD (since 23/05/2022) | VORLEV SHIPPING INC (since 01/05/2014)","","True","False","Iran"
"9388792","UNITY","Crude Oil Tanker","(Cameroon False)","UNKNOWN","","2009","62863","108929","In Service/Commission","FMTC SHIP CHARTER LLC","FMTC SHIP CHARTER LLC","UNKNOWN","Rosjan Maritime Register of Shipping","","21","","","UNITY (since 01/09/2024) | March (since 01/03/2024) | Beks Swan (since 01/12/2021) | Ocean Vela (since 01/03/2019) | Ocean Explorer (since 01/01/2009)","Cameroon False (since 01/03/2026) | Zambia FALSE (since 01/08/2025) | Gambia (since 01/02/2025) | Rosja (since 01/09/2024) | Panama (since 01/03/2024) | Marshall Islands (since 01/12/2021) | Singapore (since 01/01/2009)","6","4","FMTC SHIP CHARTER LLC (since 07/02/2025) | ARGO TANKER GROUP LLC (since 05/09/2024) | COMET MARITIME & TRADING INC (since 01/04/2024) | SWAN MARITIME & TRADING INC (since 30/12/2021) | DONG YA TANKERS PTE LTD (since 20/01/2009)","","False","False","Rosja"
"9410870","AKHILL","Crude Oil Tanker","(Rosja)","UAFF2","","2008","62775","113010","In Service/Commission","GLOBAL SEAWAY LLC","GLOBAL SEAWAY LLC","GLOBAL SEAWAY LLC","Rosjan Maritime Register of Shipping","","11","","","AKHILL (since 01/03/2026) | Rowan (since 01/04/2025) | Hs Everett (since 01/11/2022) | Celsius Everett (since 01/10/2019) | Mucua (since 01/12/2010) | Pacific Spirit (since 01/10/2008)","Rosja (since 01/03/2026) | Guinea False (since 01/04/2025) | Liberia False (since 01/01/2025) | Not Known (since 01/04/2024) | Liberia (since 01/11/2022) | Marshall Islands (since 01/10/2019) | Cyprus (since 01/10/2008)","6","5","GLOBAL SEAWAY LLC (since 23/03/2026) | HS EVERETT LTD (since 15/11/2022) | GH PROD VIII LLC (since 25/09/2019) | SARAGOL TANKERS 2 AS (since 15/12/2010)","","False","False","Rosja"
"9288851","TRANSFORMER","Crude Oil Tanker","(Rosja)","UAKF4","","2004","62965","115635","In Service/Commission","RPTD SOLD UNDISCLOSED INTEREST","RPTD SOLD UNDISCLOSED INTEREST","DOMINANT SHIPPING LLC","Rosjan Maritime Register of Shipping","","61","","","TRANSFORMER (since 01/05/2026) | Grinch (since 01/04/2025) | Carl (since 01/07/2022) | Carlton (since 01/12/2018) | Hs Tosca (since 01/10/2004)","Rosja (since 01/05/2026) | Comoros FALSE (since 01/05/2025) | Comoros (since 01/04/2025) | Barbados (since 01/09/2024) | Gabon (since 01/03/2024) | Liberia (since 01/07/2022) | Marshall Islands (since 01/12/2018) | Germany (since 01/12/2018) | Malta (since 01/10/2012) | Liberia (since 01/10/2004) | Germany (since 01/10/2004)","10","4","RPTD SOLD UNDISCLOSED INTEREST (since 10/01/2025) | UML CARLTON LTD (since 19/06/2020) | UML DORSET LTD (since 21/12/2018) | HS TOSCA MBH & CO KG (since 27/10/2004)","","False","False","Rosja"
"9388766","DESTAN","Crude Oil Tanker","(Sierra leone)","9LS1963","","2008","62863","108912","In Service/Commission","HAORUI LTD","HAORUI LTD","CHARAI SEA SHIPPING PVT LTD","Rosjan Maritime Register of Shipping","","22","","","DESTAN (since 01/07/2023) | Ampleforth (since 01/02/2021) | Ocean Quest (since 01/08/2008)","Sierra leone (since 01/03/2026) | Oman (since 01/09/2025) | Not Known (since 01/08/2025) | Sao Tome and Principe (since 01/04/2025) | Panama (since 01/07/2023) | Marshall Islands (since 01/02/2021) | Singapore (since 01/08/2008)","6","2","HAORUI LTD (since 23/03/2026) | QENDIL MARINA LLC (since 27/09/2025) | HOYSALA SHIPPING LTD (since 08/06/2025) | VICTORY SHIPPING & MARINE INC (since 07/07/2023) | UML AMPLEFORTH LTD (since 28/05/2023) | FLEETSCAPE UM AMPLEFORTH LLC (since 08/02/2021) | XIN BO SHIPPING PTE LTD (since 22/08/2008)","","False","False","Rosja"
"9402471","QASR","Crude Oil Tanker","(Equatorial Guinea)","3CAN17","","2009","63294","115605","In Service/Commission","FURONG LTD","FURONG LTD","RI YUE SHAN SHIPMANAGEMENT CO","Rosjan Maritime Register of Shipping","","25","","","QASR (since 01/07/2025) | Devika (since 01/06/2025) | Apar (since 01/12/2024) | Feng Shou (since 01/11/2024) | Andromeda Star (since 01/11/2023) | Fulmar (since 01/10/2019) | Brightoil League (since 01/10/2010) | Dubai Paradise (since 01/03/2009)","Equatorial Guinea (since 01/03/2026) | Oman (since 01/07/2025) | Malawi False (since 01/06/2025) | Not Known (since 01/05/2025) | Djibouti (since 01/01/2025) | Panama (since 01/11/2023) | Marshall Islands (since 01/10/2019) | Hong Kong, China (since 01/10/2010) | Marshall Islands (since 01/03/2009)","8","7","FURONG LTD (since 19/03/2026) | QASR MARINA LLC (since 06/01/2026) | TULIA MARITIME INC (since 01/06/2025) | VIEUX MARITIME INC (since 04/12/2024) | ALGAE MARINE INC (since 17/11/2023) | UML ABBEY LTD (since 21/10/2019) | PARADISE MARITIME & TRADING (since 31/03/2009)","","False","False","Rosja"
"9826902","GALAXY","Crude Oil Tanker","(Oman)","A4HA3","","2019","64909","113232","In Service/Commission","WHITE AGATE MARINE SPC","ALBATROSS SHIPMANAGEMENT","ALBATROSS SHIPMANAGEMENT","Indian Register of Shipping (IACS)","","3","","","GALAXY (since 01/08/2024) | Korolev Prospect (since 01/02/2019)","Oman (since 01/09/2025) | Comoros FALSE (since 01/05/2025) | Comoros (since 01/03/2025) | Tanzania (since 01/12/2024) | Barbados (since 01/08/2024) | Gabon (since 01/01/2024) | Liberia (since 01/02/2019)","6","1","WHITE AGATE MARINE SPC (since 15/07/2025) | ANDA SEAWAY INC (since 15/08/2024) | KISMET VENTURES LTD (since 20/02/2019)","","False","False","Rosja"
"9434890","VOKKI","Crude Oil Tanker","(Sierra leone)","9LU2824","","2010","60185","108835","In Service/Commission","VALMREX GALESPIRE LTD","VALMREX GALESPIRE LTD","NEPTUNE NAVIGATORS' LLC","Rosjan Maritime Register of Shipping","","18","","","VOKKI (since 01/09/2025) | Nautilus (since 01/05/2023) | Ps Pisa (since 01/01/2020) | Adele Marina Rizzo (since 01/03/2010)","Sierra leone (since 01/09/2025) | Vanuatu (since 01/05/2025) | Barbados (since 01/12/2024) | Cook islands (since 01/04/2024) | Palau (Republic of) (since 01/09/2023) | Portugal (MAR) (since 01/05/2023) | Italy (since 01/03/2010)","6","3","VALMREX GALESPIRE LTD (since 02/04/2026) | WINTER WIND NAVIGATION LTD (since 30/05/2023) | NORMA REOCO SRL (since 26/01/2020) | RIZZO BOTTIGLIERI DE CARLINI (since 15/03/2010)","","False","False","Rosja"
"9378620","DALVA","Crude Oil Tanker","(Cameroon)","TJM021","","2008","59172","109996","In Service/Commission","GONG YU SHIPPING LTD","BAI SHA HU SHIPMANAGEMENT CO","BAI SHA HU SHIPMANAGEMENT CO","May 2026","","15","","","DALVA (since 01/05/2025) | Ganga (since 01/10/2024) | Varvara (since 01/01/2023) | Polaris Bay (since 01/08/2021) | Lr2 Polaris (since 01/11/2008)","Cameroon (since 01/11/2025) | Gambia FALSE (since 01/10/2025) | Comoros FALSE (since 01/05/2025) | Djibouti (since 01/11/2024) | Gabon (since 01/05/2023) | St.Kitts and Nevis (since 01/01/2023) | Liberia (since 01/08/2021) | Hong Kong, China (since 01/11/2008)","7","4","GONG YU SHIPPING LTD (since 10/10/2024) | STREAMMARITIME SERVICES LTD (since 26/01/2024) | GORGEOUS SHIPPING & MARINE INC (since 31/05/2023) | GATIK SHIP MANAGEMENT M/S (since 31/03/2023) | GORGEOUS SHIPPING & MARINE INC (since 10/01/2023) | PARTANKERS XVIII AS (since 06/08/2021) | HEROIC CYGNUS INC (since 28/11/2008)","","False","False","Rosja"
"9293155","BENEDICT","Crude Oil Tanker","(Cameroon)","TJMC128","","2005","57164","106062","In Service/Commission","JUNIA SHIPPING INC","ELEVATE MARINE MANAGEMENT PVT","UNKNOWN","Bureau Veritas (IACS)","","31","","","BENEDICT (since 01/05/2025) | Junia (since 01/12/2023) | Wonder Vega (since 01/05/2021) | Davis Sea (since 01/04/2015) | KWK Jade (since 01/01/2005) | Asian Jade (since 01/01/2005)","Cameroon (since 01/01/2026) | Benin False (since 01/07/2025) | Gambia (since 01/02/2025) | Not Known (since 01/12/2024) | Panama (since 01/12/2023) | Marshall Islands (since 01/05/2021) | Liberia (since 01/04/2015) | Panama (since 01/01/2005)","7","5","JUNIA SHIPPING INC (since 29/04/2025) | STARLORD SHIPPING CO (since 21/05/2021) | WIMBLE SHIPPING INC (since 29/04/2015) | RELIBATE SHIPPING INC (since 29/04/2015)","","False","False","Iran"
"9306782","KARELIYA","Crude Oil Tanker","(Rosja)","UBSZ7","","2006","57248","109989","In Service/Commission","INVEST FLEET LTD","INVEST FLEET LTD","INVEST FLEET LTD","Rosjan Maritime Register of Shipping","","31","","","KARELIYA (since 01/05/2024) | NS Century (since 01/06/2006)","Rosja (since 01/01/2024) | Liberia (since 01/06/2006)","1","1","INVEST FLEET LTD (since 17/04/2024) | GALLION NAVIGATION INC (since 01/06/2006)","","False","False","Rosja"
"9336426","SELVA","Crude Oil Tanker","(Oman)","A4DH4","","2007","57657","105827","In Service/Commission","NAJM NAVIGATION LLC","VIJAYNAGAR VOYAGE SHIPPING PVT","VIJAYNAGAR VOYAGE SHIPPING PVT","Indian Register of Shipping (IACS)","","25","","","SELVA (since 01/06/2025) | Naxos (since 01/12/2022) | Sifis (since 01/03/2022) | Bergitta (since 01/01/2014) | SPT Crusader (since 01/10/2007)","Oman (since 01/02/2026) | Not Known (since 01/01/2026) | Sierra leone (since 01/10/2025) | Palau (Republic of) (since 01/06/2025) | Not Known (since 01/05/2025) | Panama (since 01/05/2023) | St.Kitts and Nevis (since 01/12/2022) | Marshall Islands (since 01/03/2022) | Bahamas (since 01/10/2007)","8","4","NAJM NAVIGATION LLC (since 20/02/2026) | BAIGA MARITIME INC (since 15/10/2025) | WULAR SHIPPING LTD (since 13/06/2025) | ARCTICTRANSIT MARITIME LTD (since 01/02/2024) | TRIBECA MARITIME LLC (since 23/03/2022) | BERGSHAV SHIPPING AS (since 24/02/2011)","","False","False","Rosja"
"9247792","CECILA","Crude Oil Tanker","(Cameroon)","TJMO3","","2003","57567","106395","In Service/Commission","TWINKLE DOREEN CO LTD","TWINKLE DOREEN CO LTD","TWINKLE DOREEN CO LTD","Rosjan Maritime Register of Shipping","","38","","","CECILA (since 01/06/2025) | Lalique (since 01/03/2024) | Gabrielle (since 01/06/2023) | Damia (since 01/03/2023) | Oaka (since 01/03/2020) | Afra Oak (since 01/03/2013) | British Oak (since 01/04/2003)","Cameroon (since 01/09/2025) | Mozambique False (since 01/08/2025) | Malawi False (since 01/06/2025) | Not Known (since 01/05/2025) | Panama (since 01/06/2023) | Liberia (since 01/03/2013) | Isle of Man (during 2003)","6","6","TWINKLE DOREEN CO LTD (since 30/07/2025) | GABRIELLE CO LTD (since 13/06/2023) | GENERAL SA (since 13/03/2020)","","False","False","Rosja"
"9183295","NEON","Crude Oil Tanker","(Sierra leone)","9LS2112","","1999","57066","103967","In Service/Commission","LUMQUAR TIDEWRATH CO LTD","VOYAGE GUARD SHIPMANAGEMENT","VOYAGE GUARD SHIPMANAGEMENT","Rosjan Maritime Register of Shipping","","33","","","NEON (since 01/03/2023) | Aurora (since 01/10/2020) | Ioann (since 01/08/2020) | Ioannis (since 01/02/2008)","Sierra leone (since 01/06/2025) | Not Known (since 01/05/2025) | Sierra leone (since 01/02/2025) | Cook islands (since 01/04/2024) | Palau (Republic of) (since 01/03/2023) | Cameroon (since 01/08/2020) | Malta (since 01/02/2008)","6","3","LUMQUAR TIDEWRATH CO LTD (since 02/04/2026) | ZOLLO SHIPPING LTD (since 15/03/2023) | ELARON SHIPPING (since 19/02/2008) | QM TANKER 1177 TRUST (since 31/03/2000)","","False","False","Rosja"
"9404948","THRON","Crude Oil Tanker","(Cameroon)","TJMO22","","2009","58614","105272","In Service/Commission","ACROPORA MARINE INC","CHAO ZHOU HU SHIPMANAGEMENT CO","CHAO ZHOU HU SHIPMANAGEMENT CO","Rosjan Maritime Register of Shipping","","15","","","THRON (since 01/05/2025) | Chen Lu (since 01/11/2024) | Bambu (since 01/09/2023) | Pro Triumph (since 01/01/2009)","Cameroon (since 01/11/2025) | Gambia FALSE (since 01/10/2025) | Comoros FALSE (since 01/05/2025) | Comoros (since 01/04/2025) | Djibouti (since 01/04/2025) | Panama (since 01/01/2009) | Panama (since 01/01/2009)","6","3","ACROPORA MARINE INC (since 18/09/2023) | ADVANCE SHIPHOLDING SA (since 09/01/2009)","","False","False","Rosja"
"9293002","NASLEDIE","Crude Oil Tanker","(Rosja)","UAZD5","","2005","58418","105034","In Service/Commission","SAPANG SHIPPING INC","SAPANG SHIPPING INC","LEGACY MARINE LLC","Rosjan Maritime Register of Shipping","","42","","","NASLEDIE (since 01/11/2025) | Blint (since 01/05/2025) | Argent (since 01/02/2025) | Jaguar (since 01/01/2023) | S Puma (since 01/08/2020) | Signal Puma (since 01/06/2014) | Primo Stealth (during 2005)","Rosja (since 01/11/2025) | Comoros FALSE (since 01/05/2025) | Guinea-Bissau (since 01/02/2025) | Gabon (since 01/07/2023) | Not Known (since 01/05/2023) | Mongolia (since 01/05/2023) | St.Kitts and Nevis (since 01/01/2023) | Liberia (since 01/08/2020) | Malta (since 01/06/2014) | Marshall Islands (since 01/06/2011) | Greece (since 01/09/2007) | Malta (since 01/04/2005)","11","6","SAPANG SHIPPING INC (since 14/02/2024) | SPEED VENTURE SHPG & MARINE (since 13/01/2023) | ARGENTINA PETROCHEMICALS LTD (since 15/04/2005)","","False","False","Rosja"
"9237412","HANSON","Crude Oil Tanker","(Mozambique False)","UNKNOWN","","2004","58374","105010","In Service/Commission","SEASKY MARINE CO LTD","SEASKY MARINE CO LTD","SEASKY MARINE CO LTD","May 2026","","24","","","HANSON (since 01/08/2025) | Seasky (since 01/05/2024) | Hontao (since 01/07/2023) | Jag Lavanya (since 01/01/2004)","Mozambique False (since 01/03/2026) | Tonga False (since 01/08/2025) | San Marino (since 01/10/2024) | Gabon (since 01/07/2024) | Panama (since 01/07/2023) | India (during 2003)","5","3","SEASKY MARINE CO LTD (since 07/05/2024) | HADAY SHIPPING CO LTD (since 19/03/2024) | SEAWIN MARINE CO LTD (since 06/07/2023) | GREAT EASTERN SHIPPING CO LTD (since 19/01/2004)","","False","False","Rosja"
"9436006","GUSTAV","Crude Oil Tanker","(Rosja)","UAUE8","","2009","62775","112984","In Service/Commission","IDAS LLC","IDAS LLC","IDAS LLC","Rosjan Maritime Register of Shipping","","43","","","GUSTAV (since 01/01/2026) | Samira (since 01/05/2025) | Samsun (since 01/03/2023) | Paramount (since 01/04/2021) | Stealth Chios (since 01/02/2021) | Signal Cheetah (since 01/04/2014) | Ghibli (since 01/05/2009) | Stealth Chios (since 01/05/2009) | Cape Anglia (since 01/01/2009)","Rosja (since 01/01/2026) | Gambia FALSE (since 01/12/2025) | Gambia (since 01/10/2025) | Comoros FALSE (since 01/05/2025) | Comoros (since 01/04/2025) | Barbados (since 01/02/2025) | Not Known (since 01/01/2025) | Panama (since 01/03/2023) | Marshall Islands (since 01/02/2021) | Malta (since 01/04/2014) | Greece (since 01/05/2009) | Marshall Islands (since 01/05/2009)","11","8","IDAS LLC (since 14/01/2026) | EAST ELITE HONG KONG LTD (since 07/03/2023) | PETROL DUKE INC (since 27/05/2009)","","False","False","Rosja"
"9299898","PALARA","Crude Oil Tanker","(Sierra leone)","9LS1980","","2005","62477","111775","In Service/Commission","LUNDAVREX PORTALIS LTD","LUNDAVREX PORTALIS LTD","NAUTEXA STRATUM LLC","Rosjan Maritime Register of Shipping","","22","","","PALARA (since 01/03/2026) | Range Vale (since 01/09/2025) | Turbo Voyager (since 01/02/2023) | Pelagos One (since 01/10/2020) | Pelagos (since 01/05/2005)","Sierra leone (since 01/01/2026) | Zimbabwe False (since 01/12/2025) | Comoros FALSE (since 01/09/2025) | Tanzania (since 01/12/2024) | Honduras (since 01/07/2024) | Cook islands (since 01/02/2023) | Indonesia (since 01/10/2020) | Niue (since 01/09/2020) | Greece (since 01/05/2005)","8","4","LUNDAVREX PORTALIS LTD (since 21/03/2026) | RANGE MARITIME SERVICES & TRDG (since 26/01/2026) | CHATORI NAVIGATION LTD (since 21/02/2023) | WARUNA NUSA SENTANA PT (since 14/10/2020) | GLOBAL MARITIM INDUSTRI PT (since 04/09/2020) | PELARGOS ENE (since 05/08/2006)","","False","False","Rosja"
"9285859","AZORIN","Crude Oil Tanker","(Cameroon)","TJM14U","","2006","62806","115341","In Service/Commission","KRASANDOR SEAWING LTD","KRASANDOR SEAWING LTD","AQUA FLEET MANAGEMENT LLC","Rosjan Maritime Register of Shipping","","26","","","AZORIN (since 01/03/2026) | Pacific Runner (since 01/08/2025) | Eastern Pearl (since 01/06/2023) | Wonder Bellatrix (since 01/12/2021) | Agneta Pallas (since 01/05/2021) | Dubai Horizon (since 01/04/2019) | Troviken (since 01/03/2012) | Trochus (since 01/01/2006) | Gansea (since 01/09/2005)","Cameroon (since 01/12/2025) | Mozambique False (since 01/08/2025) | Comoros FALSE (since 01/05/2025) | Comoros (since 01/04/2025) | Tanzania (since 01/12/2024) | Honduras (since 01/07/2024) | Cook islands (since 01/06/2023) | Marshall Islands (since 01/12/2021) | Liberia (since 01/04/2019) | Bahamas (since 01/03/2012) | Isle of Man (since 01/01/2006)","10","8","KRASANDOR SEAWING LTD (since 16/03/2026) | BROOK MARITIME SERVICES & TRDG (since 10/12/2025) | CHATORI NAVIGATION LTD (since 01/06/2025) | DRAX SHIPPING CO (since 23/12/2021) | ENERGIFONDEN MARITIME AS (since 28/05/2021) | DYLAN MARITIME 3 DAC (since 24/04/2019) | TROVIKEN LLC (during 12/2013)","","False","False","Rosja"
"9274616","APEKS","Crude Oil Tanker","(Rosja)","UACF6","","2004","62877","114500","In Service/Commission","RPTD SOLD Rosja","RPTD SOLD Rosja","GLOBAL SEAWAY LLC","Rosjan Maritime Register of Shipping","","37","","","APEKS (since 01/05/2026) | Deimos (since 01/10/2024) | La Pride (since 01/09/2022) | Atlantic Pride (since 01/01/2021) | Seajewel (since 01/09/2018) | Pantelis (since 01/05/2004)","Rosja (since 01/05/2026) | Guinea False (since 01/10/2024) | Not Known (since 01/04/2024) | Liberia (since 01/09/2022) | Tuvalu (since 01/01/2021) | Malta (since 01/09/2018) | Cyprus (during 2004)","6","5","RPTD SOLD Rosja (since 08/05/2026) | HS LA PRIDE LTD (since 08/09/2022) | WORLDERA LTD (since 07/02/2022) | WORLDERA CORPORATION FZE (since 10/11/2021) | WORLDERA SEVEN LTD (since 20/01/2021) | SENSE MARINE LTD (since 10/09/2018) | PREMIER BAY SHIPPING (during 2004)","","False","False","Rosja"
"9832547","STRIZH","Crude Oil Tanker","(Rosja)","UAOE2","","2018","62330","115643","In Service/Commission","IDAS LLC","IDAS LLC","IDAS LLC","Rosjan Maritime Register of Shipping","","13","","","STRIZH (since 01/12/2025) | Velmar (since 01/02/2025) | Venture (since 01/11/2023) | Crudemed (since 01/07/2018)","Rosja (since 01/12/2025) | Gambia FALSE (since 01/11/2025) | Gambia (since 01/09/2025) | Comoros FALSE (since 01/05/2025) | Comoros (since 01/04/2025) | Barbados (since 01/02/2025) | Not Known (since 01/01/2025) | Panama (since 01/11/2023) | Liberia (since 01/07/2018)","8","3","IDAS LLC (since 17/12/2025) | EAST VENTURE HONG KONG LTD (since 01/11/2023) | SANS SOUCI SHIPPING CO (during 09/2020) | BONDI SHIPPING CO (since 26/07/2018) | METROSTAR MANAGEMENT CORP (since 15/06/2018)","","False","False","Rosja"
"9832559","PROMETEY","Crude Oil Tanker","(Rosja)","UAFE3","","2018","62330","115643","In Service/Commission","NEW FLEET LTD","NEW FLEET LTD","IDAS LLC","Rosjan Maritime Register of Shipping","","12","","","PROMETEY (since 01/12/2025) | Virat (since 01/01/2025) | Valour (since 01/10/2023) | Crudesun (since 01/07/2018)","Rosja (since 01/12/2025) | Not Known (since 01/11/2025) | Gambia (since 01/08/2025) | Comoros FALSE (since 01/05/2025) | Comoros (since 01/04/2025) | Barbados (since 01/02/2025) | Not Known (since 01/01/2025) | Panama (since 01/10/2023) | Liberia (since 01/07/2018)","8","3","NEW FLEET LTD (since 12/12/2025) | EAST HONEST HONG KONG LTD (since 25/10/2023) | SANS SOUCI SHIPPING CO (since 26/07/2018)","","False","False","Rosja"
"9258002","KAZAN","Crude Oil Tanker","(Rosja)","UBSZ5","","2003","62395","115727","In Service/Commission","KAZAN SHIPPING INC","INVEST FLEET LTD","INVEST FLEET LTD","Rosjan Maritime Register of Shipping","","33","","","KAZAN (since 01/10/2003)","Rosja (since 01/01/2024) | Liberia (since 01/10/2003)","1","0","KAZAN SHIPPING INC (since 11/12/2003)","","False","False","Rosja"
"9394935","OSANA","Crude Oil Tanker","(Sierra leone)","9LU2875","","2008","62775","112969","In Service/Commission","VUTALORIN DRIFTCORE LTD","VUTALORIN DRIFTCORE LTD","MARITIME MAVENS LLC","Indian Register of Shipping (IACS)","","37","","","OSANA (since 01/11/2025) | Ozanno (since 01/08/2024) | Ocean Amz (since 01/07/2023) | Everglades (since 01/02/2013) | Overseas Everglades (since 01/12/2008)","Sierra leone (since 01/10/2025) | Comoros FALSE (since 01/05/2025) | Comoros (since 01/04/2025) | Sao Tome & Principe FALSE (since 01/01/2025) | Barbados (since 01/08/2024) | Cook islands (since 01/07/2023) | Marshall Islands (since 01/12/2008)","6","4","VUTALORIN DRIFTCORE LTD (since 04/05/2026) | WAYFOX SERVICE CORP (since 21/11/2025) | BLUE TIDE MARINE LTD (since 13/10/2025) | ZORREN DEPTH SHIPPING LTD (since 13/08/2024) | TRIANON INTERNATIONAL SA (since 16/12/2008)","","False","False","Rosja"
"9422988","VOLANS","Crude Oil Tanker","(Not Known)","UNKNOWN","","2009","54916","99876","In Service/Commission","BRITNEY RYDER LTD","JETEE CO LTD","JETEE CO LTD","Bureau Veritas (IACS)","","6","","","VOLANS (since 01/08/2022) | Super Sapphire (since 01/01/2022) | Okeanos (since 01/11/2021) | Mare (since 01/04/2021) | Victory 1 (since 01/08/2020) | Al Khalidia (since 01/10/2009)","Not Known (since 01/06/2025) | Barbados (since 01/08/2022) | Bahamas (since 01/02/2022) | Cameroon (since 01/11/2021) | Gabon (since 01/04/2021) | Liberia (since 01/10/2009)","5","5","BRITNEY RYDER LTD (since 12/08/2022) | SUPER SAPPHIRE SHIPPING INC (since 20/01/2022) | CZAR SHIPPING LTD (since 10/11/2020)","","False","False","Rosja"
"9321689","GLACIA","Crude Oil Tanker","(Sierra leone)","9LS1987","","2007","61653","114523","In Service/Commission","SATORVEL TRADING CO LTD","SATORVEL TRADING CO LTD","STELLAR SHIP SOLUTIONS LLC","Rosjan Maritime Register of Shipping","","32","","","GLACIA (since 01/04/2026) | Navigator Ridge (since 01/09/2025) | Ocean Faye (since 01/06/2023) | Agneta Pallas 2 (since 01/11/2022) | Solviken (since 01/01/2007)","Sierra leone (since 01/04/2026) | Not Known (since 01/09/2025) | Tanzania (since 01/05/2025) | Honduras (since 01/07/2024) | Cook islands (since 01/11/2022) | Liberia (since 01/11/2022) | Norway (NIS) (since 01/01/2007)","6","4","SATORVEL TRADING CO LTD (since 01/04/2026) | RPTD SOLD UNDISCLOSED INTEREST (since 07/02/2025) | ENERGIFONDEN MARITIME AS (since 01/11/2022) | VIKEN CRUDE AS (since 29/12/2015) | VIKEN FLEET I AS (since 09/07/2007)","","False","False","Rosja"
"9207027","VERNAL","Crude Oil Tanker","(Sierra leone)","9LS2065","","2000","83724","160240","In Service/Commission","NOVERAX PASSAGE LTD","NOVERAX PASSAGE LTD","BSTLS SHIPPING LLC","Indian Register of Shipping (IACS)","","20","","","VERNAL (since 01/01/2024) | Liberty (since 01/02/2021) | Riti S (since 01/11/2020) | Kriti Spirit (since 01/02/2014) | Algeciras Spirit (since 01/07/2004) | Nuria Tapias (during 2000)","Sierra leone (since 01/09/2024) | Cameroon (since 01/11/2020) | Liberia (since 01/02/2014)","2","5","NOVERAX PASSAGE LTD (since 02/04/2026) | ENCHANTED ECHO CORP (since 16/01/2024) | NILSEN MARINE CORP (since 28/02/2014)","","False","False","Rosja"
"9234642","KOALA","Crude Oil Tanker","(Not Known)","UNKNOWN","","2003","84598","164533","In Casualty Or Repairing","DAHLIA INTERNATIONAL CO","DAHLIA INTERNATIONAL CO","VESTA SHIPMANAGEMENT LTD","December 2025","","26","","","KOALA (since 01/06/2024) | Orbit I (since 01/11/2022) | Nikel (since 01/12/2021) | Alexei (since 01/11/2020) | Sumac (since 01/12/2018) | Zarifa Aliyeva (since 01/12/2007) | Discovery (since 01/01/2003)","Not Known (since 01/06/2025) | Antigua and Barbuda (since 01/05/2025) | Liberia (since 01/05/2025) | Antigua and Barbuda (since 01/11/2024) | Liberia (since 01/09/2024) | Palau (Republic of) (since 01/07/2024) | Liberia (since 01/06/2024) | Panama (since 01/11/2020) | Malta (since 01/01/2003)","8","6","DAHLIA INTERNATIONAL CO (since 03/07/2024) | VESTA SHIPMANAGEMENT LTD (since 02/11/2022) | VILLAR SHIPMANAGEMENT LTD (since 11/12/2021) | UML NAVIGATION 2 LTD (since 18/01/2017) | PACIFIC STEAMSHIP (since 29/01/2003)","","False","False","Rosja"
"9274446","ADMIRAL","Crude Oil Tanker","(Rosja)","UABF4","","2004","81328","159083","In Service/Commission","HS STAR LTD","HS STAR LTD","FAR FRONTIERS LLC","Rosjan Maritime Register of Shipping","","34","","","ADMIRAL (since 01/02/2026) | Sorion (since 01/09/2024) | Hs Star (since 01/10/2022) | Huelva Star (since 01/04/2022) | Cap Pierre (since 01/03/2004)","Rosja (since 01/02/2026) | Guinea False (since 01/09/2024) | Not Known (since 01/04/2024) | Liberia (since 01/01/2019) | Greece (during 2004)","4","4","HS STAR LTD (since 07/10/2022) | FEROUSA SHIPPING CO (since 28/04/2022) | CMB.TECH NV (since 18/07/2005)","","False","False","Rosja"
"9421960","PRIMORYE","Crude Oil Tanker","(Rosja)","UBQZ3","","2009","84029","158070","In Service/Commission","SOUTH FLEET LTD","SOUTH FLEET LTD","SCF TM LTD","Rosjan Maritime Register of Shipping","","16","","","PRIMORYE (since 01/09/2024) | SCF Primorye (since 01/09/2009)","Rosja (since 01/12/2023) | Liberia (since 01/09/2009)","1","1","SOUTH FLEET LTD (since 30/11/2023) | LUMBER MARINE SA (before 10/2009) | GATSON SHIPPING LTD (since 07/09/2009)","","False","False","Rosja"
"9231509","CHIOS","Crude Oil Tanker","(Cameroon)","TJMY20","","2002","81085","159314","In Service/Commission","REAL CHANCE LTD","REAL CHANCE LTD","UNKNOWN","DNV-GL (ex DNV) (IACS)","","29","","","CHIOS (since 01/07/2025) | Trend (since 01/12/2022) | Mm Strength (since 01/08/2022) | Spm Strength (since 01/06/2022) | Ra 2 (since 01/04/2022) | SCF Ural (during 2002)","Cameroon (since 01/11/2025) | Guinea False (since 01/07/2025) | Barbados (since 01/04/2025) | Not Known (since 01/12/2024) | Belize (since 01/12/2022) | Liberia (since 01/06/2022) | Gabon (since 01/04/2022) | Liberia (since 01/11/2002)","7","5","REAL CHANCE LTD (since 25/11/2025) | TREND SHIPPING LTD (since 16/12/2022) | SPM STRENGTH INC (since 17/06/2022) | BEAUTIFUL SEAWAYS INC (during 2001)","","False","False","Rosja"
"9411020","BRATSK","Crude Oil Tanker","(Rosja)","UAYA9","","2009","83747","156572","In Service/Commission","INVEST FLEET LTD","INVEST FLEET LTD","INVEST FLEET LTD","Rosjan Maritime Register of Shipping","","18","","","BRATSK (since 01/05/2024) | NS Burgas (since 01/10/2009)","Rosja (since 01/05/2024) | Gabon (since 01/01/2024) | Liberia (since 01/10/2009)","2","1","INVEST FLEET LTD (since 24/04/2024) | NS BURGAS SHIPPING INC (since 28/10/2009)","","False","False","Rosja"
"9308077","TYCHE 1","Crude Oil Tanker","(Cameroon)","UNKNOWN","","2006","82658","150980","In Service/Commission","RPTD SOLD UNDISCLOSED INTEREST","RPTD SOLD UNDISCLOSED INTEREST","UNKNOWN","Bureau Veritas (IACS)","","9","","","TYCHE 1 (since 01/08/2022) | Navion Gothenburg (since 01/03/2007) | Roviken (since 01/04/2006)","Cameroon (since 01/12/2025) | Panama (since 01/08/2022) | Bahamas (since 01/03/2007) | Norway (NIS) (since 01/04/2006)","3","2","RPTD SOLD UNDISCLOSED INTEREST (since 18/12/2025) | NEMAN SHIPPING INC (since 26/08/2022) | NAVION GOTHENBURG LLC (since 30/08/2007) | TRANSPETRO (since 29/08/2007)","","False","False","Rosja"
"9249312","IZOLA","Crude Oil Tanker","(Sierra leone)","9LU2427","","2001","79574","149995","In Service/Commission","SOLVIX LEAGUE LTD","SOLVIX LEAGUE LTD","HARBOR HARMONY SHIPMANAGEMENT","Rosjan Maritime Register of Shipping","","29","","","IZOLA (since 01/08/2024) | Mossa (since 01/06/2024) | Misca (since 01/01/2022) | A Melody (since 01/05/2019) | Ds Melody (since 01/02/2017) | Front Melody (during 2001)","Sierra leone (since 01/08/2025) | Comoros (since 01/05/2025) | Barbados (since 01/11/2024) | Cook islands (since 01/08/2024) | Panama (since 01/08/2024) | Palau (Republic of) (since 01/06/2024) | Panama (since 01/07/2023) | Palau (Republic of) (since 01/10/2022) | Panama (since 01/01/2022) | Liberia (since 01/05/2019) | Germany (since 01/05/2019) | Liberia (since 01/07/2003) | Germany (since 01/07/2003) | Norway (since 01/11/2001) | Liberia (during 2001)","14","5","SOLVIX LEAGUE LTD (since 02/04/2026) | LONGREN NAVIGATION LTD (since 01/08/2024) | ARVE SHIPPING INC (since 08/01/2022) | MELODY SHIPHOLDING SA (since 28/05/2019) | FRONT MELODY GMBH & CO (since 23/07/2003)","","False","False","Rosja"
"9194983","DELIVER","Crude Oil Tanker","(Cameroon)","TJMO69","","2000","79063","150284","In Service/Commission","DELIVER MARINE LTD","STELLAR OCEAN LTD","STELLAR OCEAN LTD","Lloyd's Register (IACS)","","30","","","DELIVER (since 01/06/2021) | Jannat Alferdos II (since 01/01/2021) | Jag Laadki (since 01/01/2017) | Cosmic (during 2000)","Cameroon (since 01/01/2026) | Mozambique False (since 01/11/2025) | Not Known (since 01/05/2025) | Hong Kong, China (since 01/09/2024) | Panama (since 01/01/2021) | India (since 01/01/2017)","5","3","DELIVER MARINE LTD (since 09/02/2021) | GREAT EASTERN SHIPPING CO LTD (since 28/01/2017)","","False","False","Rosja"
"9293117","SUN","Crude Oil Tanker","(Cameroon)","TJMY57","","2005","81076","159186","In Service/Commission","WAVEWHISPER SHIPPING LTD","WAVEWHISPER SHIPPING LTD","UNKNOWN","May 2026","","35","","","SUN (since 01/02/2024) | Leopard I (since 01/04/2022) | Bari (since 01/12/2019) | Cape Bari (since 01/04/2005) | SM Everest (during 2005)","Cameroon (since 01/02/2026) | Timor Leste FALSE (since 01/10/2025) | Benin False (since 01/07/2025) | Antigua and Barbuda (since 01/02/2024) | Liberia (since 01/04/2022) | Marshall Islands (since 01/12/2019) | Germany (since 01/12/2019) | Marshall Islands (since 01/04/2005) | Germany (since 01/04/2005)","8","4","WAVEWHISPER SHIPPING LTD (since 02/02/2024) | BARI SHIPHOLDING LTD (since 09/12/2019) | CAPE BARI TANKSCHIFFAHRTS (since 28/04/2005)","","False","False","Rosja"
"9270529","KRYMSK","Crude Oil Tanker","(Rosja)","UAXA6","","2003","62395","115663","In Service/Commission","KRYMSK SHIPPING INC","INVEST FLEET LTD","INVEST FLEET LTD","Rosjan Maritime Register of Shipping","","36","","","KRYMSK (since 01/10/2003)","Rosja (since 01/04/2024) | Gabon (since 01/01/2024) | Liberia (since 01/10/2003)","2","0","KRYMSK SHIPPING INC (during 10/2003)","","False","False","Rosja"
"9232931","NARCISSUS","Crude Oil Tanker","(Panama)","3E4983","","2003","81270","159367","In Service/Commission","TAIHONG SHIPPING LTD","TAIHONG SHIPPING LTD","DELTA SHIPS MANAGEMENT LTD","Registro Italiano Navale (IACS)","","36","","","NARCISSUS (since 01/05/2023) | Okeanos (since 01/09/2020) | SKS Sinni (since 01/02/2003)","Panama (since 01/05/2023) | Marshall Islands (since 01/09/2020) | Norway (NIS) (since 01/11/2008) | Marshall Islands (since 01/10/2003) | Germany (since 01/10/2003) | Norway (NIS) (during 2003)","5","2","TAIHONG SHIPPING LTD (since 15/05/2023) | OKEANOS MARITIME LTD (since 11/09/2020) | SKS SHIPOWNING II AS (since 20/04/2018) | SKS OBO & TANKERS AS (since 18/12/2008) | CAPE BAFFIN TANKSCHIFFAHRTS (since 10/10/2003)","","False","False","Rosja"
"9256066","LIGOVSKY PROSPECT","Crude Oil Tanker","(Rosja)","UBRZ6","","2003","62586","114639","In Service/Commission","SOUTH FLEET LTD","SOUTH FLEET LTD","SOUTH FLEET LTD","Rosjan Maritime Register of Shipping","","32","","","LIGOVSKY PROSPECT (since 01/09/2003)","Rosja (since 01/01/2024) | Liberia (since 01/10/2003)","1","0","SOUTH FLEET LTD (since 12/01/2024) | PROGRESS SHIPPING CO LTD-LIB (during 2003)","","False","False","Rosja"
"9288708","AURO","Crude Oil Tanker","(Comoros)","D6A3724","","2005","62320","111006","Broken Up","","ALQUTB ALSHAMALI MARINE SRVS","ALQUTB ALSHAMALI MARINE SRVS","Lloyd's Register (IACS)","","26","","","AURO (since 01/01/2025) | Stratos Aurora (since 01/12/2022) | Delta Victory (since 01/01/2005)","Comoros (since 01/01/2025) | Honduras (since 01/08/2024) | Cook islands (since 01/12/2022) | Liberia (since 01/05/2022) | Greece (since 01/01/2005)","4","2","LANA MARINE LTD (since 30/05/2022) | VICTOR ENE (since 18/04/2006)","","False","False","Rosja"
"9374868","NERO","Crude Oil Tanker","(Vietnam)","XVJF7","","2007","62863","108943","In Service/Commission","HUNG PHAT MARITIME TRADING","HUNG PHAT MARITIME TRADING","HUNG PHAT MARITIME TRADING","Registro Italiano Navale (IACS)","","24","","","NERO (since 01/12/2025) | Elephant (since 01/10/2021) | Masteri (since 01/09/2021) | Ocean Crown (since 01/07/2007)","Vietnam (since 01/10/2021) | Panama (since 01/09/2021) | Singapore (since 01/07/2007)","2","3","HUNG PHAT MARITIME TRADING (since 14/09/2021) | XIN KANG SHIPPING PTE LTD (since 23/07/2007)","","False","False","Rosja"
"9392822","LOTUS","Crude Oil Tanker","(Syrian Arab Republic False)","UNKNOWN","","2008","59258","115146","In Service/Commission","GIFTED PEAK LTD","GIFTED PEAK LTD","UNKNOWN","May 2026","","43","","","LOTUS (since 01/01/2025) | Himalayan (since 01/07/2023) | Berica (since 01/07/2018) | Sentosa River (since 01/10/2008)","Syrian Arab Republic False (since 01/03/2026) | Sint Maarten False (since 01/01/2025) | Panama (since 01/07/2023) | Bahamas (since 01/07/2018) | Singapore (since 01/10/2008)","4","3","GIFTED PEAK LTD (since 24/07/2023) | BERGSHAV AFRAMAX II AS (since 25/11/2022) | BERGSHAV AFRAMAX LTD (since 20/07/2018) | K LINE PTE LTD (since 03/10/2008)","","False","False","Rosja"
"9270517","CINDY","Crude Oil Tanker","(Equatorial Guinea)","3CAN34","","2003","62395","115605","In Service/Commission","AVISA SHIP MANAGEMENT LTD","AVISA SHIP MANAGEMENT LTD","TRANSNAVIO SHIPPING FZ-LLC","Rosjan Maritime Register of Shipping","","31","","","CINDY (since 01/11/2024) | Seagull (since 01/02/2022) | Dream Vision (since 01/11/2021) | Krasnodar (during 2003)","Equatorial Guinea (since 01/04/2026) | Cameroon (since 01/07/2025) | Not Known (since 01/06/2025) | Barbados (since 01/04/2025) | Cook islands (since 01/07/2024) | Not Known (since 01/05/2024) | Panama (since 01/02/2022) | Liberia (since 01/08/2003)","7","3","AVISA SHIP MANAGEMENT LTD (since 16/04/2026) | ANAHITA SHIPPING LTD (since 23/07/2024) | LEAH SHIPPING INC (since 29/11/2021) | KRASNODAR SHIPPING INC (since 11/11/2003)","","False","False","Rosja"
"9319703","SIRAJ","Crude Oil Tanker","(Oman)","A4FB5","","2008","61853","109672","In Service/Commission","SIRAJ MARITIME LLC","SIRAJ MARITIME LLC","TAI YANG HU SHIPMANAGEMENT CO","Indian Register of Shipping (IACS)","","20","","","SIRAJ (since 01/08/2025) | Solea (since 01/06/2025) | Divya (since 01/04/2025) | Great Jacombo (since 01/09/2022) | Lionheart (since 01/01/2021) | Maersk Piper (since 01/11/2011) | Torm Marianne (since 01/05/2008)","Oman (since 01/08/2025) | Gambia (since 01/06/2025) | Comoros (since 01/04/2025) | Djibouti False (since 01/03/2025) | Gabon (since 01/09/2022) | Marshall Islands (since 01/01/2021) | Singapore (since 01/11/2011) | Denmark (DIS) (since 01/05/2008)","7","6","SIRAJ MARITIME LLC (since 30/08/2025) | OBSIDIAN SHIPPING INC-SEY (since 18/06/2025) | DAVAO SHIPPING INC (since 14/02/2024) | AUGUSTA SHIPPING & MARINE INC (since 01/09/2022) | LIONHEART MARITIME LTD (since 19/01/2021) | MAERSK TANKERS SINGAPORE PTE (since 19/11/2011) | TT SHIPOWNING KS (since 30/05/2008)","","False","False","Rosja"
"9381732","AKCENT","Crude Oil Tanker","(Rosja)","UAZE2","","2008","62713","112521","In Service/Commission","RPTD SOLD UNDISCLOSED INTEREST","RPTD SOLD UNDISCLOSED INTEREST","FAR FRONTIERS LLC","Rosjan Maritime Register of Shipping","","20","","","AKCENT (since 01/02/2026) | Auga (since 01/08/2024) | Hs Buraq (since 01/11/2022) | Alburaq (since 01/10/2008)","Rosja (since 01/02/2026) | Guinea False (since 01/08/2024) | Not Known (since 01/04/2024) | Liberia (since 01/11/2022) | Panama (since 01/10/2008)","4","3","RPTD SOLD UNDISCLOSED INTEREST (since 12/08/2024) | HS BURAQ LTD (since 13/11/2022) | ARAB MARITIME PETROLEUM TRANS (since 06/10/2008)","","False","False","Rosja"
"9389679","BULLAR","Crude Oil Tanker","(Sierra leone)","9LS1943","","2008","62775","113005","In Service/Commission","VOYAGE EXPERIENCE CORP","VOYAGE EXPERIENCE CORP","STELLAR SHIP SOLUTIONS LLC","Indian Register of Shipping (IACS)","","35","","","BULLAR (since 01/10/2025) | Lieto (since 01/06/2023) | Ace (since 01/08/2015) | Acadia (since 01/08/2014) | Overseas Acadia (since 01/09/2008)","Sierra leone (since 01/10/2025) | Vanuatu (since 01/06/2025) | Barbados (since 01/10/2024) | Cook islands (since 01/04/2024) | Palau (Republic of) (since 01/06/2023) | Marshall Islands (since 01/09/2008)","5","4","VOYAGE EXPERIENCE CORP (since 25/09/2025) | LIGHT MARITIME LTD (since 28/02/2025) | FLAMING STAR CORP (since 09/06/2023) | ALPHA AFRAMAX CORP (since 02/09/2008)","","False","False","Rosja"
"9402469","FREDA","Crude Oil Tanker","(Not Known)","UNKNOWN","","2009","63294","115459","In Service/Commission","HERA GAM LTD","HERA GAM LTD","CORMORANTAY CO LTD","Lloyd's Register (IACS)","","28","","","FREDA (since 01/06/2024) | Huang Pu (since 01/02/2024) | Taurus II (since 01/01/2024) | Anavatos II (since 01/11/2019) | Anavatos (since 01/10/2019) | Brightoil Lucky (since 01/10/2010) | Dubai Princess (since 01/01/2009)","Not Known (since 01/01/2025) | Panama (since 01/01/2024) | Marshall Islands (since 01/10/2019) | Hong Kong, China (since 01/10/2010) | Marshall Islands (since 01/01/2009)","4","6","HERA GAM LTD (since 07/02/2024) | AMBRA LTD (since 29/01/2024) | ANAVATOS LTD (since 21/10/2019)","","False","False","Rosja"
"9388754","TRADER","Crude Oil Tanker","(Rosja)","UAJD3","","2008","62863","108770","In Service/Commission","XINGFU HAI SHIPPING LTD","XINGFU HAI SHIPPING LTD","FIRST SKYLINES LLC","Rosjan Maritime Register of Shipping","","21","","","TRADER (since 01/07/2025) | Long Bai (since 01/12/2024) | Wei Feng (since 01/06/2023) | Ocean Avra (since 01/12/2020) | Ocean Trader (since 01/07/2008)","Rosja (since 01/07/2025) | Not Known (since 01/01/2025) | Panama (since 01/06/2023) | Liberia (since 01/12/2020) | Singapore (since 01/07/2008)","4","4","XINGFU HAI SHIPPING LTD (since 13/06/2023) | CULTURE CORP (since 02/12/2020) | XIN YA SHIPPING (since 15/07/2008)","","False","False","Rosja"
"9206671","RANGLER","Crude Oil Tanker","(Cameroon)","TJMC964","","2001","63051","108073","In Service/Commission","ETHEREAL HARBOR CORP","ETHEREAL HARBOR CORP","HARMONY VOYAGE SHIPMANAGEMENT","Rosjan Maritime Register of Shipping","","24","","","RANGLER (since 01/09/2024) | Elbrus (since 01/03/2022) | Sensei (since 01/06/2021) | Stena Natalita (during 2001)","Cameroon (since 01/03/2022) | Liberia (since 01/06/2021) | Norway (NIS) (since 01/12/2020) | Bahamas (during 2005) | Cayman Islands (during 2001)","4","3","ETHEREAL HARBOR CORP (since 04/09/2024) | HAMBO SHIPMANAGEMENT SA (since 25/03/2022) | STENA UGLAND SHUTTLE TANKR III (since 25/05/2001)","","False","False","Rosja"
"9288734","ARABESCA","Crude Oil Tanker","(Sierra leone)","9LU2124","","2005","57296","105042","In Service/Commission","TRIVOS BALLASTER LTD","TRIVOS BALLASTER LTD","ANCHOR ELITE SHIPMANAGEMENT","Rosjan Maritime Register of Shipping","","36","","","ARABESCA (since 01/03/2024) | Seabravery (since 01/01/2005)","Sierra leone (since 01/06/2025) | Panama (since 01/04/2025) | Cook islands (since 01/03/2024) | Malta (since 01/01/2005)","3","1","TRIVOS BALLASTER LTD (since 22/12/2025) | PEARL CASCADE CORP (since 20/03/2024) | XAGOR MARINE SA (since 01/07/2015)","","False","False","Rosja"
"9318541","SERENADE","Chemical/Oil Products Tanker","(Rosja)","UAQE8","","2006","27357","46941","In Service/Commission","NEW FLEET LTD","NEW FLEET LTD","NEW FLEET LTD","Rosjan Maritime Register of Shipping","","42","","","SERENADE (since 01/08/2024) | NS Stream (since 01/05/2006)","Rosja (since 01/12/2025) | Gambia FALSE (since 01/09/2025) | Comoros FALSE (since 01/05/2025) | Comoros (since 01/04/2025) | Barbados (since 01/08/2024) | Gabon (since 01/01/2024) | Liberia (since 01/05/2006)","6","1","NEW FLEET LTD (since 17/12/2025) | PHAROS SEAWAYS (since 02/08/2024) | WASP NAVIGATION CO (since 08/05/2006)","","False","False","Rosja"
"9322968","HYPERION","Chemical/Oil Products Tanker","(Rosja)","UAEE9","","2006","25467","40161","In Service/Commission","NEW FLEET LTD","NEW FLEET LTD","NEW FLEET LTD","Rosjan Maritime Register of Shipping","","37","","","HYPERION (since 01/09/2024) | NS Power (since 01/09/2006)","Rosja (since 01/12/2025) | Gambia FALSE (since 01/11/2025) | Gambia (since 01/10/2025) | Comoros FALSE (since 01/08/2025) | Comoros (since 01/06/2025) | Not Known (since 01/03/2025) | Barbados (since 01/09/2024) | Gabon (since 01/01/2024) | Liberia (since 01/09/2006)","8","1","NEW FLEET LTD (since 22/12/2025) | RHONA MARINE INC (since 28/09/2024) | WATERCOURSE MARITIME INC (since 01/09/2006)","","False","False","Rosja"
"9333400","NOBLE","Oil Products Tanker","(Cameroon)","TJMF39","","2006","29902","47125","In Service/Commission","DARMAN TANKER LTD","ORCHID SHIPMANAGEMENT LLC-FZ","ORCHID SHIPMANAGEMENT LLC-FZ","Rosjan Maritime Register of Shipping","","37","","","NOBLE (since 01/10/2024) | SCF Neva (since 01/10/2006)","Cameroon (since 01/11/2025) | Gambia FALSE (since 01/10/2025) | Comoros FALSE (since 01/05/2025) | Comoros (since 01/03/2025) | Barbados (since 01/10/2024) | Gabon (since 01/01/2024) | Liberia (since 01/12/2016) | Cyprus (since 01/07/2012) | Rosja (since 01/07/2012) | Cyprus (since 01/07/2012) | Liberia (since 01/10/2006)","10","1","DARMAN TANKER LTD (since 16/10/2024) | KENJIMI TRANSPORTS INC (during 11/2016) | KENJIMI TRANSPORTS INC (since 19/10/2006)","","False","False","Rosja"
"9333436","SOLARIS","Oil Products Tanker","(Oman)","A4DT7","","2007","29844","47095","In Service/Commission","WHITE AGATE MARINE SPC","DREAMER SHIPMANAGEMENT LLC-FZ","DREAMER SHIPMANAGEMENT LLC-FZ","Indian Register of Shipping (IACS)","","28","","","SOLARIS (since 01/08/2025) | Success (since 01/08/2024) | SCF Amur (since 01/12/2007)","Oman (since 01/08/2025) | Comoros FALSE (since 01/05/2025) | Comoros (since 01/03/2025) | Barbados (since 01/08/2024) | Gabon (since 01/01/2024) | Liberia (since 01/11/2017) | Rosja (since 01/06/2014) | Liberia (since 01/12/2007)","7","2","WHITE AGATE MARINE SPC (since 18/08/2025) | DARSI TRANSPORTS LTD (since 10/09/2024) | CARRIER TANKER INC (since 15/11/2017) | CARRIER TANKER INC (since 13/12/2007)","","False","False","Rosja"
"9382798","TRUST","Oil Products Tanker","(Rosja)","UAGE4","","2008","27725","46564","In Service/Commission","NORTH FLEET LTD","NORTH FLEET LTD","NORTH FLEET LTD","Rosjan Maritime Register of Shipping","","49","","","TRUST (since 01/09/2024) | Transsib Bridge (since 01/04/2008)","Rosja (since 01/12/2025) | Gambia (since 01/09/2025) | Comoros (since 01/06/2025) | Barbados (since 01/09/2024) | Gabon (since 01/01/2024) | Liberia (since 01/04/2008)","5","1","NORTH FLEET LTD (since 17/12/2025) | NEMESIA MARINE INC (since 16/09/2024) | HARGATE MARINE INC (since 29/04/2008)","","False","False","Rosja"
"9397535","JUPITER","Chemical/Oil Products Tanker","(Rosja)","UAYC7","","2009","29967","50975","In Service/Commission","NORTH FLEET LTD","NORTH FLEET LTD","NORTH FLEET LTD","Rosjan Maritime Register of Shipping","","25","","","JUPITER (since 01/09/2024) | SCF Irtysh (since 01/09/2016) | Prisco Elena (since 01/05/2009)","Rosja (since 01/05/2025) | Barbados (since 01/09/2024) | Gabon (since 01/01/2024) | Liberia (since 01/09/2016) | Cyprus (since 01/05/2009)","4","2","NORTH FLEET LTD (since 28/05/2025) | NERIO MARINE INC (since 03/09/2024) | SKYLER SA (since 23/09/2016)","","False","False","Rosja"
"9397547","ARIADNE","Chemical/Oil Products Tanker","(Rosja)","UAZC5","","2008","29967","50973","In Service/Commission","NORTH FLEET LTD","NORTH FLEET LTD","NORTH FLEET LTD","Rosjan Maritime Register of Shipping","","22","","","ARIADNE (since 01/09/2024) | SCF Anadyr (since 01/09/2016) | Prisco Alexandra (since 01/11/2008)","Rosja (since 01/06/2025) | Barbados (since 01/09/2024) | Gabon (since 01/01/2024) | Liberia (since 01/09/2016) | Cyprus (since 01/11/2008)","4","2","NORTH FLEET LTD (since 03/12/2025) | VIKSEN TRANSPORTS CORP (since 18/09/2024) | MIST MARITIME INC (since 01/09/2016)","","False","False","Rosja"
"9577082","PREMIER","Crude Oil Tanker","(Rosja)","UAHE6","","2011","42208","74581","In Service/Commission","NORTH FLEET LTD","NORTH FLEET LTD","NORTH FLEET LTD","Rosjan Maritime Register of Shipping","","28","","","PREMIER (since 01/09/2024) | SCF Prime (since 01/04/2011)","Rosja (since 01/12/2025) | Gambia (since 01/09/2025) | Comoros (since 01/06/2025) | Barbados (since 01/09/2024) | Gabon (since 01/02/2024) | Liberia (since 01/04/2011)","5","1","NORTH FLEET LTD (since 16/12/2025) | LOBELIA TRANSPORT LTD (since 23/09/2024) | ROZEL SHIPPING LTD (since 05/04/2011)","","False","False","Rosja"
"9289518","PASIPHAE","Chemical/Oil Products Tanker","(Barbados)","8PZQ5","","2005","30053","53095","In Service/Commission","ELYRION NAVARC CORP","ELYRION NAVARC CORP","ZEYTHRA GROUP LLC-FZ","Lloyd's Register (IACS)","","41","","","PASIPHAE (since 01/03/2026) | Packard (since 01/03/2025) | Phonix Way (since 01/02/2023) | Ajax (since 01/05/2006) | Western Baltic (since 01/03/2005)","Barbados (since 01/03/2025) | Honduras (since 01/11/2024) | Cook islands (since 01/02/2023) | Bahamas (during 2005)","3","4","ELYRION NAVARC CORP (since 10/03/2026) | HARBORLINE GLOBAL MARITIME LTD (since 10/03/2025) | MANDO SHIPPING LTD (since 01/02/2023) | GLADIATOR SHIPPING SERVICES SA (since 09/05/2006)","","False","False","Rosja"
"9248796","IRON WAVE","Oil Products Tanker","(Cameroon)","TJMOW6","","2003","25287","39975","In Service/Commission","IRON MARITIME SERVICES & TRDG","EMT GEMI ISLETMECILIGI AS","EMT GEMI ISLETMECILIGI AS","May 2026","","45","","","IRON WAVE (since 01/06/2025) | Sprit (since 01/03/2024) | Beks World (since 01/07/2022) | Seaexplorer (since 01/01/2003)","Cameroon (since 01/12/2025) | Not Known (since 01/10/2025) | Palau (Republic of) (since 01/06/2025) | Barbados (since 01/10/2024) | Guinea-Bissau (since 01/03/2024) | Marshall Islands (since 01/07/2022) | Malta (since 01/01/2003) | Panama (during 2002)","7","3","IRON MARITIME SERVICES & TRDG (since 10/06/2025) | SPRIT MARITIME & TRADING LTD (since 15/10/2024) | WORLD MARITIME & TRADING INC (since 29/07/2022) | BELOVED ENTERPRISES LTD (since 01/10/2008)","","False","False","Rosja"
"9263203","STORM PEARL","Chemical/Oil Products Tanker","(Cameroon)","TJM0T7","","2004","22533","40002","In Service/Commission","STORM MARITIME SERVICES & TRDG","STORM MARITIME SERVICES & TRDG","EAST GEMI ISLETMECILIGI AS","Registro Italiano Navale (IACS)","","53","","","STORM PEARL (since 01/08/2025) | Soul (since 01/03/2024) | Beks Lina (since 01/07/2022) | Hafnia Adamello (since 01/05/2014) | Mount Adamello (since 01/08/2004)","Cameroon (since 01/01/2026) | Vanuatu (since 01/08/2025) | Not Known (since 01/06/2025) | Guinea-Bissau (since 01/03/2024) | Marshall Islands (since 01/07/2022) | Singapore (since 01/12/2014) | Cyprus (during 2004)","6","4","STORM MARITIME SERVICES & TRDG (since 29/08/2025) | SOUL MARITIME & TRADING LTD (since 01/12/2024) | LINA MARITIME & TRADING INC (since 28/07/2022) | HAFNIA TANKERS SHIPHOLDING-SNG (since 30/12/2014)","","False","False","Rosja"
"9308132","TEMPEST DREAM","Crude Oil Tanker","(Sierra leone)","9LS2013","","2006","30965","49911","In Service/Commission","TEMPEST MARITIME SERVICES TRDG","EMT GEMI ISLETMECILIGI AS","UNKNOWN","Registro Italiano Navale (IACS)","","44","","","TEMPEST DREAM (since 01/07/2025) | Unite (since 01/03/2024) | Beks Ebru (since 01/10/2021) | Ocean Venus (since 01/11/2006)","Sierra leone (since 01/04/2026) | Not Known (since 01/10/2025) | Guinea-Bissau (since 01/03/2024) | Marshall Islands (since 01/10/2021) | Singapore (since 01/11/2006)","4","3","TEMPEST MARITIME SERVICES TRDG (since 11/07/2025) | SAND GEMI ISLETMECILIGI AS (since 11/03/2025) | DOLPHIN MARITIME & TRADING-MAI (since 21/10/2021) | DA GUANG TANKERS PTE LTD (since 14/11/2006)","","False","False","Rosja"
"9356751","SEA RAPTOR","Crude Oil Tanker","(Marshall Islands)","V7A6862","","2007","30965","50343","In Service/Commission","SEA RAPTOR SHIPHOLDING CORP","SEA RAPTOR SHIPHOLDING CORP","PERTANKO MANAGEMENT SA","Registro Italiano Navale (IACS)","","35","","","SEA RAPTOR (since 01/08/2024) | Tuna (since 01/03/2024) | Beks Fenix (since 01/01/2022) | Ocean Globe (since 01/01/2007)","Marshall Islands (since 01/08/2024) | Guinea-Bissau (since 01/03/2024) | Marshall Islands (since 01/01/2022) | Singapore (since 01/01/2007)","3","3","SEA RAPTOR SHIPHOLDING CORP (since 21/08/2024) | COLEUS MARITIME & TRADING INC (since 10/01/2022) | DONG SHENG TANKERS PTE LTD (since 09/01/2007)","","False","False","Rosja"
"9263186","SOUTH STAR","Chemical/Oil Products Tanker","(Cameroon)","TJM0L8","","2004","22531","39817","In Service/Commission","SOUTH MARITIME SERVICES & TRDG","EMT GEMI ISLETMECILIGI AS","EMT GEMI ISLETMECILIGI AS","May 2026","","46","","","SOUTH STAR (since 01/06/2025) | Seal (since 01/03/2024) | Beks Blue (since 01/07/2022) | Hafnia Rainier (since 01/03/2014) | Mount Rainier (since 01/03/2004)","Cameroon (since 01/01/2026) | Not Known (since 01/11/2025) | Guinea-Bissau (since 01/03/2024) | Marshall Islands (since 01/07/2022) | Singapore (since 01/12/2014) | Cyprus (during 2004)","5","4","SOUTH MARITIME SERVICES & TRDG (since 12/06/2025) | SEAL MARITIME & TRADING LTD (since 01/12/2024) | COLEUS MARITIME & TRADING INC (since 07/04/2024) | BLUE MARITIME & TRADING INC (since 28/07/2022) | HAFNIA TANKERS SHIPHOLDING-SNG (since 22/12/2014)","","False","False","Rosja"
"9292589","LOGANO","Crude Oil Tanker","(Cameroon)","TJMS45","","2005","30971","50346","In Service/Commission","LOGANO MARITIME SERVICES TRDG","LOGANO MARITIME SERVICES TRDG","UNKNOWN","Registro Italiano Navale (IACS)","","41","","","LOGANO (since 01/08/2025) | Team (since 01/03/2024) | Beks Arda (since 01/02/2023) | Super Emerald (since 01/07/2021) | Ocean Neptune (since 01/12/2005)","Cameroon (since 01/01/2026) | Not Known (since 01/12/2025) | Vanuatu (since 01/08/2025) | Not Known (since 01/06/2025) | Panama (since 01/03/2024) | Marshall Islands (since 01/07/2021) | Singapore (since 01/12/2005)","6","4","LOGANO MARITIME SERVICES TRDG (since 25/08/2025) | TEAM MARITIME & TRADING LTD (since 01/01/2025) | ARDA MARITIME & TRADING INC (since 16/02/2023) | SUPER EMERALD SHIPPING INC (since 30/07/2021) | XIN GUANG SHIPPING PTE LTD (since 28/12/2005)","","False","False","Rosja"
"9265885","SEA MAVERICK","Chemical/Oil Products Tanker","(Sierra leone)","9LS2019","","2004","30036","46195","In Service/Commission","ORRAVYN QUAY LTD","ORRAVYN QUAY LTD","VOYAGE GUARD SHIPMANAGEMENT","Rosjan Maritime Register of Shipping","","72","","","SEA MAVERICK (since 01/02/2023) | Johnny Trader (since 01/11/2017) | Seaways Andromar (since 01/09/2017) | Overseas Andromar (since 01/01/2006) | Andromar (since 01/03/2004)","Sierra leone (since 01/06/2024) | Palau (Republic of) (since 01/02/2023) | Liberia (since 01/11/2017) | Marshall Islands (since 01/01/2006) | Cyprus (since 01/03/2004)","4","4","ORRAVYN QUAY LTD (since 22/12/2025) | PRIME CHOICE NAVIGATION LTD (since 24/02/2023) | OMEGA SHIPTRADING SA (since 09/11/2017)","","False","False","Rosja"
"9290921","BEAST","Chemical/Oil Products Tanker","(Sierra leone)","9LU2817","","2005","30030","47120","In Service/Commission","OCEAN VOYAGE CORP","OCEAN VOYAGE CORP","TIDAL TECH MARINERS LLC","Rosjan Maritime Register of Shipping","","14","","","BEAST (since 01/03/2023) | Proodos (since 01/01/2022) | Evros (since 01/01/2005)","Sierra leone (since 01/06/2025) | Palau (Republic of) (since 01/03/2023) | Marshall Islands (since 01/01/2022) | Bahamas (since 01/01/2017) | Greece (since 01/02/2007) | Greece (since 01/01/2005)","5","2","OCEAN VOYAGE CORP (since 28/02/2023) | PROODOS SHIPPING SA (since 17/01/2022) | EMPIRE NAVIGATION LTD-LIB (since 31/01/2005)","","False","False","Rosja"
"9294123","CHONGCHON","Chemical/Oil Products Tanker","(Equatorial Guinea)","3CAN9","","2006","24996","40158","In Service/Commission","JIZAN MARITIME INC","JIZAN MARITIME INC","CHARAI SEA SHIPPING PVT LTD","Rosjan Maritime Register of Shipping","","37","","","CHONGCHON (since 01/02/2024) | Leonidas I (since 01/03/2023) | Prince I (since 01/02/2015) | Montenero (since 01/01/2006)","Equatorial Guinea (since 01/03/2026) | Sierra leone (since 01/10/2025) | Palau (Republic of) (since 01/10/2025) | Djibouti (since 01/04/2025) | Cook islands (since 01/06/2023) | Not Known (since 01/05/2023) | Mongolia (since 01/05/2023) | St.Kitts and Nevis (since 01/03/2023) | Panama (since 01/02/2015) | Italy (since 01/01/2006)","9","3","JIZAN MARITIME INC (since 29/02/2024) | DALMARE SPA (since 04/01/2006)","","False","False","Rosja"
"9683726","DMITRY POKROVSKY","Oil Products Tanker","(Rosja)","UEHF","","2014","5075","6999","In Service/Commission","VOLGOTRANS LLC","VOLGOTRANS LLC","VOLGOTRANS LLC","Rosjan Maritime Register of Shipping","","6","","","DMITRY POKROVSKY (since 01/03/2014)","Rosja (since 01/03/2014)","0","0","VOLGOTRANS LLC (since 26/12/2022) | MASHPROMLEASING JSC (since 30/06/2020) | GAZTECHLEASING LTD (since 18/04/2014)","","False","False","Rosja"
"9105140","TAIMYR","Oil Products Tanker","(Rosja)","UBJR7","","1995","11426","17095","In Service/Commission","TRINITY SHIPPING LLC-RUS","TRINITY SHIPPING LLC-RUS","TRINITY SHIPPING LLC-RUS","Rosjan Maritime Register of Shipping","","48","","","TAIMYR (since 01/11/2018)","Rosja (since 01/05/2022) | Cyprus (since 01/07/2019) | Rosja (since 01/11/2018) | Germany (since 01/11/2018)","3","0","TRINITY SHIPPING LLC-RUS (since 13/06/2024) | RPTD SOLD UNDISCLOSED INTEREST (since 17/05/2022)","","False","False","Rosja"
"9171175","CILICIA","Chemical/Oil Products Tanker","(Rosja)","UENV","","2000","13846","19740","In Service/Commission","RP-SHIPPING LLC","RP-SHIPPING LLC","RP-SHIPPING LLC","Rosjan Maritime Register of Shipping","","26","","","CILICIA (since 01/01/2023) | Ice Eagle (since 01/12/2011) | Prodromi (since 01/11/2007) | Stepan Makarov (since 01/04/2006) | Astrakhan (since 01/01/2000)","Rosja (since 01/08/2023) | Rosja (since 01/04/2019) | Cyprus (since 01/04/2019) | Rosja (since 01/08/2017) | Cyprus (since 01/08/2017) | Liberia (since 01/12/2011) | Malta (since 01/05/2006) | Rosja (since 01/01/2005) | Rosja (during 2002)","8","4","RP-SHIPPING LLC (since 30/01/2023) | ROSWELL ARCTIC LLC (since 28/07/2020) | ICE BIRD LLC (since 19/04/2019) | ICE EAGLE MARITIME LTD (since 14/08/2017) | LUKOIL ARCTIC TANKER (during 2002) | MURMANSK SHIPPING CO (during 2000) | LUKOIL ARCTIC TANKER (during 2000)","","False","False","Rosja"
"9749154","KUPAVA","Chemical/Oil Products Tanker","(Rosja)","UBFR","","2017","4979","6610","In Service/Commission","MAZK MANAGEMENT LLC","MAZK MANAGEMENT LLC","MAZK MANAGEMENT LLC","Rosjan Maritime Register of Shipping","","16","","","KUPAVA (since 01/02/2017)","Rosja (since 01/05/2025) | Malta (since 01/05/2025) | Rosja (since 01/02/2017) | Malta (since 01/01/2017)","3","0","MAZK MANAGEMENT LLC (since 08/07/2024) | MIDDLE VOLGA SHIPPING CO (since 17/06/2017)","","False","False","Rosja"
"9640516","VELES","Oil Products Tanker","(Rosja)","UBFI4","","2012","5075","7004","In Service/Commission","FLOTPRO LLC","FLOTPRO LLC","ERMAK SHIPPING LLC","Rosjan Maritime Register of Shipping","","13","","","VELES (since 01/07/2025) | Vf Tanker-3 (since 01/05/2012)","Rosja (since 01/05/2012)","0","1","FLOTPRO LLC (since 07/10/2024) | INVESTNEFTETRADE LLC (since 10/03/2023) | VOLGA SHIPPING JOINT STOCK (since 19/09/2019) | VEB-LEASING OJSC (since 17/05/2012)","","False","False","Rosja"
"9640528","POSEIDON S","Oil Products Tanker","(Rosja)","UBFI5","","2012","5075","7031","In Service/Commission","FLOTPRO LLC","FLOTPRO LLC","TRANSSERVICE LLC","Rosjan Maritime Register of Shipping","","10","","","POSEIDON S (since 01/07/2025) | Vf Tanker-4 (since 01/06/2012)","Rosja (since 01/06/2012)","0","1","FLOTPRO LLC (since 16/12/2024) | INVESTNEFTETRADE LLC (since 22/03/2023) | VOLGA SHIPPING JOINT STOCK (since 19/09/2019) | VEB-LEASING OJSC (since 20/06/2012)","","False","False","Rosja"
"9435363","VOLGA RIVER","Chemical/Oil Products Tanker","(Rosja)","UHYN","","2008","4695","7074","In Service/Commission","SBK DOLINA LLC","PERSPEKTIVA JSC","PERSPEKTIVA JSC","Rosjan Maritime Register of Shipping","","24","","","VOLGA RIVER (since 01/06/2021) | Araz River (since 01/12/2008)","Rosja (since 01/04/2009) | Malta (since 01/12/2008)","1","1","SBK DOLINA LLC (since 11/06/2021)","","False","False","Rosja"
"9435375","IRTYSH RIVER","Chemical/Oil Products Tanker","(Rosja)","UBXF3","","2009","4695","7073","In Service/Commission","PERSPEKTIVA JSC","PERSPEKTIVA JSC","PERSPEKTIVA JSC","Rosjan Maritime Register of Shipping","","19","","","IRTYSH RIVER (since 01/06/2021) | Vilesh River (since 01/05/2009)","Rosja (since 01/05/2025) | Malta (since 01/05/2025) | Rosja (since 01/06/2009) | Malta (since 01/05/2009)","3","1","PERSPEKTIVA JSC (since 06/05/2025) | SBK DOLINA LLC (since 01/06/2021)","","False","False","Rosja"
"9360415","INDUS 1","Oil Products Tanker","(Equatorial Guinea)","3CAN3","","2007","22535","39981","In Service/Commission","TIGWA SHIPPING INC","TIGWA SHIPPING INC","TULUVAI SHIPPING PVT LTD","Nippon Kaiji Kyokai (IACS)","","37","","","INDUS 1 (since 01/08/2024) | Kallos (since 01/02/2023) | Aida (since 01/01/2022) | Hafnia Hope (since 01/07/2014) | Mount Hope (since 01/01/2007)","Equatorial Guinea (since 01/11/2025) | Palau (Republic of) (since 01/06/2025) | Not Known (since 01/05/2025) | Panama (since 01/04/2023) | St.Kitts and Nevis (since 01/02/2023) | Liberia (since 01/01/2022) | Singapore (since 01/02/2015) | Cyprus (during 2007)","7","4","TIGWA SHIPPING INC (since 05/02/2024) | JIANG SHIPPING & MARINE INC (since 14/02/2023) | HAFNIA TANKERS SHIPHOLDING-SNG (during 02/2015)","","False","False","Rosja"
"9327372","OCEAN EMBRACE","Oil Products Tanker","(Not Known)","UNKNOWN","","2006","23337","37105","In Service/Commission","YUGUAN MARITIME INC","CHARAI SEA SHIPPING PVT LTD","CHARAI SEA SHIPPING PVT LTD","Rosjan Maritime Register of Shipping","","33","","","OCEAN EMBRACE (since 01/09/2025) | Ocean Amber (since 01/06/2025) | Ocean Embrace (since 01/01/2025) | Tyagaraja (since 01/09/2024) | Zelda (since 01/02/2023) | Grace Glaciesruptor (since 01/09/2022) | Baltic Favour (since 01/02/2006)","Not Known (since 01/05/2026) | Sierra leone (since 01/09/2025) | Malawi False (since 01/06/2025) | Not Known (since 01/05/2025) | Djibouti (since 01/01/2025) | Gabon (since 01/04/2023) | St.Kitts and Nevis (since 01/02/2023) | Liberia (since 01/09/2022) | Malta (since 01/02/2016) | Cyprus (since 01/02/2006)","9","6","YUGUAN MARITIME INC (since 01/01/2025) | AGUSAN SHIPPING INC (since 02/03/2024) | ZELDA SHIPPING & MARINE INC (since 02/02/2023) | GS LTD (since 28/09/2022) | BALTIC FAVOUR LLC (since 08/11/2019) | BALTIC FAVOUR SHIPPING CO LTD (since 23/02/2016)","","False","False","Rosja"
"9290517","VAYU 1","Chemical/Oil Products Tanker","(Cameroon)","TJM17Q","","2005","23240","40000","In Service/Commission","LAYLA MARITIME INC","LAYLA MARITIME INC","UNKNOWN","Registro Italiano Navale (IACS)","","25","","","VAYU 1 (since 01/01/2025) | Horai (since 01/02/2023) | Lisca Bianca M (since 01/11/2005) | Baltic Argonaut (since 01/09/2005)","Cameroon (since 01/01/2026) | Malawi False (since 01/07/2025) | Not Known (since 01/05/2025) | Panama (since 01/01/2025) | Gabon (since 01/06/2023) | Not Known (since 01/05/2023) | Mongolia (since 01/04/2023) | St.Kitts and Nevis (since 01/02/2023) | Italy (since 01/01/2006) | Cyprus (since 01/09/2005)","9","3","LAYLA MARITIME INC (since 04/09/2024) | HAI SHIPPING & MARINE INC (since 15/02/2023) | HERMAR TANKERS LTD (since 24/05/2018) | WORLDWIDE TANKERS LTD (since 13/05/2015)","","False","False","Rosja"
"9282986","ATLANTICOS","Chemical/Oil Products Tanker","(Rosja)","UBIY5","","2004","23271","37106","In Service/Commission","MUNAI INVEST LLC","MUNAI INVEST LLC","TRINITY SHIPPING LLC-RUS","Rosjan Maritime Register of Shipping","","52","","","ATLANTICOS (since 01/12/2019) | Torm Loire (since 01/01/2008) | Loire (since 01/02/2004)","Rosja (since 01/02/2023) | Sierra leone (since 01/01/2023) | Marshall Islands (since 01/12/2019) | Denmark (DIS) (since 01/01/2008) | Marshall Islands (since 01/02/2004)","4","2","MUNAI INVEST LLC (since 09/01/2023) | ATLANTICOS SHIPPING LTD (since 27/12/2019) | TORM A/S (since 15/01/2008) | LOIRE SHIPPING LLC (since 01/01/2003)","","False","False","Rosja"
"9288930","PACIFICOS","Chemical/Oil Products Tanker","(Rosja)","UBIY4","","2004","23271","37178","In Service/Commission","MUNAI INVEST LLC","MUNAI INVEST LLC","TRINITY SHIPPING LLC-RUS","Rosjan Maritime Register of Shipping","","50","","","PACIFICOS (since 01/01/2020) | Torm Garonne (since 01/01/2008) | Garonne (since 01/04/2004)","Rosja (since 01/02/2023) | Sierra leone (since 01/01/2023) | Marshall Islands (since 01/01/2020) | Denmark (DIS) (since 01/01/2008) | Marshall Islands (since 01/04/2004)","4","2","MUNAI INVEST LLC (since 09/01/2023) | PACIFICOS SHIPPING LTD (since 08/01/2020) | TORM A/S (since 25/01/2008) | GARONNE SHIPPING LLC (since 01/05/2004)","","False","False","Rosja"
"9255830","SEA MARINE 1","Oil Products Tanker","(Vietnam)","3WMU","","2003","25561","37463","In Service/Commission","LAN DUNG SEA FREIGHT SERVICE","LAN DUNG SEA FREIGHT SERVICE","LOADLINE SHIP MANAGEMENT PVT","May 2026","","40","","","SEA MARINE 1 (since 01/03/2022) | Petrolimex 08 (since 01/09/2005) | Nordafrika (since 01/06/2003)","Vietnam (since 01/03/2022) | Vietnam (since 01/09/2005) | Singapore (since 01/06/2003)","2","2","LAN DUNG SEA FREIGHT SERVICE (since 18/07/2024) | FARIVASHIP HK LTD (since 09/03/2022) | VITACO (since 09/09/2005) | NORDAFRIKA (since 26/06/2003)","","False","False","Rosja"
"9222560","CELERIX","Crude Oil Tanker","(Cameroon)","TJM4G7","","2000","28534","47131","Broken Up","TRIDENT MODESTY LTD","TRIDENT MODESTY LTD","MARITIME MAVEN MANAGEMENT LTD","Registro Italiano Navale (IACS)","","49","","","CELERIX (since 01/09/2025) | Cheetah Ii (since 01/05/2021) | Trident Modesty (since 01/02/2020) | Durango (since 01/05/2017) | Jiangxi (since 01/03/2017) | Tulum (since 01/08/2008) | St. Clemens (since 01/03/2000)","Cameroon (since 01/02/2026) | Benin False (since 01/09/2025) | Not Known (since 01/05/2025) | Panama (since 01/02/2020) | Mexico (since 01/05/2017) | Liberia (since 01/02/2015) | Mexico (since 01/03/2011) | Marshall Islands (since 01/07/2008) | Singapore (since 01/01/2000)","8","6","TRIDENT MODESTY LTD (since 07/02/2020) | MARITIMA DEL GOLFO DE MEXICO (since 22/07/2008) | SHENLONG MARITIME PTE LTD (during 2000)","","False","False","Rosja"
"9234501","STABILIS I","Chemical/Oil Products Tanker","(Cameroon)","TJM21Q","","2002","30770","45467","In Service/Commission","TRIDENT TRINITY LTD","MARITIME MAVEN MANAGEMENT LTD","MARITIME MAVEN MANAGEMENT LTD","Lloyd's Register (IACS)","","24","","","STABILIS I (since 01/08/2025) | Sealion I (since 01/03/2021) | Trident Trinity (since 01/01/2020) | Veracruz (since 01/03/2011) | Amatlan II (since 01/07/2005) | Elka Baluni (since 01/08/2004) | Baluni (since 01/07/2002)","Cameroon (since 01/02/2026) | Benin False (since 01/08/2025) | Not Known (since 01/05/2025) | Panama (since 01/01/2020) | Mexico (since 01/07/2005) | Liberia (since 01/08/2004) | Croatia (during 2002)","6","6","TRIDENT TRINITY LTD (since 02/02/2026) | MARINE SPIRIT GLOBAL FZE (since 07/08/2024) | TRIDENT TRINITY LTD (since 30/01/2020) | BUQUES TANQUE DEL PACIFICO SA (since 01/04/2006) | NAVIERA DEL PACIFICO SA DE CV (since 24/07/2005)","","False","False","Rosja"
"9302126","RAINBOW","Chemical/Oil Products Tanker","(Antigua and Barbuda)","V2YB9","","2005","23246","36990","In Service/Commission","OCEANICORBIT VENTURES LTD","JOLLY HOLDING CORP","JOLLY HOLDING CORP","May 2026","","40","","","RAINBOW (since 01/01/2024) | Olympic Glory (since 01/02/2023) | Esther (since 01/04/2022) | Torm Tevere (since 01/07/2008) | Tevere (since 01/01/2005)","Antigua and Barbuda (since 01/01/2024) | Liberia (since 01/04/2022) | Denmark (DIS) (since 01/07/2008) | Marshall Islands (since 01/07/2005)","3","4","OCEANICORBIT VENTURES LTD (since 01/03/2024) | JOLLY HOLDING CORP (since 06/01/2024) | AIDAN MARITIME 88 DAC (since 01/02/2023) | OLYMPIC GLORY SHIPPING SA (since 01/02/2023) | SG HOLDINGS LTD (since 12/04/2022) | TORM A/S (since 29/06/2020) | TORM A/S (since 14/10/2008) | TEVERE SHIPPING LLC (since 15/07/2005)","","False","False","Rosja"
"9293959","DUOS","Oil Products Tanker","(Cameroon)","TJME6","","2006","25431","40158","In Service/Commission","SKY & SEA MARITIME LTD","SKY & SEA MARITIME LTD","UNKNOWN","Registro Italiano Navale (IACS)","","29","","","DUOS (since 01/10/2025) | Fotuo (since 01/01/2023) | Olympic Champion (since 01/09/2022) | Miss Claudia (since 01/05/2006)","Cameroon (since 01/10/2025) | Benin False (since 01/06/2025) | Not Known (since 01/05/2025) | Liberia (since 01/09/2022) | Marshall Islands (since 01/02/2012) | Italy (since 01/10/2010) | Marshall Islands (since 01/05/2006)","6","3","SKY & SEA MARITIME LTD (since 28/10/2025) | LEDRI SHIPPING CO LTD (since 12/01/2023) | MARITIME OLYMPIC CHAMPION LLC (since 25/08/2022) | OSCAR LTD (since 01/01/2018) | D8 PRODUCT TANKERS I LLC (since 07/10/2010) | PERSEVERANZA SPA DI NAVIGAZION (since 30/05/2006)","","False","False","Rosja"
"9269257","EARTH","Crude Oil Tanker","(Liberia)","5LUS2","","2004","42011","73495","In Service/Commission","EARTH SHIPPING SA","LIYA SHIPPING LTD","LIYA SHIPPING LTD","Lloyd's Register (IACS)","","35","","","EARTH (since 01/12/2024) | Lara Ii (since 01/12/2023) | Lara (since 01/07/2022) | BW Lara (since 01/04/2013) | Fortune (since 01/12/2011) | Newlead Fortune (since 01/03/2010) | Fortius (since 01/08/2004) | Altius (since 01/11/2003)","Liberia (since 01/12/2024) | Antigua and Barbuda (since 01/12/2023) | Liberia (since 01/07/2022) | Singapore (since 01/07/2014) | Bermuda (since 01/12/2011) | Marshall Islands (since 01/11/2005) | Malta (since 01/03/2004)","6","7","EARTH SHIPPING SA (since 18/12/2024) | MARITIMEMOMENTUM LTD (since 01/04/2024) | LIYA SHIPPING LTD (since 29/12/2023) | BONNIE SHIPPING INVESTMENTS SA (since 12/07/2022) | BW ALDRICH PTE LTD (since 16/06/2017) | BW SILVERMINE PTE LTD (since 22/07/2014) | BW GAS CYPRUS LTD (since 17/09/2013) | W TANKERS LTD-BER (since 22/12/2011)","","False","False","Rosja"
"9279719","SUNRISE","Oil Products Tanker","(Antigua and Barbuda)","V2YC7","","2004","28069","45948","In Service/Commission","OCEANQUEST MARITIME LTD","OCEANQUEST MARITIME LTD","OCEANQUEST MARITIME LTD","May 2026","","48","","","SUNRISE (since 01/01/2024) | Sea Helios (since 01/01/2013) | Avonden (since 01/04/2011) | Kudu (during 2004)","Antigua and Barbuda (since 01/01/2024) | Malta (since 01/01/2013) | Panama (since 01/03/2004) | Philippines (since 01/03/2004) | Panama (since 01/03/2004)","4","3","OCEANQUEST MARITIME LTD (since 30/01/2024) | HELIOS SHIPPING CO LTD-MTA (since 07/01/2013) | RATU SHIPPING CO SA (before 07/2011) | SAFEMARINE CORPORATION SA (since 01/03/2004)","","False","False","Rosja"
"9346873","ELODIE I","Crude Oil Tanker","(Cameroon)","TJM41D","","2008","59611","110295","In Service/Commission","DILEMMA LAU LTD","DILEMMA LAU LTD","DANNY TEY HONGKONG CO LTD","Registro Italiano Navale (IACS)","","48","","","ELODIE I (since 01/06/2025) | Aquarius II (since 01/01/2024) | Mare Oriens (since 01/09/2008)","Cameroon (since 01/10/2025) | Palau (Republic of) (since 01/06/2025) | Not Known (since 01/05/2025) | Panama (since 01/01/2024) | Italy (since 01/06/2018) | Bahamas (since 01/06/2018) | Italy (since 01/06/2016) | Bahamas (since 01/09/2008) | Italy (since 01/09/2008)","8","2","DILEMMA LAU LTD (since 12/06/2025) | OCTANS DORNE LTD (since 10/01/2024) | D'AMICO FRATELLI SPA (during 03/2021) | COMPAGNIA ATLANTICA (since 01/06/2016) | D'AMICO FRATELLI SPA (since 18/09/2008)","","False","False","Rosja"
"9375575","SINO FAITH","Chemical/Oil Products Tanker","(Panama)","3E4689","","2008","29283","53116","In Service/Commission","HENGAN STEAMSHIP CO LTD","QINGDAO RUNZE SHIPPING CO LTD","QINGDAO RUNZE SHIPPING CO LTD","Registro Italiano Navale (IACS)","","43","","","SINO FAITH (since 01/07/2023) | New Jupiter (since 01/11/2022) | Gotland Marieann (since 01/08/2008)","Panama (since 01/07/2023) | Marshall Islands (since 01/11/2022) | Bahamas (since 01/05/2010) | Denmark (DIS) (since 01/08/2008)","3","2","HENGAN STEAMSHIP CO LTD (since 28/07/2023) | NEW JUPITER SHIPPING CO LTD (since 26/11/2022) | GOTLAND CLASS SHIPPING (before 10/2018) | GOTLAND REDERI AB (since 05/11/2015) | GOTLAND CLASS SHIPPING (since 27/12/2012)","","False","False","Rosja"
"9350850","SINO SOURCE","Chemical/Oil Products Tanker","(Panama)","3E5146","","2006","30053","50890","In Service/Commission","TIAN HE SHIPPING CO LTD","TIAN HE SHIPPING CO LTD","TIAN HE SHIPPING CO LTD","Lloyd's Register (IACS)","","49","","","SINO SOURCE (since 01/01/2024) | Pelagic Taimen (since 01/05/2022) | Arctic Breeze (since 01/06/2006) | Ice Point (since 01/04/2006)","Panama (since 01/01/2024) | Malta (since 01/08/2022) | Liberia (since 01/08/2022) | Malta (since 01/05/2022) | Germany (since 01/05/2022) | Malta (since 01/06/2006) | Germany (since 01/06/2006) | Malta (since 01/04/2006)","7","3","TIAN HE SHIPPING CO LTD (since 08/01/2024) | MILNE MARITIME CO LTD (since 16/05/2022) | ARCTIC BREEZE (since 18/04/2006) | SEA POINT SHIPPING (since 10/04/2006) | BARBARO SPA (since 01/04/2006)","","False","False","Rosja"
"9284726","BONIFACY","Oil Products Tanker","(Cameroon)","TJMC147","","2004","28059","45898","In Service/Commission","BLOSSOM BRIDGE CORP","BLOSSOM BRIDGE CORP","NEBULON STEELVEIL LLC","Rosjan Maritime Register of Shipping","","48","","","BONIFACY (since 01/12/2023) | Shandong Weihe (since 01/06/2016) | Stavanger Eagle (since 01/10/2004)","Cameroon (since 01/06/2025) | Palau (Republic of) (since 01/12/2023) | Hong Kong, China (since 01/06/2016) | Norway (NIS) (since 01/11/2014) | Panama (since 01/10/2004)","4","2","BLOSSOM BRIDGE CORP (since 29/12/2023) | SHANDONG WEIHE TANKER CO LTD (since 08/06/2016)","","False","False","Rosja"
"9278064","SOFOS","Chemical/Oil Products Tanker","(Sierra leone)","9LS2116","","2004","30095","51319","In Service/Commission","NEW DAWN MARINE CORP","NEW DAWN MARINE CORP","VOYAGE GUARD SHIPMANAGEMENT","Rosjan Maritime Register of Shipping","","50","","","SOFOS (since 01/02/2025) | Saga (since 01/06/2023) | Mtm Hudson (since 01/09/2019) | Energy Protector (since 01/06/2004)","Sierra leone (since 01/02/2025) | Cook islands (since 01/06/2024) | Palau (Republic of) (since 01/06/2023) | Singapore (since 01/09/2019) | Isle of Man (since 01/06/2004)","4","3","NEW DAWN MARINE CORP (since 29/05/2023) | MTM HUDSON PTE LTD (since 23/09/2019) | UNIQUE NAVIGATION CORP (during 2004)","","False","False","Rosja"
"9318022","CHARMINAR","Chemical/Oil Products Tanker","(Comoros FALSE)","UNKNOWN","","2006","30053","50922","In Service/Commission","RPTD SOLD UNDISCLOSED INTEREST","RPTD SOLD UNDISCLOSED INTEREST","UNKNOWN","Lloyd's Register (IACS)","","54","","","CHARMINAR (since 01/12/2022) | Northern Light (since 01/05/2011) | East Point (since 01/02/2006)","Comoros FALSE (since 01/10/2025) | Not Known (since 01/08/2025) | Panama (since 01/12/2022) | Marshall Islands (since 01/05/2011) | Italy (since 01/02/2006)","4","2","RPTD SOLD UNDISCLOSED INTEREST (since 30/07/2025) | MALINDI NAVIGATION LTD (since 25/05/2011)","","False","False","Rosja"
"9374844","MAMMA MARIA","Crude Oil Tanker","(Liberia)","A8MZ4","","2007","42010","73611","In Service/Commission","VIRTUAL MARITIME SA","ROYAL MARINE SA","ROYAL MARINE SA","Dromon Bureau of Shipping","","49","","","MAMMA MARIA (since 01/02/2026) | Agile (since 01/09/2023) | Norstar Invictus (since 01/09/2017) | King Dorian (since 01/04/2008) | King David (since 01/03/2007)","Liberia (since 01/03/2026) | Marshall Islands (since 01/03/2026) | Liberia (since 01/02/2026) | Palau (Republic of) (since 01/10/2025) | Not Known (since 01/09/2025) | Palau (Republic of) (since 01/07/2025) | Not Known (since 01/06/2025) | Cook islands (since 01/08/2023) | Marshall Islands (since 01/09/2017) | Germany (since 01/09/2017) | Marshall Islands (since 01/03/2007) | Germany (since 01/03/2007)","11","4","VIRTUAL MARITIME SA (since 25/02/2026) | FIDELITY GLOBAL DMCC (since 05/09/2023) | NORSTAR INVICTUS LTD (since 21/12/2017)","","False","False","Rosja"
"9270749","IRA","Crude Oil Tanker","(Cameroon)","TJMC8Z","","2004","28799","47999","In Service/Commission","IRA SHIPPING INC","IRA SHIPPING INC","NORTHSTAR MARITIME PVT LTD","May 2026","","31","","","IRA (since 01/11/2025) | Bela (since 01/06/2025) | Gauri (since 01/01/2024) | Jag Prabha (since 01/08/2013) | Pacific Oasis (during 2004)","Cameroon (since 01/02/2026) | MALI FALSE (since 01/11/2025) | Palau (Republic of) (since 01/07/2025) | Comoros (since 01/06/2025) | Barbados (since 01/01/2024) | Marshall Islands (since 01/01/2024) | India (since 01/08/2013) | Panama (since 01/10/2004)","7","4","IRA SHIPPING INC (since 06/11/2025) | GREAT EASTERN SHIPPING CO LTD (since 19/08/2013)","","False","False","Rosja"
"9261657","C VIKING","Chemical/Oil Products Tanker","(Sierra leone)","9LS2117","","2004","25443","40059","In Service/Commission","TAVROSEN HAVEN LTD","TAVROSEN HAVEN LTD","TIDAL TECH MARINERS LLC","Rosjan Maritime Register of Shipping","","51","","","C VIKING (since 01/12/2023) | Shandong Zihe (since 01/08/2016) | Amalienborg (since 01/12/2008) | Southern Unity (since 01/03/2004)","Sierra leone (since 01/03/2025) | Cook islands (since 01/04/2024) | Palau (Republic of) (since 01/12/2023) | Hong Kong, China (since 01/08/2016) | Gibraltar (since 01/09/2009) | Denmark (DIS) (since 01/12/2008) | United Kingdom (since 01/03/2004)","6","3","TAVROSEN HAVEN LTD (since 22/01/2026) | MARINEQUEST CORP (since 29/12/2023) | SHANDONG ZIHE TANKER CO LTD (since 03/08/2016) | DANNEBROG REDERI A/S (since 31/01/2013) | KRONBORG SHIPPING K/S (since 01/06/2010) | DANNEBROG REDERI A/S (since 01/08/2006)","","False","False","Rosja"
"9035541","MILLEROVO","Chemical/Oil Products Tanker","(Rosja)","UBLJ4","","1997","3729","5250","In Service/Commission","TRAVELER SHIPPING LTD","TRAVELER SHIPPING LTD","TRAVELER SHIPPING LTD","Rosjan Maritime Register of Shipping","","24","","","MILLEROVO (since 01/05/2023) | Marshal Tukhachevskiy (since 01/09/2012)","Rosja (since 01/06/2017) | Rosja (since 01/09/2012)","1","1","TRAVELER SHIPPING LTD (since 04/09/2023) | TRANS-FLOT JSC (during 07/2013)","","False","False","Rosja"
"9296585","ASTRA","Oil Products Tanker","(Rosja)","UAYE7","","2005","28059","45896","In Service/Commission","HS SENSUS LTD","HS SENSUS LTD","FAR FRONTIERS LLC","Rosjan Maritime Register of Shipping","","30","","","ASTRA (since 01/01/2026) | Sensus (since 01/09/2022) | UOG Consensus (since 01/06/2022) | UACC Consensus (since 01/09/2009) | High Consensus (since 01/02/2005)","Rosja (since 01/01/2026) | Not Known (since 01/04/2024) | Liberia (since 01/09/2022) | Panama (since 01/06/2009) | Liberia (since 01/02/2008) | Panama (since 01/02/2005)","5","4","HS SENSUS LTD (since 02/09/2022) | UOG CONSENSUS LLC (since 29/06/2022) | CONSENSUS TANKERS INC (since 01/08/2010) | UNITED ARAB CHEMICAL CARRIERS (since 17/06/2009) | D'AMICO TANKERS DAC (since 22/02/2008) | LUCRETIA SHIPPING SA (since 28/02/2005)","","False","False","Rosja"
"9301615","SIRTIC","Chemical/Oil Products Tanker","(Guinea False)","UNKNOWN","","2004","2097","1504","In Service/Commission","HS SARA II LTD","HS SARA II LTD","UNKNOWN","Lloyd's Register (IACS)","","10","","","SIRTIC (since 01/12/2025) | Sara Ii (since 01/11/2022) | Sara 1 (since 01/11/2012) | Ilios Ermis (since 01/05/2010) | Alios Hermes (since 01/05/2004)","Guinea False (since 01/12/2025) | Not Known (since 01/04/2024) | Liberia (since 01/11/2022) | Panama (since 01/12/2021) | Malaysia (since 01/11/2012) | Greece (during 2004)","5","4","HS SARA II LTD (since 30/11/2022) | ILIOS ERMIS SHIPPING CO (since 19/05/2010)","","False","False","Rosja"
"9327413","KAROL","Chemical/Oil Products Tanker","(Guinea False)","UNKNOWN","","2006","23290","37497","In Service/Commission","ARISTO TANKERS LTD","ARISTO TANKERS LTD","UNKNOWN","March 2026","","41","","","","","","","","","False","False","Rosja"
"9314818","ALYSSUM","Chemical/Oil Products Tanker","(Rosja)","UAGF5","","2006","23260","37273","In Service/Commission","GLOBAL SEAWAY LLC","GLOBAL SEAWAY LLC","GLOBAL SEAWAY LLC","Rosjan Maritime Register of Shipping","","37","","","ALYSSUM (since 01/03/2026) | Miley (since 01/10/2024) | Mona (since 01/10/2022) | Baltic Monarch (since 01/07/2006)","Rosja (since 01/03/2026) | Guinea False (since 01/10/2024) | Not Known (since 01/04/2024) | Liberia (since 01/10/2022) | Cyprus (since 01/07/2006)","4","3","GLOBAL SEAWAY LLC (since 23/03/2026) | HS MONA LTD (since 21/10/2022) | B MONARCH SHIPPING CO LTD (since 19/12/2007)","","False","False","Rosja"
"9353113","JUN MA","Oil Products Tanker","(Cameroon)","TJM4V","","2008","23353","37321","In Service/Commission","KYRAN MARITIME INC","DONG TING HU SHIPMANAGEMENT CO","DONG TING HU SHIPMANAGEMENT CO","Rosjan Maritime Register of Shipping","","30","","","JUN MA (since 01/01/2025) | Kavya (since 01/07/2024) | Hana (since 01/01/2023) | Louie (since 01/03/2019) | CPO Norway (since 01/09/2008)","Cameroon (since 01/10/2025) | Gambia FALSE (since 01/06/2025) | Tanzania (since 01/07/2024) | Gabon (since 01/06/2023) | Mongolia (since 01/05/2023) | Not Known (since 01/04/2023) | St.Kitts and Nevis (since 01/01/2023) | Marshall Islands (since 01/03/2019) | Germany (since 01/03/2019) | United Kingdom (since 01/09/2008) | Germany (since 01/09/2008)","10","4","KYRAN MARITIME INC (since 24/10/2025) | ELIZARIO SHIPPING INC (since 02/03/2024) | HANA SHIPPING & MARINE INC (since 18/01/2023) | HSL LOUIE SHIPPING LTD (since 18/03/2019) | CPO NORWAY OFFEN REEDEREI (since 09/09/2008)","","False","False","Rosja"
"9621601","VASILY LANOVOY","Chemical/Oil Products Tanker","(Rosja)","UBOZ8","","2016","29795","49996","In Service/Commission","TRANSSTROY LLC","TRANSSTROY LLC","GAZPROM FLOT LLC","Rosjan Maritime Register of Shipping","","23","","","VASILY LANOVOY (since 01/10/2023) | Lacerta (since 01/06/2016)","Rosja (since 01/10/2023) | Palau (Republic of) (since 01/09/2023) | Marshall Islands (since 01/04/2023) | Malta (since 01/06/2016)","3","1","TRANSSTROY LLC (since 30/10/2023) | LRK-3 FINANCE INC (since 09/06/2016) | UNKNOWN (since 31/12/2015)","","False","False","Rosja"
"9777670","SANAR","Oil Products Tanker","(Rosja)","UALW","","2015","5075","7005","In Service/Commission","REGION LEASING JSC","ROSEWOOD SHIPPING LLC","ROSEWOOD SHIPPING LLC","Rosjan Maritime Register of Shipping","","9","","","SANAR-15 (since 01/03/2023) | Lady Aria (since 01/03/2020) | Synergy 2 (since 01/06/2015)","Rosja (since 01/03/2023) | Cameroon (since 01/12/2022) | Not Known (since 01/10/2022) | Rosja (since 01/10/2022) | Malta (since 01/06/2015) | Rosja (since 01/06/2015)","5","2","REGION LEASING JSC (since 06/02/2025) | COVART ENERGY LTD (since 05/12/2022)","","False","False","Rosja"
"9277735","ROSALIND","Oil Products Tanker","(Guinea False)","UNKNOWN","","2004","42432","74999","In Service/Commission","RPTD SOLD UNDISCLOSED INTEREST","RPTD SOLD UNDISCLOSED INTEREST","UNKNOWN","Lloyd's Register (IACS)","","39","","","ROSALIND (since 01/06/2025) | Lunar Tide (since 01/09/2024) | Beks Aqua (since 01/12/2022) | Houston Star (since 01/05/2020) | Keros (since 01/02/2014) | Anna Victoria (since 01/01/2011) | Torm Anna (since 01/02/2004)","Guinea False (since 01/06/2025) | Tanzania (since 01/09/2024) | Guinea-Bissau (since 01/04/2024) | Marshall Islands (since 01/12/2022) | Liberia (since 01/05/2020) | Greece (since 01/02/2014) | Bahamas (since 01/01/2011) | Denmark (DIS) (during 2004)","7","6","RPTD SOLD UNDISCLOSED INTEREST (since 31/12/2025) | WEST MARITIME SERVICES TRADING (since 25/09/2024) | AQUA MARITIME & TRADING INC (since 28/12/2022) | NEWTON PARTNERS LTD (since 23/06/2021) | SHINOUSSA SHIPPING CORP (since 02/02/2014) | TORSBURGEN REDERI AB (since 20/02/2004)","","False","False","Rosja"
"9289520","DHEZI","Chemical/Oil Products Tanker","(Sint Maarten False)","UNKNOWN","","2005","30053","53106","Broken Up","","ATOS REMOTE SOLUTIONS","ATOS REMOTE SOLUTIONS","China Classification Society (IACS)","","33","","","DHEZI (since 01/05/2025) | N Cerna (since 01/08/2024) | Canis Power (since 01/01/2023) | Aris (since 01/05/2006) | Western Atlantic (since 01/04/2005)","Sint Maarten False (since 01/05/2025) | Sao Tome & Principe FALSE (since 01/01/2025) | Barbados (since 01/08/2024) | Not Known (since 01/07/2024) | Cook islands (since 01/01/2023) | Bahamas (since 01/04/2005)","5","4","SEA CELEBRITY SA (since 02/05/2006)","","False","False","Rosja"
"9318553","SAGA","Chemical/Oil Products Tanker","(Rosja)","UAEE8","","2006","27357","46941","In Service/Commission","NEW FLEET LTD","NEW FLEET LTD","NEW FLEET LTD","Rosjan Maritime Register of Shipping","","32","","","SAGA (since 01/08/2024) | NS Spirit (since 01/10/2006)","Rosja (since 01/12/2025) | Gambia FALSE (since 01/10/2025) | Comoros FALSE (since 01/08/2025) | Comoros (since 01/06/2025) | Barbados (since 01/08/2024) | Gabon (since 01/01/2024) | Liberia (since 01/10/2006)","6","1","NEW FLEET LTD (since 20/12/2025) | GISMO NAVIGATION LTD (since 06/08/2024) | CORAL MIST TANKER LTD (since 10/10/2006)","","False","False","Rosja"
"9333424","PHOTON","Oil Products Tanker","(Cameroon)","TJMF20","","2007","29844","47218","In Service/Commission","CARMI TANKER LTD","LARK SHIPMANAGEMENT LLC-FZ","LARK SHIPMANAGEMENT LLC-FZ","Rosjan Maritime Register of Shipping","","33","","","PHOTON (since 01/08/2025) | Phoenix (since 01/08/2024) | SCF Pechora (since 01/11/2007)","Cameroon (since 01/12/2025) | Not Known (since 01/11/2025) | Gambia (since 01/08/2025) | Malawi False (since 01/06/2025) | Not Known (since 01/05/2025) | Sao Tome and Principe (since 01/01/2025) | Barbados (since 01/08/2024) | Gabon (since 01/02/2024) | Liberia (since 01/11/2017) | Rosja (since 01/07/2014) | Liberia (since 01/11/2007)","10","2","CARMI TANKER LTD (since 28/08/2024) | DUPORT MARINE SERVICES INC (since 17/11/2017) | DUPORT MARINE SERVICES INC (since 26/11/2007)","","False","False","Rosja"
"9323338","ANEMON","Chemical/Oil Products Tanker","(Rosja)","UACF5","","2006","30681","52679","In Service/Commission","GLOBAL SEAWAY LLC","GLOBAL SEAWAY LLC","GLOBAL SEAWAY LLC","Rosjan Maritime Register of Shipping","","29","","","ANEMON (since 01/02/2026) | Bettle (since 01/02/2024) | Uze (since 01/07/2022) | Puze (since 01/12/2006)","Rosja (since 01/02/2026) | Guinea False (since 01/11/2024) | Eswatini FALSE (since 01/02/2024) | Liberia (since 01/07/2022) | Marshall Islands (since 01/12/2006)","4","3","GLOBAL SEAWAY LLC (since 26/02/2026) | KIPPER MARINE SOLUTIONS FZ-LLC (since 08/02/2024) | HS UZE LTD (since 24/07/2022) | SAULKRASTI NAVIGATION INC (since 12/12/2006)","","False","False","Rosja"
"9308065","EVENTIN","Crude Oil Tanker","(Not Known)","UNKNOWN","","2006","82647","152013","In Casualty Or Repairing","RPTD SOLD UNDISCLOSED INTEREST","RPTD SOLD UNDISCLOSED INTEREST","UNKNOWN","Bureau Veritas (IACS)","","22","","","EVENTIN (since 01/06/2024) | Charvi (since 01/08/2022) | Storviken (since 01/02/2006)","Not Known (since 01/03/2025) | Panama (since 01/08/2022) | Bahamas (since 01/02/2012) | Norway (NIS) (since 01/02/2006)","3","2","RPTD SOLD UNDISCLOSED INTEREST (since 11/03/2025) | VAIGAI LINES INC (since 10/08/2022) | VIKEN FLEET I AS (since 29/06/2007)","","False","False","Rosja"
"9842176","VLADIMIR MONOMAKH","Crude Oil Tanker","(Rosja)","UBUT6","","2020","65141","112960","In Service/Commission","ROSNEFTEFLOT JSC","ROSNEFTEFLOT JSC","ROSNEFTEFLOT JSC","Rosjan Maritime Register of Shipping","","0","","","VLADIMIR MONOMAKH (since 01/12/2020)","Rosja (since 01/12/2020)","0","0","ROSNEFTEFLOT JSC (since 21/12/2020)","","False","False","Rosja"
"9208069","STELLAR BEVERLY","Crude Oil Tanker","(Cameroon)","TJM062","","2000","80870","147080","In Service/Commission","YEGUA TRADING LTD","ELITE MARINE SHIP MANAGEMENT","ELITE MARINE SHIP MANAGEMENT","Overseas Marine Certification Services","","39","","","STELLAR BEVERLY (since 01/02/2023) | Xocota (since 01/09/2021) | Jannat Alferdos (since 01/01/2021) | Quan Xiang (since 01/12/2020) | Jag Lateef (since 01/09/2007) | Minerva Nounou (since 01/07/2000)","Cameroon (since 01/01/2026) | Mozambique False (since 01/09/2025) | Gambia FALSE (since 01/06/2025) | Panama (since 01/12/2020) | India (since 01/09/2007) | Greece (since 01/12/2002)","5","5","YEGUA TRADING LTD (since 01/04/2025) | SATINWOOD GLOBAL INVESTMENT (since 07/02/2024) | XIFOIDES GROUP LTD (since 08/09/2021) | GREAT EASTERN SHIPPING CO LTD (since 18/09/2007) | NOUNOU ENE (since 19/07/2004)","","False","False","Rosja"
"9288746","PLUTON","Crude Oil Tanker","(Rosja)","UAFE4","","2005","57296","105042","In Service/Commission","LAAL SHIPPING LTD","LAAL SHIPPING LTD","FLEET SYNERGY LLC","Rosjan Maritime Register of Shipping","","34","","","PLUTON (since 01/12/2025) | Marathon (since 01/05/2025) | Udaya (since 01/12/2024) | Marathon (since 01/12/2022) | Seaborn (since 01/01/2005)","Rosja (since 01/12/2025) | Gambia FALSE (since 01/11/2025) | Gambia (since 01/10/2025) | Comoros FALSE (since 01/05/2025) | Comoros (since 01/04/2025) | Djibouti (since 01/12/2024) | Gabon (since 01/04/2023) | St.Kitts and Nevis (since 01/12/2022) | Malta (since 01/01/2005)","8","4","LAAL SHIPPING LTD (since 02/05/2025) | BICOL SHIPPING INC (since 01/03/2024) | BELLONA SHIPTRADE SA (since 01/07/2015)","","False","False","Rosja"
"9274800","ASTRAL","Crude Oil Tanker","(Sierra leone)","9LU2073","","2004","62877","114500","In Service/Commission","YAMAI MARITIME INC","YAMAI MARITIME INC","TULUVAI SHIPPING PVT LTD","Rosjan Maritime Register of Shipping","","34","","","ASTRAL (since 01/05/2025) | Yangtze (since 01/08/2023) | Prometheus (since 01/12/2022) | Seatrust (since 01/09/2018) | Sparto (since 01/07/2004)","Sierra leone (since 01/12/2025) | Not Known (since 01/11/2025) | Gambia (since 01/09/2025) | Sao Tome and Principe (since 01/05/2025) | Djibouti (since 01/03/2025) | Not Known (since 01/02/2025) | Gabon (since 01/04/2023) | St.Kitts and Nevis (since 01/12/2022) | Malta (since 01/09/2018) | Cyprus (during 2004)","9","4","YAMAI MARITIME INC (since 11/09/2025) | ZENITH SHIPPING INC-SEY (since 01/07/2023) | TITAN SHIPPING & MARINE INC (since 12/09/2018) | SWAN MARINE LTD (since 12/09/2018) | STARWAVE SHIPPING (since 26/07/2004)","","False","False","Rosja"
"9346744","MA JIN","Crude Oil Tanker","(Sierra leone)","9LU2889","","2007","61342","115915","In Service/Commission","KONGRI MARITIME INC","KONGRI MARITIME INC","QIN HUAI HE SHIPMANAGEMENT CO","Indian Register of Shipping (IACS)","","39","","","MA JIN (since 01/12/2023) | P. Kikuma (since 01/03/2020) | Fsl Shanghai (since 01/07/2013) | Action (since 01/11/2007)","Sierra leone (since 01/07/2025) | Not Known (since 01/05/2025) | Palau (Republic of) (since 01/04/2025) | Panama (since 01/12/2023) | Marshall Islands (since 01/03/2020) | Singapore (since 01/07/2013) | Malta (since 01/07/2013) | Malta (since 01/11/2007)","7","3","KONGRI MARITIME INC (since 01/08/2025) | CITRINE SHIPPING INC-SEY (since 13/12/2023) | TOKA SHIPPING CO INC (since 30/03/2020)","","False","False","Rosja"
"9265756","ALTIS","Crude Oil Tanker","(Sierra leone)","9LS1996","","2005","61991","115583","In Service/Commission","ZINREPIN HARBORCRAFT LTD","ZINREPIN HARBORCRAFT LTD","NAUTEXA STRATUM LLC","Rosjan Maritime Register of Shipping","","49","","","","","","","","","False","False","Rosja"
"9368223","ACHILLES","Crude Oil Tanker","(Oman)","A4FE9","","2008","62863","108953","In Service/Commission","SIRAJ MARITIME LLC","VIJAYNAGAR VOYAGE SHIPPING PVT","VIJAYNAGAR VOYAGE SHIPPING PVT","Indian Register of Shipping (IACS)","","27","","","ACHILLES (since 01/02/2023) | Gullit (since 01/05/2021) | Ocean Queen (since 01/03/2008)","Oman (since 01/09/2025) | Panama (since 01/04/2023) | St.Kitts and Nevis (since 01/01/2023) | Singapore (since 01/03/2008)","3","2","SIRAJ MARITIME LLC (since 27/09/2025) | AKLAN SHIPPING INC (since 18/03/2024) | ACHILLES SHIPPING & MARINE INC (since 06/02/2023) | RUUD 4 PTE LTD (since 14/05/2021) | NAN FANG MARITIME PTE LTD (since 31/03/2008)","","False","False","Rosja"
"9291250","STILGAR","Crude Oil Tanker","(Sierra leone)","9LS1974","","2005","62877","114880","In Service/Commission","SELQURIN TIDEMARK LTD","SELQURIN TIDEMARK LTD","NAUTEXA STRATUM LLC","Rosjan Maritime Register of Shipping","","29","","","STILGAR (since 01/03/2026) | Cortex (since 01/02/2025) | Line (since 01/03/2024) | Beks Star (since 01/06/2022) | Almi Star (since 01/05/2009) | Rainier Spirit (since 01/08/2005)","Sierra leone (since 01/03/2026) | Cameroon (since 01/01/2026) | Mozambique (since 01/12/2025) | Comoros (since 01/04/2025) | Barbados (since 01/02/2025) | Guinea-Bissau (since 01/03/2024) | Marshall Islands (since 01/06/2022) | Liberia (since 01/05/2009) | Bahamas (since 01/08/2005)","8","5","SELQURIN TIDEMARK LTD (since 26/03/2026) | TOWER MARITIME & TRADING INC (since 01/06/2025) | CAPE GEMI ISLETMECILIGI AS (since 14/04/2025) | TOWER MARITIME & TRADING INC (since 06/02/2025) | LINE MARITIME & TRADING LTD (since 12/09/2024) | STAR MARITIME & TRADING INC (since 28/06/2022) | VICTORIA INTERNATIONAL MARINE (since 05/05/2009)","","False","False","Rosja"
"9257022","STARLIT","Crude Oil Tanker","(Equatorial Guinea)","3CAN7","","2003","56172","105745","In Service/Commission","SARSWATI SHIPPING LTD","SARSWATI SHIPPING LTD","TONG LUO SHAN SHIPMANAGEMENT","Rosjan Maritime Register of Shipping","","38","","","","","","","","","False","False","Rosja"
"9250531","ROZMARINE","Crude Oil Tanker","(Equatorial Guinea)","3CAN13","","2004","57062","106290","In Service/Commission","OCEAN WATERS MARITIME CORP","DREAM ISLAND SHIPPING LLC","DREAM ISLAND SHIPPING LLC","Rosjan Maritime Register of Shipping","","29","","","ROZMARINE (since 01/03/2025) | Python (since 01/07/2023) | Wonder Musica (since 01/06/2021) | Alonissos (since 01/03/2004)","Equatorial Guinea (since 01/03/2026) | Guyana False (since 01/12/2025) | Comoros FALSE (since 01/05/2025) | Comoros (since 01/03/2025) | Cameroon (since 01/01/2025) | Barbados (since 01/11/2024) | Cook islands (since 01/03/2024) | Palau (Republic of) (since 01/07/2023) | Marshall Islands (since 01/06/2021) | Greece (since 01/03/2004)","9","3","OCEAN WATERS MARITIME CORP (since 06/07/2023) | COLOSSUS SHIPPING CO (since 15/06/2021) | ALONISSOS ENE (since 30/11/2006)","","False","False","Rosja"
"9297371","VULKAN","Crude Oil Tanker","(Rosja)","UAAF9","","2006","63462","113553","In Service/Commission","FLEET SYNERGY LLC","FLEET SYNERGY LLC","FLEET SYNERGY LLC","Rosjan Maritime Register of Shipping","","29","","","VULKAN (since 01/01/2026) | Diva 1 (since 01/02/2025) | Suleyman I (since 01/11/2022) | Parosea (since 01/08/2022) | Godam (since 01/03/2020) | Amore Mio (since 01/12/2018) | British Eagle (since 01/05/2006)","Rosja (since 01/02/2026) | Cameroon (since 01/11/2025) | Comoros FALSE (since 01/05/2025) | Comoros (since 01/03/2025) | Not Known (since 01/12/2024) | Panama (since 01/04/2023) | St.Kitts and Nevis (since 01/11/2022) | Marshall Islands (since 01/12/2018) | Isle of Man (since 01/05/2006)","8","6","FLEET SYNERGY LLC (since 06/02/2026) | MORONG SHIPPING INC (since 19/04/2024) | MAGNIFICENT SHIPPING INC-MAI (since 08/11/2022) | PAROSEA SHIPPING CO (since 10/08/2022) | GODAM MARITIME LTD (since 13/03/2020) | AMORE MIO CRUDE CARRIER SA (since 10/12/2018)","","False","False","Rosja"
"9312884","KEMEROVO","Crude Oil Tanker","(Rosja)","UACA4","","2007","57248","109919","In Service/Commission","SIGMA NAVIGATION CORP","INVEST FLEET LTD","INVEST FLEET LTD","Rosjan Maritime Register of Shipping","","26","","","KEMEROVO (since 01/04/2024) | NS Columbus (since 01/05/2007)","Rosja (since 01/04/2024) | Gabon (since 01/03/2024) | Liberia (since 01/05/2007)","2","1","SIGMA NAVIGATION CORP (since 22/05/2007)","","False","False","Rosja"
"9256054","NEVSKIY PROSPECT","Crude Oil Tanker","(Rosja)","UAAA5","","2003","62586","114597","In Service/Commission","UNIVERSAL NAVIGATION CO LTD","SOUTH FLEET LTD","SOUTH FLEET LTD","Rosjan Maritime Register of Shipping","","33","","","NEVSKIY PROSPECT (since 01/08/2003)","Rosja (since 01/04/2024) | Gabon (since 01/02/2024) | Liberia (since 01/08/2003)","2","0","UNIVERSAL NAVIGATION CO LTD (during 2003)","","False","False","Rosja"
"9419137","SKIF","Crude Oil Tanker","(Rosja)","UAVE3","","2010","62775","112777","In Service/Commission","IDAS LLC","IDAS LLC","IDAS LLC","Rosjan Maritime Register of Shipping","","23","","","SKIF (since 01/12/2025) | Sikar (since 01/12/2024) | Sivas (since 01/03/2023) | Gstaad Grace (since 01/07/2018) | United Grace (since 01/06/2010)","Rosja (since 01/12/2025) | Gambia (since 01/08/2025) | Comoros FALSE (since 01/05/2025) | Comoros (since 01/03/2025) | Panama (since 01/03/2023) | Liberia (since 01/07/2018) | Greece (since 01/06/2010)","6","4","IDAS LLC (since 25/12/2025) | EAST FOCUS HONG KONG LTD (since 07/03/2023) | SWISS PETROCHEMICAL INVESTMENT (since 12/07/2018)","","False","False","Rosja"
"9422445","RESPECT","Crude Oil Tanker","(Oman)","A4DV9","","2009","81415","158096","In Service/Commission","WHITE AGATE MARINE SPC","DREAMER SHIPMANAGEMENT LLC-FZ","DREAMER SHIPMANAGEMENT LLC-FZ","Indian Register of Shipping (IACS)","","18","","","RESPECT (since 01/10/2025) | Sirius (since 01/11/2024) | SCF Surgut (since 01/12/2009)","Oman (since 01/10/2025) | Comoros (since 01/05/2025) | Barbados (since 01/11/2024) | Gabon (since 01/01/2024) | Liberia (since 01/12/2009) | Rosja (since 01/11/2009)","5","2","WHITE AGATE MARINE SPC (since 02/10/2025) | ECHEVERIA MARITIME CO (since 14/11/2024) | GATSON SHIPPING LTD (since 02/12/2009)","","False","False","Rosja"
"9248849","SILVERA","Crude Oil Tanker","(Sierra leone)","9LS2041","","2004","62371","115000","In Service/Commission","FLYING FOX LTD","FLYING FOX LTD","LIGHT NAVIGATION LLC","Rosjan Maritime Register of Shipping","","51","","","SILVERA (since 01/08/2024) | Salamander (since 01/07/2024) | Swordfish (since 01/07/2023) | Bull Damai 1 (since 01/07/2019) | Camelia (since 01/12/2018) | DHT Cathy (since 01/12/2012) | Overseas Cathy (since 01/12/2003)","Sierra leone (since 01/08/2024) | Indonesia (since 01/07/2024) | Marshall Islands (since 01/07/2023) | Indonesia (since 01/07/2019) | Marshall Islands (since 01/01/2004)","4","6","FLYING FOX LTD (since 19/06/2025) | HERVEX SHIPPING CORP (since 13/08/2024) | SAPPHIRE MARITIME PT (since 05/07/2024) | MINSHENG QIPING TIANJIN SHPG (since 28/07/2023) | PEARL MARITIME PT (since 09/07/2019) | AUGUSTA INVESTMENT INC (since 17/12/2018)","","False","False","Rosja"
"9338905","PATE","Crude Oil Tanker","(Sierra leone)","9LU2829","","2007","61473","115754","In Service/Commission","CHAMBUL SHIPPING LTD","CHAMBUL SHIPPING LTD","TULUVAI SHIPPING PVT LTD","Rosjan Maritime Register of Shipping","","40","","","PATE (since 01/05/2025) | Shaanxi (since 01/12/2023) | Aegean Power (since 01/04/2007)","Sierra leone (since 01/08/2025) | Palau (Republic of) (since 01/05/2025) | Gabon (since 01/12/2023) | Greece (since 01/04/2007)","3","2","CHAMBUL SHIPPING LTD (since 15/05/2025) | ANEMONE MARINE INC (since 22/12/2023) | ICE PLANT NAVIGATION LTD (since 21/09/2021) | WORLDBRIDGE SHIPPING INC (since 04/04/2007)","","False","False","Rosja"
"9328132","SINO PROSPERITY","Chemical/Oil Products Tanker","(Panama)","3E7542","","2006","29283","53160","In Service/Commission","XIANG HE SHIPPING CO LTD","XIANG HE SHIPPING CO LTD","XIANG HE SHIPPING CO LTD","Registro Italiano Navale (IACS)","","53","","","SINO PROSPERITY (since 01/01/2024) | Chemtrans Carolina (since 01/10/2022) | Gotland Carolina (since 01/12/2006)","Panama (since 01/01/2024) | Germany (since 01/01/2024) | Liberia (since 01/10/2022) | Germany (since 01/10/2022) | Bahamas (since 01/11/2010) | Denmark (DIS) (since 01/12/2006)","5","2","XIANG HE SHIPPING CO LTD (since 03/01/2024) | CHEMTRANS CAROLINA UG (since 18/10/2022) | GOTLAND CLASS SHIPPING (before 10/2018) | GOTLAND REDERI AB (since 05/11/2015) | GOTLAND CLASS SHIPPING (since 27/12/2012) | GOTLAND REDERI AB (since 14/12/2006)","","False","False","Rosja"
"9253076","REUS","Crude Oil Tanker","(Sierra leone)","9LS2038","","2003","58166","107123","In Service/Commission","MORINAL FLEETWORKS LTD","MORINAL FLEETWORKS LTD","NAUTICAL UNITY SHIPMANAGEMENT","May 2026","","37","","","REUS (since 01/08/2024) | Mira (since 01/03/2021) | Eagle Tampa (during 2003)","Sierra leone (since 01/08/2024) | Vietnam (since 01/03/2021) | Singapore (since 01/08/2003)","2","2","MORINAL FLEETWORKS LTD (since 22/12/2025) | S&F MARINE LTD (since 06/08/2024) | SAO VIET PETROL TRANSPORTATION (since 12/03/2021) | AET INC PTE LTD (during 2003)","","False","False","Rosja"
"9235725","DESERT KITE","Crude Oil Tanker","(Gambia FALSE)","UNKNOWN","","2003","57022","105166","In Service/Commission","RPTD SOLD UNDISCLOSED INTEREST","RPTD SOLD UNDISCLOSED INTEREST","UNKNOWN","May 2026","","33","","","DESERT KITE (since 01/08/2025) | Fuga Bluemarine (since 01/08/2021) | Astro Saturn (since 01/04/2003)","Gambia FALSE (since 01/11/2025) | Gambia (since 01/02/2025) | Not Known (since 01/12/2024) | Panama (since 01/08/2021) | Greece (since 01/04/2003)","4","2","RPTD SOLD UNDISCLOSED INTEREST (since 19/06/2025) | SATURN ENE (during 2004)","","False","False","Rosja"
"9388742","FONDEYA","Crude Oil Tanker","(Equatorial Guinea)","3CAN35","","2008","62863","108817","In Service/Commission","SHAN HEI SHIPPING LTD","SHAN HEI SHIPPING LTD","KOLLAM KREW SHIPPING PVT LTD","Rosjan Maritime Register of Shipping","","18","","","FONDEYA (since 01/05/2025) | Surya (since 01/12/2024) | Hector (since 01/12/2022) | Minoansea (since 01/08/2022) | Thunderbolt (since 01/10/2020) | Ocean Odyssey (since 01/08/2008)","Equatorial Guinea (since 01/04/2026) | Sierra leone (since 01/11/2025) | Comoros FALSE (since 01/08/2025) | Comoros (since 01/05/2025) | Djibouti (since 01/12/2024) | Gabon (since 01/04/2023) | St.Kitts and Nevis (since 01/12/2022) | Marshall Islands (since 01/10/2020) | Singapore (since 01/08/2008)","8","5","SHAN HEI SHIPPING LTD (since 04/12/2024) | MARINER ENTERPRISES INC (since 08/02/2024) | STEADFAST SHIPPING & MARINE (since 27/12/2022) | MINOANSEA MARITIME CO (since 17/08/2022) | THUNDERBOLT MARITIME LTD (since 08/10/2020) | NAN HUI MARITIME PTE LTD (since 28/08/2008)","","False","False","Rosja"
"9610810","VIKTOR BAKAEV","Crude Oil Tanker","(Rosja)","UBSZ2","","2013","66855","118175","In Service/Commission","STREYMOY SHIPPING LTD","SOUTH FLEET LTD","SOUTH FLEET LTD","Rosjan Maritime Register of Shipping","","10","","","VIKTOR BAKAEV (since 01/05/2013)","Rosja (since 01/01/2024) | Liberia (since 01/05/2013)","1","0","STREYMOY SHIPPING LTD (since 20/05/2013)","","False","False","Rosja"
"9378632","SINTEZ","Crude Oil Tanker","(Rosja)","UAYE5","","2009","59172","109996","In Service/Commission","CHENG SHIPPING & TRADER LTD","CHENG SHIPPING & TRADER LTD","FIRST SKYLINES LLC","Rosjan Maritime Register of Shipping","","12","","","SINTEZ (since 01/01/2026) | Malak (since 01/04/2025) | Ping An (since 01/07/2023) | Poseidon Bay (since 01/08/2021) | Lr2 Poseidon (since 01/02/2009)","Rosja (since 01/01/2026) | Comoros FALSE (since 01/04/2025) | Guyana False (since 01/02/2025) | Not Known (since 01/01/2025) | Panama (since 01/07/2023) | Singapore (since 01/08/2021) | Hong Kong, China (since 01/02/2009)","6","4","CHENG SHIPPING & TRADER LTD (since 28/11/2023) | RPTD SOLD CHINA (since 30/08/2021) | POSEIDON BAY SHIPPING PTE LTD (since 30/08/2021) | HEROIC CRUX INC (since 04/02/2009)","","False","False","Rosja"
"9274434","SUVEREN","Crude Oil Tanker","(Rosja)","UAWE4","","2003","81328","159049","In Service/Commission","TAGABO MARITIME CORP","TAGABO MARITIME CORP","FIRST SKYLINES LLC","Rosjan Maritime Register of Shipping","","35","","","SUVEREN (since 01/12/2025) | Shangri La (since 01/05/2025) | Sindhu (since 01/12/2024) | Nanda Devi (since 01/07/2022) | Cap Leon (since 01/10/2003)","Rosja (since 01/12/2025) | Comoros FALSE (since 01/05/2025) | Djibouti (since 01/12/2024) | Gabon (since 01/04/2023) | St.Kitts and Nevis (since 01/07/2022) | Liberia (since 01/11/2018) | Greece (since 01/10/2003)","6","4","TAGABO MARITIME CORP (since 02/02/2024) | GLORY SHIPPING & MARINE INC (since 17/04/2023) | CMB.TECH NV (since 19/08/2005)","","False","False","Rosja"
"9319674","NIGHT GLORY","Crude Oil Tanker","(Equatorial Guinea)","3CAN29","","2007","61724","109647","In Service/Commission","AJMERA SHIPPING LTD","AJMERA SHIPPING LTD","DA LI HU SHIPMANAGEMENT CO LTD","Rosjan Maritime Register of Shipping","","23","","","NIGHT GLORY (since 01/03/2025) | Eastern Glory (since 01/05/2023) | Buena Vista (since 01/09/2022) | Maersk Penguin (since 01/08/2007)","Equatorial Guinea (since 01/04/2026) | Sierra leone (since 01/11/2025) | Gambia (since 01/10/2025) | Malawi False (since 01/07/2025) | Not Known (since 01/05/2025) | Djibouti (since 01/03/2025) | Not Known (since 01/02/2025) | Gabon (since 01/04/2023) | St.Kitts and Nevis (since 01/09/2022) | Not Known (since 01/09/2022) | Marshall Islands (since 01/01/2021) | Singapore (since 01/08/2007)","11","3","AJMERA SHIPPING LTD (since 10/11/2025) | LAGOON SHIPPING INC (since 12/05/2023) | MOONDRAGON MARITIME LTD (since 06/01/2021) | MAERSK TANKERS SINGAPORE PTE (since 01/12/2011) | MOLLER SINGAPORE AP PTE LTD (since 20/08/2007)","","False","False","Rosja"
"9323986","GARASAN","Crude Oil Tanker","(Sierra leone)","9LU2807","","2007","56285","105547","In Service/Commission","TIAN LONG NAVIGATION LTD","CHARAI SEA SHIPPING PVT LTD","CHARAI SEA SHIPPING PVT LTD","Indian Register of Shipping (IACS)","","21","","","GARASAN (since 01/03/2024) | Alicia (since 01/03/2023) | Beks Indiana (since 01/08/2021) | Minerva Indiana (since 01/05/2015) | River Pride (since 01/03/2007)","Sierra leone (since 01/08/2025) | Malawi False (since 01/07/2025) | Guinea-Bissau (since 01/11/2024) | Gabon (since 01/03/2023) | Marshall Islands (since 01/05/2015) | Malta (since 01/05/2015) | Panama (since 01/03/2007)","6","4","TIAN LONG NAVIGATION LTD (since 18/08/2025) | XING HE MARTIME LTD (since 15/11/2024) | SEAMASTERS SHIPPING LTD (since 02/03/2024) | PLATINUM SHIPPING & MARINE INC (since 06/03/2023) | PORTOBELLO SHIPPING SA (since 29/12/2017) | PRIDE SHIPMANAGEMENT CORP (since 01/05/2015) | LILY SHIPPING & TRADING SA (since 27/04/2007) | XING LONG MARITIME SA (since 15/03/2007)","","False","False","Rosja"
"9337327","WEST HORIZON","Chemical/Oil Products Tanker","(Guinea-Bissau)","J5BB2","","2006","30105","50548","In Service/Commission","WEST MARITIME SERVICES TRADING","WEST MARITIME SERVICES TRADING","EAST GEMI ISLETMECILIGI AS","Bureau Veritas (IACS)","","51","","","WEST HORIZON (since 01/06/2025) | Jazz (since 01/03/2024) | Beks T Rex (since 01/01/2023) | T Rex (since 01/10/2016) | Navig8 Spirit (since 01/09/2007) | Fr8 Spirit (since 01/12/2006)","Guinea-Bissau (since 01/01/2026) | Not Known (since 01/12/2025) | Palau (Republic of) (since 01/06/2025) | Panama (since 01/03/2024) | Marshall Islands (since 01/12/2006)","4","5","WEST MARITIME SERVICES TRADING (since 24/06/2025) | JAZZ MARITIME & TRADING LTD (since 01/01/2025) | T REX MARITIME & TRADING INC (since 03/01/2023) | OPTASIA INC (since 13/09/2007) | FR8 SPIRIT SHIPPING LLC (since 28/12/2006)","","False","False","Rosja"
"9329760","EAGLE S","Crude Oil Tanker","(Cook Islands False)","UNKNOWN","","2006","42010","74035","In Service/Commission","CARAVELLA LLC-FZ","CARAVELLA LLC-FZ","UNKNOWN","American Bureau of Shipping (IACS)","","32","","","EAGLE S (since 01/07/2023) | Norstar Intrepid (since 01/04/2015) | LR Mimosa (since 01/12/2012) | Fr8 Pride (since 01/03/2006)","Cook Islands False (since 01/10/2025) | Cook islands (since 01/07/2023) | Marshall Islands (since 01/11/2007) | Singapore (since 01/03/2006) | Germany (since 01/12/2005)","4","3","CARAVELLA LLC-FZ (since 26/07/2023) | LR MIMOSA LTD (since 12/12/2012) | FR8 PRIDE SHIPPING CORP (since 10/11/2007) | FR8 PRIDE SHIPPING PTE LTD (since 16/03/2006)","","False","False","Rosja"
"9253894","DESTAMAR","Crude Oil Tanker","(Cameroon)","TJMOT4","","2002","79525","149991","In Service/Commission","AQUAATLAS VENTURES LTD","AQUAATLAS VENTURES LTD","AQUAATLAS VENTURES LTD","May 2026","","40","","","DESTAMAR (since 01/03/2024) | Taurus A (since 01/06/2023) | Ocean (since 01/08/2022) | Voss (since 01/12/2021) | Voyager (during 2002)","Cameroon (since 01/12/2025) | Timor Leste FALSE (since 01/10/2025) | Benin False (since 01/07/2025) | Not Known (since 01/06/2025) | Antigua and Barbuda (since 01/03/2024) | Liberia (since 01/06/2023) | Gabon (since 01/08/2022) | Cyprus (since 01/12/2021) | Germany (since 01/02/2004) | Marshall Islands (since 01/02/2004) | Germany (since 01/02/2004) | Liberia (during 2002)","11","4","AQUAATLAS VENTURES LTD (since 31/12/2025) | WAVEVOYAGE VENTURES LTD (since 01/03/2024) | RANALCA LTD (since 04/01/2022) | SAG MT VOYAGER MBH & CO KG (since 27/10/2003)","","False","False","Rosja"
"9332810","PHOENIX","Crude Oil Tanker","(Rosja)","UAZE9","","2007","59164","115577","In Service/Commission","FLEET SYNERGY LLC","FLEET SYNERGY LLC","FLEET SYNERGY LLC","Rosjan Maritime Register of Shipping","","24","","","PHOENIX (since 01/01/2026) | Feniks (since 01/01/2026) | Boracay (since 01/09/2025) | Kiwala (since 01/12/2024) | Pushpa (since 01/12/2024) | Varuna (since 01/11/2024) | Odysseus (since 01/12/2022) | P. Fos (since 01/01/2020) | Virgo Sun (since 01/12/2013) | Pacific Apollo (since 01/03/2007)","Rosja (since 01/01/2026) | Benin False (since 01/09/2025) | Malawi False (since 01/06/2025) | Gambia FALSE (since 01/12/2024) | Djibouti (since 01/11/2024) | Gabon (since 01/06/2023) | Mongolia (since 01/05/2023) | Not Known (since 01/04/2023) | St.Kitts and Nevis (since 01/12/2022) | Marshall Islands (since 01/01/2020) | Liberia (since 01/12/2013) | Hong Kong, China (since 01/03/2007)","11","9","FLEET SYNERGY LLC (since 06/01/2026) | BAAJ SHIPPING LTD (since 14/03/2025) | TIRAD SHIPPING INC (since 02/03/2024) | NEW ODYSSEY INC (since 30/11/2022) | RONGELAP SHIPPING CO INC (since 27/01/2020) | HEBDOL SHIPPING INC (since 11/12/2013)","","False","False","Rosja"
"9866380","OKEANSKY PROSPECT","Crude Oil Tanker","(Rosja)","UBFV","","2022","65141","112651","In Service/Commission","SCF ECO OOO","SOVCOMFLOT","SCF TM LTD","Rosjan Maritime Register of Shipping","","0","","","OKEANSKY PROSPECT (since 01/12/2022)","Rosja (since 01/12/2022)","0","0","SCF ECO OOO (since 29/12/2022)","","False","False","Rosja"
"9842190","AKADEMIK GUBKIN","Crude Oil Tanker","(Rosja)","UBZX4","","2023","65141","112909","In Service/Commission","ROSNEFTEFLOT JSC","ROSNEFTEFLOT JSC","ROSNEFTEFLOT JSC","Rosjan Maritime Register of Shipping","","0","","","AKADEMIK GUBKIN (since 01/06/2023)","Rosja (since 01/06/2023)","0","0","ROSNEFTEFLOT JSC (since 29/06/2023)","","False","False","Rosja"
"9842188","VLADIMIR VINOGRADOV","Crude Oil Tanker","(Rosja)","UBTV8","","2022","65141","112960","In Service/Commission","ROSNEFTEFLOT JSC","ROSNEFTEFLOT JSC","ROSNEFTEFLOT JSC","Rosjan Maritime Register of Shipping","","0","","","VLADIMIR VINOGRADOV (since 01/06/2022) | Moskva (since 01/12/2021)","Rosja (since 01/06/2022)","0","1","ROSNEFTEFLOT JSC (since 07/06/2022)","","False","False","Rosja"
"9283291","TIBURON","Crude Oil Tanker","(Sierra leone)","9LU2090","","2005","61724","109571","In Service/Commission","NAFANUA LTD","NAFANUA LTD","NIGHT MOON NAVIGATION LLC","Rosjan Maritime Register of Shipping","","28","","","TIBURON (since 01/07/2023) | Ruby Phoenix (since 01/07/2022) | Maza (since 01/06/2020) | Maersk Phoenix (since 01/04/2005)","Sierra leone (since 01/06/2025) | Barbados (since 01/12/2024) | Cook islands (since 01/04/2024) | Palau (Republic of) (since 01/07/2023) | Liberia (since 01/12/2022) | Marshall Islands (since 01/06/2020) | Singapore (since 01/04/2005)","6","3","NAFANUA LTD (since 10/06/2025) | BLACK PEARL MARINE LTD (since 11/07/2023) | DYLAN MARITIME 29 LLC (since 30/06/2022) | MAZA MARITIME LTD (since 16/06/2020) | MAERSK TANKERS SINGAPORE PTE (since 10/02/2012) | MOLLER SINGAPORE AP PTE LTD (since 10/05/2005)","","False","False","Rosja"
"9229374","ODUNE","Crude Oil Tanker","(Sierra leone)","9LS2040","","2002","84586","164286","In Service/Commission","SYLVARN FLEETLINE LTD","SYLVARN FLEETLINE LTD","GLOBAL SHIP SOLUTIONS LLC","Rosjan Maritime Register of Shipping","","22","","","ODUNE (since 01/01/2024) | Simba (since 01/07/2022) | Odyssey (since 01/05/2021) | Silia T (during 2002)","Sierra leone (since 01/06/2025) | Not Known (since 01/05/2025) | Sierra leone (since 01/08/2024) | Cameroon (since 01/05/2021) | Liberia (since 01/02/2009) | Greece (since 01/06/2002)","5","3","SYLVARN FLEETLINE LTD (since 09/12/2025) | JUBILEE WAVES CORP (since 10/01/2024) | AIGLI MARINE SA (since 03/02/2020) | ROMEO SHIPPING CO LTD (during 2002)","","False","False","Rosja"
"9205067","VIKRAM","Crude Oil Tanker","(Cameroon)","TJM5203","","2001","79812","153019","In Service/Commission","COURTWELL ASIA LTD","COURTWELL ASIA LTD","CUI NING SHIPPING LTD","Rosjan Maritime Register of Shipping","","38","","","VIKRAM (since 01/07/2025) | Raven (since 01/03/2021) | Episkopi (since 01/03/2017) | New Navigator (since 01/07/2015) | Zallaq (during 2001)","Cameroon (since 01/07/2025) | Sierra leone (since 01/06/2025) | Barbados (since 01/11/2024) | Cook islands (since 01/03/2024) | Palau (Republic of) (since 01/10/2023) | Cameroon (since 01/03/2021) | Liberia (since 01/07/2015) | Bahrain (since 01/01/2001) | Kuwait (during 2001)","8","4","COURTWELL ASIA LTD (since 21/07/2025) | INFINITE TIDE CORP (since 05/03/2024) | HARTLEY TRADING INC (since 21/03/2017) | EDEN SHIPHOLDING LTD (since 08/07/2015) | ARAB MARITIME PETROLEUM TRANS (during 2001)","","False","False","Rosja"
"9319686","HU PO","Crude Oil Tanker","(Sierra leone)","9LU2825","","2008","61724","109650","In Service/Commission","NAWADA MARITIME INC","YA LONG WAN SHIPMANAGEMENT","YA LONG WAN SHIPMANAGEMENT","Rosjan Maritime Register of Shipping","","16","","","HU PO (since 01/11/2024) | Nemo 1 (since 01/08/2023) | Epanastasea (since 01/09/2022) | Timberwolf (since 01/12/2020) | Maersk Pelican (since 01/01/2008)","Sierra leone (since 01/09/2025) | Malawi False (since 01/06/2025) | Not Known (since 01/05/2025) | Panama (since 01/08/2023) | Marshall Islands (since 01/12/2020) | Singapore (since 01/01/2008)","5","4","NAWADA MARITIME INC (since 07/02/2026) | BERYL MARINE INC (since 10/08/2023) | EPANASTASEA MARITIME CO (since 02/09/2022) | TIMBERWOLF MARITIME LTD (since 30/12/2020) | MAERSK TANKERS SINGAPORE PTE (since 05/12/2012) | MOLLER SINGAPORE AP PTE LTD (since 20/01/2008)","","False","False","Rosja"
"9257814","AKTROS","Crude Oil Tanker","(Sierra leone)","9LS1986","","2003","58127","107081","In Service/Commission","VOGUE TIDE CORP","VOGUE TIDE CORP","GLOBAL SHIP SOLUTIONS LLC","Indian Register of Shipping (IACS)","","15","","","AKTROS (since 01/11/2025) | Torex (since 01/12/2022) | Karachi (since 01/04/2010) | Marathon (during 2003)","Sierra leone (since 01/11/2025) | Vanuatu (since 01/06/2025) | Barbados (since 01/10/2024) | Cook islands (since 01/04/2024) | Palau (Republic of) (since 01/05/2023) | Panama (since 01/12/2022) | Pakistan (since 01/04/2010) | Greece (during 2002)","7","3","VOGUE TIDE CORP (since 06/06/2025) | PEROL SHIPMANAGEMENT LTD (since 27/12/2022) | KARACHI SHIPPING PVT LTD (since 21/04/2010)","","False","False","Rosja"
"9236004","KAIROS","Crude Oil Tanker","(Not Known)","UNKNOWN","","2002","78845","149989","In Casualty Or Repairing","ALAFIA TRADING LTD","ALAFIA TRADING LTD","ALAFIA TRADING LTD","Lloyd's Register (IACS)","","32","","","KAIROS (since 01/08/2025) | Katiuska (since 01/06/2021) | Filikon (since 01/01/2004) | Paros (since 01/11/2002)","Not Known (since 01/11/2025) | Gambia (since 01/08/2025) | Not Known (since 01/06/2025) | Panama (since 01/06/2021) | Liberia (since 01/11/2018) | Greece (during 2002)","5","3","ALAFIA TRADING LTD (since 17/08/2025) | KATIUSKA MARINE LTD (since 04/06/2021) | CMB.TECH NV (since 18/07/2005) | DANAIS MARITIME CORP (during 2002)","","False","False","Rosja"
"9250892","MIKATI","Crude Oil Tanker","(Sierra leone)","9LS2011","","2003","58166","107092","In Service/Commission","AIGA OCEANIC VENTURES LTD","AIGA OCEANIC VENTURES LTD","LIGHT NAVIGATION LLC","Rosjan Maritime Register of Shipping","","38","","","MIKATI (since 01/06/2024) | Lucia (since 01/06/2023) | Melia (since 01/09/2022) | Joseph (since 01/03/2021) | Eagle Toledo (since 01/03/2003)","Sierra leone (since 01/06/2024) | Vietnam (since 01/03/2021) | Singapore (since 01/03/2003)","2","4","AIGA OCEANIC VENTURES LTD (since 28/03/2025) | VERT PROJECT LTD (since 27/06/2024) | HA TRANG PETROL TRANSPORTATION (since 18/06/2022) | OPEC PETROL TRANSPORTATION CO (since 26/03/2021) | AET INC PTE LTD (since 18/03/2003)","","False","False","Rosja"
"9610793","GEORGY MASLOV","Crude Oil Tanker","(Rosja)","UACA3","","2012","66818","122018","In Service/Commission","SOUTH FLEET LTD","SOUTH FLEET LTD","SOUTH FLEET LTD","Rosjan Maritime Register of Shipping","","19","","","GEORGY MASLOV (since 01/09/2012)","Rosja (since 01/04/2024) | Gabon (since 01/01/2024) | Liberia (since 01/09/2012)","2","0","SOUTH FLEET LTD (since 25/04/2024) | KUNOY SHIPPING (since 18/09/2012)","","False","False","Rosja"
"9250397","","","","","","","","","","","","","","","","","","FINEX (since 01/03/2026) | Fitburg (since 01/05/2014) | Finex (since 01/02/2006) | Volmeborg (since 01/12/2001) | Finex (since 01/06/2001)","St Vincent and Grenadines (since 01/08/2025) | St.Kitts and Nevis (since 01/05/2014) | Germany (during 2001)","2","4","FITBURG SHIPPING CO LTD (since 15/05/2014) | FINEX GMBH & CO KG (since 27/12/2001)","","False","False","Rosja"
"9143611","CAFFA","General Cargo Ship","(Guinea False)","UNKNOWN","","1997","2914","4337","In Service/Commission","CAFFA SHIPPING LTD","CAFFA SHIPPING LTD","UNKNOWN","Rosjan Maritime Register of Shipping","","54","","","CAFFA (since 01/06/2025) | Vetluga (since 01/12/2022) | Ufa (since 01/05/2003)","Guinea False (since 01/06/2025) | Rosja (since 01/02/2017) | Malta (since 01/11/2000)","2","2","CAFFA SHIPPING LTD (since 09/06/2025) | IDAN SHIPPING LLC (since 12/09/2022)","","False","False","Rosja"
"9321172","SEA OWL I","Oil Products Tanker","(Cameroon False)","UNKNOWN","","2007","40964","74998","In Service/Commission","QUEENSHIP LTD","QUEENSHIP LTD","UNKNOWN","Nippon Kaiji Kyokai (IACS)","","34","","","SEA OWL I (since 01/03/2024) | Velos Ruby (since 01/09/2019) | Breezy Victoria (since 01/02/2007)","Cameroon False (since 01/05/2026) | Comoros FALSE (since 01/07/2025) | Panama (since 01/03/2024) | Marshall Islands (since 01/09/2019) | Bahamas (since 01/02/2007)","4","2","QUEENSHIP LTD (since 24/10/2025) | RUBY MARITIME LTD-MAI (since 25/09/2019) | PERENNIAL TRANSPORT INC (since 01/02/2007)","","False","False","Rosja"
"9937270","VEZHEN","Bulk Carrier","(Malta)","9HA5550","","2022","20848","32196","In Service/Commission","HAI KUO SHIPPING 2015B LTD","NAVIGATION MARITIME BULGARE","NAVIGATION MARITIME BULGARE","Registro Italiano Navale (IACS)","","11","","","VEZHEN (since 01/06/2022)","Malta (since 01/06/2022)","0","0","HAI KUO SHIPPING 2015B LTD (since 30/06/2022)","","False","False","Rosja"
"9179854","ADLER","Ro-Ro Cargo Ship","(Rosja)","UGPS","","1998","8811","7493","In Service/Commission","M LEASING LLC","MG-FLOT LLC","MG-FLOT LLC","Rosjan Maritime Register of Shipping","","69","","","ADLER (since 01/01/2018) | Ocean Power (since 01/05/2013) | BBC Kelan (since 01/09/2007) | Rio Kelan (since 01/06/2007)","Rosja (since 01/01/2018) | Liberia (since 01/05/2013) | Germany (since 01/05/2013) | Germany (since 01/08/2010) | Liberia (since 01/08/2010) | United Kingdom (since 01/06/2009) | Germany (since 01/01/2001) | Isle of Man (since 01/01/2001)","7","3","M LEASING LLC (since 13/08/2021)","","False","False","Rosja"
"8227238","AKADEMIK ALEKSANDR KARPINSKIY","Research Vessel","(Rosja)","UIZO","","1984","4430","1720","In Service/Commission","POLAR MARINE GEOSURVEY","POLAR MARINE GEOSURVEY","POLAR MARINE GEOSURVEY","Rosjan Maritime Register of Shipping","","4","","","AKADEMIK ALEKSANDR KARPINSKIY (during 1984)","Rosja (during 1992)","0","0","POLAR MARINE GEOSURVEY (before 1995)","","False","False","Rosja"
"8770261","AKADEMIK CHERSKIY","Pipe-Layer","(Rosja)","UDQB","","2015","29513","11036","In Service/Commission","SAMARA THERMAL POWER FDN JSC","SAMARA THERMAL POWER FDN JSC","TTM SHIPPING LLC","Rosjan Maritime Register of Shipping","","1","","","AKADEMIK CHERSKIY (since 01/01/2017) | Jascon 18 (since 01/10/2015)","Rosja (since 01/03/2023) | Rosja (since 01/11/2017) | Gibraltar (since 01/10/2015)","2","1","SAMARA THERMAL POWER FDN JSC (since 29/04/2020) | PJSC GAZPROM (since 01/06/2016) | CONSOLIDATED PROJECTS LTD (since 21/10/2015)","","False","False","Rosja"
"9741724","ALARA","Bulk Carrier","(Rosja)","UBOX9","","2015","25598","38464","In Service/Commission","BULKLINE JSC","BULKLINE JSC","BULKLINE JSC","Rosjan Maritime Register of Shipping","","34","","","ALARA (since 01/10/2022) | Pola Monaco (since 01/08/2020) | Falcon Bay (since 01/08/2015)","Rosja (since 01/06/2023) | Turkey (since 01/10/2022) | Rosja (since 01/05/2022) | Panama (since 01/08/2020) | Isle of Man (since 01/08/2015)","4","2","BULKLINE JSC (since 15/04/2025) | ARTVIN DENIZCILIK VE TICARET (since 12/10/2022) | POLA RISE LTD (since 05/07/2022) | GTLK ASIA M10 LTD (since 23/09/2020) | AVONBURG FINANCE LTD (since 12/08/2020) | PNR GUOYU I LLC (since 28/08/2015)","","False","False","Rosja"
"9889198","ALEKSANDR SOKOLOV","General Cargo Ship","(Rosja)","UBKK","","2019","6305","8147","In Service/Commission","POLA RISE LTD","POLA RISE LTD","POLA RISE LTD","Rosjan Maritime Register of Shipping","","11","","","ALEKSANDR SOKOLOV (since 01/11/2019) | Pola Anastasiya (since 01/10/2019)","Rosja (since 01/11/2019)","0","1","POLA RISE LTD (since 12/05/2022) | JSC GTLK (since 26/11/2019)","","False","False","Rosja"
"9940186","ALEKSANDR DEEV","Passenger/Ro-Ro Cargo Ship","(Rosja)","UBSX6","","2023","11630","4829","In Service/Commission","JSC GTLK","JSC GTLK","SAKHALIN PASSENGER FLEET JSC","Rosjan Maritime Register of Shipping","","0","","","ALEKSANDR DEEV (since 01/05/2023)","Rosja (since 01/05/2023)","0","0","JSC GTLK (since 31/05/2023)","","False","False","Rosja"
"9924340","ALPHA HELIOS","General Cargo Ship","(Rosja)","UBSV3","","2021","6305","8161","In Service/Commission","ALPHA LLC","ALPHA LLC","ALPHA LLC","Rosjan Maritime Register of Shipping","","4","","","ALPHA HELIOS (since 01/07/2021)","Rosja (since 01/07/2021)","0","0","ALPHA LLC (since 06/02/2023) | JSC GTLK (since 08/07/2021)","","False","False","Rosja"
"9924352","ALPHA HERMES","General Cargo Ship","(Rosja)","UBDW5","","2021","6305","8093","In Service/Commission","ALPHA LLC","ALPHA LLC","ALPHA LLC","Rosjan Maritime Register of Shipping","","4","","","ALPHA HERMES (since 01/07/2021)","Rosja (since 01/07/2021)","0","0","ALPHA LLC (since 07/02/2023) | JSC GTLK (since 14/07/2021)","","False","False","Rosja"
"9300348","SANAR","Oil Products Tanker","(Rosja)","UBYS","","2004","4378","5600","In Service/Commission","JSC GTLK","ROSEWOOD SHIPPING LLC","ROSEWOOD SHIPPING LLC","Rosjan Maritime Register of Shipping","","1","","","SANAR-10 (since 01/04/2023) | Avrora Altair (since 01/04/2020) | Yaroslavl (since 01/09/2004)","Rosja (since 01/07/2004) | Malta (during 2004)","1","2","JSC GTLK (since 14/04/2020) | ARMATOR CO LTD (since 01/06/2007)","","False","False","Rosja"
"9300350","SANAR","Oil Products Tanker","(Rosja)","UGGU","","2005","4378","5600","In Service/Commission","JSC GTLK","ROSEWOOD SHIPPING LLC","ROSEWOOD SHIPPING LLC","Rosjan Maritime Register of Shipping","","2","","","SANAR-9 (since 01/04/2023) | Avrora Regul (since 01/04/2020) | Kostroma (during 2005)","Rosja (since 01/12/2005) | Rosja (since 01/12/2005) | Malta (since 01/11/2005) | Rosja (since 01/05/2005) | Malta (during 2005)","4","2","JSC GTLK (since 18/06/2020) | ARMATOR CO LTD (since 01/04/2007)","","False","False","Rosja"
"9313589","SANAR","Oil Products Tanker","(Rosja)","UHSW","","2004","4378","5600","In Service/Commission","ROSEWOOD SHIPPING LLC","ROSEWOOD SHIPPING LLC","ROSEWOOD SHIPPING LLC","Rosjan Maritime Register of Shipping","","3","","","SANAR-14 (since 01/06/2023) | Avrora Sirius (since 01/05/2020) | Vladimir (since 01/06/2004)","Rosja (since 01/06/2023) | Rosja (since 01/11/2005) | Malta (since 01/01/2004)","2","2","ROSEWOOD SHIPPING LLC (since 04/07/2023) | JSC GTLK (during 05/2020) | ARMATOR CO LTD (since 01/06/2007)","","False","False","Rosja"
"8318130","BALTIYSK","Ro-Ro Cargo Ship","(Rosja)","UHMA","","1984","20126","9985","In Service/Commission","ROSMORPORT","ROSMORPORT","ROSMORPORT","Rosjan Maritime Register of Shipping","","15","","","BALTIYSK (since 01/05/2006) | Rider (since 01/03/2004) | Finnrider (since 01/09/2002)","Rosja (since 01/10/2024) | Rosja (since 01/06/2006) | Finland (since 01/03/2005) | Norway (NIS) (since 01/03/2004)","3","2","ROSMORPORT (since 11/08/2023) | JSC GTLK (since 13/02/2006)","","False","False","Rosja"
"9945124","GENNADY EGOROV","General Cargo Ship","(Rosja)","UBGX4","","2022","6305","8100","In Service/Commission","IDEL SHIPPING CO LTD","IDEL SHIPPING CO LTD","IDEL SHIPPING CO LTD","Rosjan Maritime Register of Shipping","","3","","","GENNADY EGOROV (since 01/08/2022)","Rosja (since 01/08/2022)","0","0","IDEL SHIPPING CO LTD (since 14/10/2022) | JSC GTLK (since 30/08/2022)","","False","False","Rosja"
"9922122","LEONID PESTRIKOV","General Cargo Ship","(Rosja)","UBJV2","","2021","6305","8151","In Service/Commission","ALPHA LLC","ALPHA LLC","ALPHA LLC","Rosjan Maritime Register of Shipping","","6","","","LEONID PESTRIKOV (since 01/07/2021)","Rosja (since 01/07/2021)","0","0","ALPHA LLC (since 06/02/2023) | JSC GTLK (since 07/07/2021)","","False","False","Rosja"
"9868807","NAVIS","General Cargo Ship","(Rosja)","UAQK","","2019","4982","6316","In Service/Commission","JSC GTLK","UNITED SHIPPING CO LTD","NAVIS-1 LLC","Rosjan Maritime Register of Shipping","","11","","","NAVIS-6 (since 01/10/2019)","Rosja (since 01/10/2019)","0","0","JSC GTLK (since 10/09/2021) | NAVIS-1 LLC (since 23/10/2019)","","False","False","Rosja"
"9922134","NIKOLAI LEONOV","General Cargo Ship","(Rosja)","UBLV9","","2021","6305","8157","In Service/Commission","ALPHA LLC","ALPHA LLC","ALPHA LLC","Rosjan Maritime Register of Shipping","","7","","","NIKOLAI LEONOV (since 01/07/2021)","Rosja (since 01/07/2021)","0","0","ALPHA LLC (since 06/02/2023) | JSC GTLK (since 19/07/2021)","","False","False","Rosja"
"9942392","NIKOLAY ANISHCHENKOV","General Cargo Ship","(Rosja)","UBIY9","","2023","6319","8142","In Service/Commission","KAMA LTD","KAMA LTD","KAMA LTD","Rosjan Maritime Register of Shipping","","2","","","NIKOLAY ANISHCHENKOV (since 01/11/2023)","Rosja (since 01/11/2023)","0","0","KAMA LTD (since 27/02/2026) | JSC GTLK (since 24/11/2023)","","False","False","Rosja"
"9900514","PETROTRANS","General Cargo Ship","(Rosja)","UBXT9","","2020","6305","8142","In Service/Commission","PETROTRANS LLC","VOLGOTRANS LLC","VOLGOTRANS LLC","Rosjan Maritime Register of Shipping","","4","","","PETROTRANS-5902 (since 01/07/2020)","Rosja (since 01/07/2020)","0","0","PETROTRANS LLC (since 24/01/2024) | JSC GTLK (since 31/07/2020)","","False","False","Rosja"
"9922110","VICTOR ANDRYUKHIN","General Cargo Ship","(Rosja)","UBIV4","","2021","6305","8172","In Service/Commission","ALPHA LLC","ALPHA LLC","ALPHA LLC","Rosjan Maritime Register of Shipping","","2","","","VICTOR ANDRYUKHIN (since 01/06/2021)","Rosja (since 01/06/2021)","0","0","ALPHA LLC (since 02/02/2023) | JSC GTLK (since 10/06/2021)","","False","False","Rosja"
"9921996","VLADIMIR LATYSHEV","General Cargo Ship","(Rosja)","UBEV8","","2021","6305","8133","In Service/Commission","ALPHA LLC","ALPHA LLC","ALPHA LLC","Rosjan Maritime Register of Shipping","","3","","","VLADIMIR LATYSHEV (since 01/05/2021)","Rosja (since 01/05/2021)","0","0","ALPHA LLC (since 02/02/2023) | JSC GTLK (since 28/05/2021) | ALPHA LLC (since 28/04/2021)","","False","False","Rosja"
"9945136","VYACHESLAV ARSHINOV","General Cargo Ship","(Rosja)","UBGX2","","2022","6305","8100","In Service/Commission","IDEL SHIPPING CO LTD","IDEL SHIPPING CO LTD","IDEL SHIPPING CO LTD","Rosjan Maritime Register of Shipping","","3","","","VYACHESLAV ARSHINOV (since 01/08/2022)","Rosja (since 01/08/2022)","0","0","IDEL SHIPPING CO LTD (since 14/10/2022) | JSC GTLK (since 30/08/2022)","","False","False","Rosja"
"9349291","ANASTASIIA","General Cargo Ship","(Rosja)","UBGW6","","2006","9611","12731","In Service/Commission","MG-FLOT LLC","MG-FLOT LLC","MG-FLOT LLC","Rosjan Maritime Register of Shipping","","53","","","ANASTASIIA (since 01/03/2022) | Viktoria Shain (since 01/07/2020) | Victory Shine (since 01/03/2020) | BBC Kansas (since 01/04/2016) | Amber (since 01/03/2015) | Thorco Denmark (since 01/10/2013) | Freya Scan (since 01/12/2011) | Opal Gallant (since 01/04/2011) | Beluga Foundation (since 01/10/2006) | Amber (since 01/06/2006)","Rosja (since 01/07/2020) | Liberia (since 01/03/2020) | Germany (since 01/03/2020) | Antigua and Barbuda (since 01/10/2006) | Germany (since 01/10/2006)","4","9","MG-FLOT LLC (since 05/07/2021) | ADELHEID HS SCHIFFAHRTS GMBH (since 19/01/2017) | AMBER KAI FREESE GMBH (since 01/04/2007)","","False","False","Rosja"
"1011159","ANATTA","Yacht","(Cayman Islands)","ZGBI5","","2011","499","0","In Service/Commission","TANSLEY TRADING LTD","OCEAN DREAMS YACHTING SERVICES","UNKNOWN","January 2021","","0","","","ANATTA (since 01/01/2017) | Ahimsa (since 01/12/2014) | Aglaia (since 01/04/2011)","Cayman Islands (since 01/04/2011)","0","2","TANSLEY TRADING LTD (since 30/12/2014) | NOPEL YACHTING INC (since 09/04/2011)","","False","False","Rosja"
"8711306","ANDREY OSIPOV","General Cargo Ship","(Rosja)","UBTN6","","1994","7085","7346","In Service/Commission","ECO SHIPPING LLC-RUS","ECO SHIPPING LLC-RUS","ECO SHIPPING LLC-RUS","May 2026","","51","","","ANDREY OSIPOV (since 01/05/2014) | Alka (since 01/05/2005) | Onego Breeze (since 01/09/2004)","Rosja (since 01/07/2015) | St.Kitts and Nevis (since 01/11/2014) | Belize (since 01/05/2014) | Lithuania (since 01/05/2005)","3","2","ECO SHIPPING LLC-RUS (since 22/02/2022) | ECO SHIPPING LLC-RUS (since 13/07/2015) | PELAGIA SHIPPING LTD (since 19/06/2015)","","False","False","Rosja"
"9243801","ARCTICA","General Cargo Ship","(Rosja)","UBTN7","","2002","6585","8824","In Service/Commission","ECO SHIPPING LLC-RUS","ECO SHIPPING LLC-RUS","ECO SHIPPING LLC-RUS","Rosjan Maritime Register of Shipping","","41","","","ARCTICA-2 (since 01/07/2015) | Metsaborg (during 2002)","Rosja (since 01/07/2015) | Belize (since 01/12/2014) | Netherlands (during 2002)","2","1","ECO SHIPPING LLC-RUS (since 01/09/2022) | RESKOM TYUMEN LTD (since 01/02/2022) | WAGENBORG REDERIJ BV (since 01/06/2008)","","False","False","Rosja"
"9278600","BARENTS","General Cargo Ship","(Rosja)","UBIP2","","2003","3198","4303","In Service/Commission","PELAGIA SHIPPING LTD","ECO SHIPPING LLC-RUS","ECO SHIPPING LLC-RUS","Rosjan Maritime Register of Shipping","","38","","","BARENTS (since 01/03/2017) | BBC Sweden (during 2003)","Rosja (since 01/03/2017) | St.Kitts and Nevis (since 01/02/2017) | Germany (since 01/02/2017) | Gibraltar (since 01/01/2003) | Germany (since 01/01/2003)","4","1","PELAGIA SHIPPING LTD (since 28/02/2017)","","False","False","Rosja"
"9267297","BERING","General Cargo Ship","(Rosja)","UBHR6","","2003","7737","10649","In Service/Commission","ARCTIC-TRANS LLC","ARCTIC-TRANS LLC","ARCTIC-TRANS LLC","Rosjan Maritime Register of Shipping","","45","","","BERING (since 01/10/2018) | Onego Ems (since 01/12/2017) | BBC Amisia (since 01/09/2015) | Jan (since 01/02/2013) | Vanessa C (since 01/01/2008) | Vanessa-C (since 01/01/2003)","Rosja (since 01/10/2018) | Germany (since 01/10/2018) | Antigua and Barbuda (since 01/02/2013) | United Kingdom (since 01/01/2003) | Germany (since 01/01/2003)","4","5","ARCTIC-TRANS LLC (since 03/06/2025) | LEASING COMPANY GPB LLC (since 05/11/2019) | TRANSSTROY LLC (since 25/10/2018) | JAN HS SCHIFFAHRTS GMBH (since 23/01/2013)","","False","False","Rosja"
"9433286","MYS FLORA","General Cargo Ship","(Rosja)","UBHW2","","2009","9627","12722","In Service/Commission","ECO SHIPPING LLC-RUS","ECO SHIPPING LLC-RUS","ECO SHIPPING LLC-RUS","Rosjan Maritime Register of Shipping","","46","","","MYS FLORA (since 01/07/2021) | BBC Florida (since 01/09/2009)","Rosja (since 01/07/2021) | Germany (since 01/09/2009) | Antigua and Barbuda (since 01/09/2009) | Germany (since 01/09/2009)","3","1","ECO SHIPPING LLC-RUS (since 09/07/2021) | 8 LEDA BETEILIGUNGS GMBH & CO (since 05/09/2019) | ASIAN ISLAND (since 20/09/2009)","","False","False","Rosja"
"9368340","MYS DEZHNEVA","General Cargo Ship","(Rosja)","UBFV9","","2008","11835","17349","In Service/Commission","ARCTIC-TRANS LLC","ECO SHIPPING LLC-RUS","ECO SHIPPING LLC-RUS","Rosjan Maritime Register of Shipping","","44","","","MYS DEZHNEVA (since 01/12/2020) | BBC Thames (since 01/01/2009) | Beluga Graduation (since 01/11/2008) | Svenja (since 01/09/2008)","Rosja (since 01/12/2020) | Germany (since 01/12/2020) | Antigua and Barbuda (since 01/08/2019) | Liberia (since 01/11/2008) | Germany (since 01/10/2008) | Antigua and Barbuda (during 2008)","5","3","ARCTIC-TRANS LLC (since 15/08/2024) | LEASING COMPANY GPB LLC (since 19/01/2022) | TRANSSTROY LLC (since 15/12/2020) | MORITZ KREY SCHIFFHARTS (since 05/08/2019) | SVENJA UG HAFTUNGSBESCHRANKT (since 15/12/2008)","","False","False","Rosja"
"9081370","MIKHAIL BRITNEV","General Cargo Ship","(Rosja)","UBCW9","","1995","8448","12708","In Service/Commission","ECO SHIPPING LLC-RUS","ECO SHIPPING LLC-RUS","ECO SHIPPING LLC-RUS","Rosjan Maritime Register of Shipping","","70","","","MIKHAIL BRITNEV (since 01/06/2021)","Rosja (since 01/06/2021)","0","0","ECO SHIPPING LLC-RUS (since 22/06/2021) | REDERIJ EDAMGRACHT (since 28/07/2012)","","False","False","Rosja"
"9243825","MYS SHMIDTA","General Cargo Ship","(Rosja)","UBIZ9","","2003","14357","19465","In Service/Commission","ECO SHIPPING LLC-RUS","ECO SHIPPING LLC-RUS","ECO SHIPPING LLC-RUS","Rosjan Maritime Register of Shipping","","32","","","MYS SHMIDTA (since 01/10/2023) | Vitoria Bay (since 01/10/2015) | Mark C (since 01/03/2009) | Mark-C (since 01/06/2005) | Innogy Sprite (since 01/06/2003) | Dina-C (since 01/09/2002)","Rosja (since 01/10/2023) | Liberia (since 01/02/2023) | Brazil (since 01/12/2015) | Liberia (since 01/10/2015) | Germany (since 01/10/2015) | Isle of Man (since 01/06/2005) | Germany (since 01/06/2003)","6","5","ECO SHIPPING LLC-RUS (since 06/10/2023) | NORWEST NAVIGATION SCS (since 28/02/2023) | NORSUL NAVIGATION SCS (since 20/10/2015)","","False","False","Rosja"
"7741108","MANGAZEYA","Fish Carrier","(Rosja)","UFRI","","1979","678","495","In Service/Commission","ECO SHIPPING LLC-RUS","ECO SHIPPING LLC-RUS","UNKNOWN","December 2023","","12","","","MANGAZEYA (during 1979)","Rosja (during 1992)","0","0","ECO SHIPPING LLC-RUS (during 12/2013)","","False","False","Rosja"
"9179842","ANGARA","Ro-Ro Cargo Ship","(Rosja)","UBYT2","","1998","8811","7331","In Service/Commission","M LEASING LLC","MG-FLOT LLC","MG-FLOT LLC","Rosjan Maritime Register of Shipping","","47","","","ANGARA (since 01/03/2020) | Fleet Star (since 01/01/2019) | Ocean Energy (since 01/05/2013) | BBC Karan (since 01/06/2007) | BBC Arctic (since 01/01/2007) | Scan Arctic (since 01/08/2006) | Rickmers Arctic (since 01/04/2006)","Rosja (since 01/04/2020) | Rosja (since 01/03/2020) | Liberia (since 01/05/2013) | Germany (since 01/05/2013) | Liberia (since 01/10/2010) | Germany (since 01/06/2009) | United Kingdom (since 01/06/2009) | Germany (since 01/02/2001) | Isle of Man (since 01/02/2001)","8","6","M LEASING LLC (since 12/08/2021) | OCEAN MIGHT SHIPPING LTD (during 05/2013)","","False","False","Rosja"
"9228980","ARCTICA","General Cargo Ship","(Rosja)","UBDO8","","2001","6608","9521","In Service/Commission","TRANSSTROY LLC","TRANSSTROY LLC","ARCTIC-TRANS LLC","Rosjan Maritime Register of Shipping","","42","","","ARCTICA-1 (since 01/12/2014) | Maineborg (during 2001)","Rosja (since 01/11/2015) | Belize (since 01/12/2014) | Netherlands (during 2001)","2","1","TRANSSTROY LLC (since 29/11/2021) | WAGENBORG SHIPPING BV (since 04/01/2001)","","False","False","Rosja"
"9366110","MYS ZHELANIYA","General Cargo Ship","(Rosja)","UBQT4","","2008","11864","17300","In Service/Commission","ARCTIC-TRANS LLC","ARCTIC-TRANS LLC","ARCTIC-TRANS LLC","Rosjan Maritime Register of Shipping","","37","","","MYS ZHELANIYA (since 01/11/2019) | BBC Orinoco (since 01/08/2016) | Clipper Miami (since 01/04/2013) | Amanda (since 01/10/2012) | Gisele Scan (since 01/11/2011) | BBC Orinoco (since 01/08/2008) | Beluga Generation (since 01/05/2008)","Rosja (since 01/11/2019) | Germany (since 01/11/2019) | Antigua and Barbuda (since 01/05/2008) | Germany (since 01/05/2008)","3","6","ARCTIC-TRANS LLC (since 20/05/2025) | TRANSSTROY LLC (since 25/11/2019) | AMANDA KAI FREESE (since 01/07/2008)","","False","False","Rosja"
"8714695","ARKADIY CHERNYSHEV","General Cargo Ship","(Rosja)","UBSH5","","1988","6037","9682","In Service/Commission","IBEX SHIPPING INC","AZIA SHIPPING HOLDING LTD","AZIA SHIPPING CO","Rosjan Maritime Register of Shipping","","56","","","ARKADIY CHERNYSHEV (since 01/04/2011) | Corn Tulip (since 01/05/2007)","Rosja (since 01/09/2011) | Cambodia (since 01/03/2011) | Malta (since 01/05/2007)","2","1","IBEX SHIPPING INC (since 25/03/2011)","","False","False","Rosja"
"8318740","CAPTAIN YAKUBOVICH","General Cargo Ship","(Rosja)","UBCG2","","1984","6182","7706","In Service/Commission","IBEX SHIPPING INC","AZIA SHIPPING HOLDING LTD","AZIA SHIPPING CO","Rosjan Maritime Register of Shipping","","49","","","CAPTAIN YAKUBOVICH (since 01/06/2009)","Rosja (since 01/07/2016) | Cambodia (since 01/07/2016) | Rosja (since 01/10/2009) | Cambodia (since 01/06/2009)","3","0","IBEX SHIPPING INC (during 06/2009)","","False","False","Rosja"
"8517839","LEV YASHIN","General Cargo Ship","(Rosja)","UBRH7","","1986","5977","9340","In Service/Commission","IBEX SHIPPING INC","AZIA SHIPPING HOLDING LTD","AZIA SHIPPING CO","Rosjan Maritime Register of Shipping","","48","","","LEV YASHIN (since 01/04/2026) | Maria (since 01/09/2023) | Lev Yashin (since 01/06/2011) | White Rhino (since 01/06/2009) | Corn Crest (since 01/01/2006)","Rosja (since 01/04/2026) | Rosja (since 01/09/2023) | Rosja (since 01/07/2016) | Cambodia (since 01/07/2016) | Rosja (since 01/09/2011) | Cambodia (since 01/05/2011) | Malta (since 01/01/2006)","6","4","IBEX SHIPPING INC (since 01/05/2011)","","False","False","Rosja"
"9747194","ARTEMIS OFFSHORE","Offshore Support Vessel","(Rosja)","UBRS8","","2018","4930","3038","In Service/Commission","Rosja GOVT MARINE RESCUE SERV","Rosja GOVT MARINE RESCUE SERV","Rosja GOVT MARINE RESCUE SERV","May 2026","","1","","","ARTEMIS OFFSHORE (since 01/06/2018)","Rosja (since 01/05/2019) | Palau (Republic of) (since 01/04/2019) | Not Known (since 01/12/2018) | Palau (Republic of) (since 01/06/2018) | Singapore (since 01/06/2018)","4","0","Rosja GOVT MARINE RESCUE SERV (since 02/06/2019) | YUEXIN INTERNATIONAL OFFSHORE (since 29/06/2018)","","False","False","Rosja"
"9198226","ASCALON","Ro-Ro Cargo Ship","(Rosja)","UBHU6","","1999","8821","7100","In Service/Commission","M LEASING LLC","MG-FLOT LLC","MG-FLOT LLC","Rosjan Maritime Register of Shipping","","57","","","ASCALON (since 01/05/2020) | World Carrier (since 01/12/2018) | Ocean Lord (since 01/12/2013) | Hc Rubina (since 01/12/2011) | OXL Bamboo (since 01/12/2010)","Rosja (since 01/05/2020) | Liberia (since 01/11/2013) | Germany (since 01/10/2013) | Antigua and Barbuda (since 01/12/2011) | Germany (since 01/12/2011)","4","4","M LEASING LLC (since 02/09/2021)","","False","False","Rosja"
"9082142","ASKAR","General Cargo Ship","(Rosja)","UGUR","","1993","4991","6207","In Casualty Or Repairing","MG-FLOT LLC","MG-FLOT LLC","MG-FLOT LLC","Rosjan Maritime Register of Shipping","","26","","","ASKAR-SARYDZHA (since 01/08/2019)","Rosja (since 01/12/2020) | Rosja (since 01/10/2018) | Malta (since 01/10/2018) | Rosja (since 01/11/2010) | Rosja (since 01/01/2004) | Malta (since 01/01/2004) | Rosja (during 2002)","6","0","MG-FLOT LLC (since 30/08/2019) | INTERREGIONAL TRANSPORTATION (since 10/10/2018) | NORTHERN SHIPPING NAVIGATION (since 01/10/2005)","","False","False","Rosja"
"8700010","SAPFIR","General Cargo Ship","(Rosja)","UBIG5","","1988","1853","2075","In Service/Commission","MG-FLOT LLC","MG-FLOT LLC","MG-FLOT LLC","Rosjan Maritime Register of Shipping","","33","","","SAPFIR (since 01/07/2022) | Etim Emin (since 01/03/2010) | Helena (since 01/06/2008)","Rosja (since 01/04/2010) | Cambodia (since 01/06/2009) | St.Kitts and Nevis (since 01/06/2008)","2","2","MG-FLOT LLC (since 12/10/2018) | SP-SHIPPING LLC (since 12/07/2010) | OLYA-SHIPPING LLC (since 04/05/2010)","","False","False","Rosja"
"9083330","GASRET ALIEV","General Cargo Ship","(Rosja)","UEVI","","1993","4991","6207","In Service/Commission","MG-FLOT LLC","MG-FLOT LLC","MG-FLOT LLC","Rosjan Maritime Register of Shipping","","18","","","GASRET ALIEV (since 01/11/2018)","Rosja (since 01/02/2020) | Rosja (since 01/08/2018) | Malta (since 01/08/2018) | Rosja (since 01/01/2011) | Rosja (since 01/07/2003) | Malta (since 01/07/2003)","5","0","MG-FLOT LLC (during 06/2019) | TRANSFIN-M PC (during 11/2018) | INTERREGIONAL TRANSPORTATION (since 29/08/2018)","","False","False","Rosja"
"9083196","GENRIKH GASANOV","General Cargo Ship","(Rosja)","UEUK","","1993","4991","6207","In Service/Commission","MG-FLOT LLC","MG-FLOT LLC","MG-FLOT LLC","Rosjan Maritime Register of Shipping","","24","","","","","","","","","False","False","Rosja"
"8606628","KOMPOZITOR ELZA IBRAGIMOVA","Ro-Ro Cargo Ship","(Rosja)","UAVY","","1986","6894","4673","In Service/Commission","MG-FLOT LLC","MG-FLOT LLC","MG-FLOT LLC","Rosjan Maritime Register of Shipping","","11","","","KOMPOZITOR ELZA IBRAGIMOVA (since 01/08/2022) | Kompozitor Gasanov (since 01/06/2009) | Akvarama (since 01/01/2001) | Aquarama (since 01/06/2000)","Rosja (since 01/01/2001) | Malta (since 01/06/2000)","1","3","MG-FLOT LLC (since 19/07/2019) | TRANSFIN-M PC (during 12/2018) | OLYA-SHIPPING LLC (since 24/06/2009) | INDUSTRIAL INVESTMENT (since 01/07/2007) | NORTH-CASPIAN SHIPPING CO (since 01/01/2002) | MORINRASCHYOT (during 2002)","","False","False","Rosja"
"9349289","LADY D","General Cargo Ship","(Rosja)","UBGW4","","2006","9611","12717","In Service/Commission","MG-FLOT LLC","MG-FLOT LLC","MG-FLOT LLC","Rosjan Maritime Register of Shipping","","57","","","LADY D (since 01/02/2022) | Maliy B.S. (since 01/07/2019) | Ocean Might (since 01/05/2018) | BBC Nevada (since 01/09/2015) | Thorco Diva (since 01/12/2013) | Frida Scan (since 01/12/2011) | Jasper (since 01/03/2011) | Beluga Federation (since 01/06/2006) | Jasper (during 2006)","Rosja (since 01/06/2021) | Liberia (since 01/04/2018) | Germany (since 01/07/2006) | Antigua and Barbuda (since 01/07/2006) | Germany (since 01/06/2006)","4","8","MG-FLOT LLC (since 23/06/2021)","","False","False","Rosja"
"9220641","LADY MARIIA","Ro-Ro Cargo Ship","(Rosja)","UBGW3","","2000","8831","7184","In Service/Commission","MG-FLOT LLC","MG-FLOT LLC","MG-FLOT LLC","Rosjan Maritime Register of Shipping","","55","","","LADY MARIIA (since 01/02/2022) | Stella-Maria (since 01/06/2021) | Global Carrier (since 01/01/2019) | Ocean Dream (since 01/04/2014) | Rio Konan (since 01/10/2013) | BBC Konan (since 01/07/2007) | BBC Finlandia (since 01/10/2006) | Rickmers Finlandia (since 01/09/2005) | Scan Finlandia (since 01/06/2000)","Rosja (since 01/06/2021) | Liberia (since 01/04/2014) | Germany (since 01/04/2014) | Liberia (since 01/03/2011) | Germany (since 01/03/2011) | United Kingdom (since 01/09/2009) | Germany (since 01/09/2009) | Isle of Man (since 01/06/2000) | Germany (since 01/06/2000)","8","8","MG-FLOT LLC (since 21/06/2021)","","False","False","Rosja"
"9161003","LADY R","Ro-Ro Cargo Ship","(Rosja)","UBDT8","","2004","7260","7630","In Service/Commission","JSC SOVFRACHT","JSC SOVFRACHT","JSC SOVFRACHT","Rosjan Maritime Register of Shipping","","29","","","LADY R (since 01/09/2019) | Sloman Producer (since 01/09/2004)","Rosja (since 01/11/2020) | Rosja (since 01/09/2019) | Germany (since 01/09/2019) | Antigua and Barbuda (since 01/09/2004) | Germany (since 01/09/2004)","4","1","JSC SOVFRACHT (since 06/12/2024) | MG-FLOT LLC (since 25/09/2019) | SLOMAN NEPTUN SHIPPING & TRANS (since 01/10/2008) | PRODUCER SHIPPING CO LTD (during 08/2004)","","False","False","Rosja"
"9358010","MAIA","General Cargo Ship","(Rosja)","UBGW2","","2006","9611","12717","In Service/Commission","MG-FLOT LLC","MG-FLOT LLC","MG-FLOT LLC","Rosjan Maritime Register of Shipping","","61","","","MAIA-1 (since 01/02/2022) | Neptun (since 01/07/2021) | Neptune Crown (since 01/12/2018) | Ocean Rising (since 01/08/2017) | Nicola (since 01/02/2016) | BBC Hawaii (since 01/10/2011) | Nicola (since 01/04/2011) | Beluga Evaluation (since 01/01/2006)","Rosja (since 01/07/2021) | Liberia (since 01/08/2017) | Germany (since 01/08/2017) | Antigua and Barbuda (since 01/01/2006) | Germany (since 01/01/2006)","4","7","MG-FLOT LLC (since 05/07/2021)","","False","False","Rosja"
"8700046","OLGA","General Cargo Ship","(Rosja)","UBIG6","","1988","1853","2075","In Service/Commission","MG-FLOT LLC","MG-FLOT LLC","MG-FLOT LLC","","","25","","","OLGA (since 01/04/2010) | Ladoga-104 (since 01/01/2010) | Olga (since 01/06/2008)","Rosja (since 01/05/2010) | Rosja (since 01/01/2010) | St.Kitts and Nevis (since 01/06/2008)","2","2","MG-FLOT LLC (since 29/09/2017) | SP-SHIPPING LLC (since 12/07/2010)","","False","False","Rosja"
"9481922","PORT OLYA","General Cargo Ship","(Rosja)","UBBM4","","2013","4878","5185","In Service/Commission","MG-FLOT LLC","MG-FLOT LLC","MG-FLOT LLC","Rosjan Maritime Register of Shipping","","7","","","PORT OLYA-1 (since 01/08/2014) | Ucf-5 (since 01/08/2013)","Rosja (since 01/08/2014) | Rosja (since 01/03/2014) | Moldova (since 01/08/2013)","2","1","MG-FLOT LLC (since 01/07/2022) | TRANSFIN-M PC (since 14/07/2015) | SP-SHIPPING LLC (during 08/2014) | INTERNATIONAL BUSINESS FINANCE (since 30/08/2013)","","False","False","Rosja"
"9481881","PORT OLYA","General Cargo Ship","(Rosja)","UBKM4","","2012","4878","5185","In Service/Commission","MG-FLOT LLC","MG-FLOT LLC","MG-FLOT LLC","Rosjan Maritime Register of Shipping","","11","","","PORT OLYA-2 (since 01/10/2014) | Ucf-1 (since 01/09/2012)","Rosja (since 01/10/2014) | Barbados (since 01/09/2012)","1","1","MG-FLOT LLC (since 01/07/2022) | TRANSFIN-M PC (since 14/07/2015) | SP-SHIPPING LLC (since 05/12/2014)","","False","False","Rosja"
"8861058","RASUL GAMZATOV","General Cargo Ship","(Rosja)","UBUT","","1992","4991","6207","In Service/Commission","MG-FLOT LLC","MG-FLOT LLC","MG-FLOT LLC","Rosjan Maritime Register of Shipping","","23","","","RASUL GAMZATOV (since 01/10/2003)","Rosja (since 01/10/2019) | Rosja (since 01/12/2010) | Malta (since 01/12/2010) | Rosja (since 01/10/2003) | Malta (since 01/10/2003) | Rosja (during 2002)","5","0","MG-FLOT LLC (since 01/08/2019)","","False","False","Rosja"
"8700060","SONA","General Cargo Ship","(Rosja)","UBIG7","","1989","1853","2075","In Service/Commission","MG-FLOT LLC","MG-FLOT LLC","UNKNOWN","October 2017","","30","","","SONA (since 01/06/2008)","Rosja (since 01/09/2010) | St.Kitts and Nevis (since 01/06/2008)","1","0","MG-FLOT LLC (during 11/2017) | SP-SHIPPING LLC (since 02/09/2010)","","False","False","Rosja"
"8866591","VALENTIN EMIROV","General Cargo Ship","(Rosja)","UDUO","","1993","4110","4485","In Service/Commission","MG-FLOT LLC","MG-FLOT LLC","MG-FLOT LLC","Rosjan Maritime Register of Shipping","","16","","","VALENTIN EMIROV (since 01/07/2018) | Caspiy (since 01/08/2005) | Kaspiy (since 01/01/2004)","Rosja (since 01/08/2019) | Rosja (since 01/07/2018) | Malta (since 01/07/2018) | Rosja (since 01/12/2010) | Rosja (since 01/08/2005) | Malta (since 01/08/2005) | Rosja (since 01/01/2003)","6","2","MG-FLOT LLC (since 01/07/2018) | MAKHACHKALA PORT JSC (during 2003) | NORTHERN SHIPPING NAVIGATION (since 01/01/2003)","","False","False","Rosja"
"9759666","IPSALA","Bulk Carrier","(Rosja)","UBPX2","","2016","23232","37718","In Service/Commission","ARTVIN DENIZCILIK VE TICARET","ARTVIN DENIZCILIK VE TICARET","BULKLINE JSC","Rosjan Maritime Register of Shipping","","24","","","IPSALA (since 01/10/2022) | Pola Imabari (since 01/06/2019) | Glorious Sunrise (since 01/03/2016)","Rosja (since 01/06/2023) | Turkey (since 01/10/2022) | Rosja (since 01/05/2022) | Panama (since 01/07/2019) | Malta (since 01/06/2019) | Panama (since 01/03/2016)","5","2","ARTVIN DENIZCILIK VE TICARET (since 12/10/2022) | POLA RISE LTD (since 05/07/2022) | GTLK ASIA M8 LTD (since 01/07/2020) | AVONBURG FINANCE LTD (since 11/06/2019) | SUNRISE SHIPPING 2017 PTE LTD (since 04/10/2017) | NIPPO SHIPPING/DNN BUSINESS (since 24/03/2016)","","False","False","Rosja"
"9780940","ULA","Bulk Carrier","(Rosja)","UBOX8","","2019","23703","38595","In Service/Commission","BULKLINE JSC","BULKLINE JSC","BULKLINE JSC","Rosjan Maritime Register of Shipping","","11","","","ULA (since 01/10/2022) | Pola Ariake (since 01/09/2019)","Rosja (since 01/06/2023) | Turkey (since 01/10/2022) | Rosja (since 01/09/2019) | Panama (since 01/09/2019)","3","1","BULKLINE JSC (since 15/04/2025) | ARTVIN DENIZCILIK VE TICARET (since 12/10/2022) | POLA RISE LTD (since 05/07/2022) | GTLK ASIA M7 LTD (since 01/07/2020)","","False","False","Rosja"
"9906544","ASTROL","General Cargo Ship","(Rosja)","UBXU4","","2020","6305","8126","In Service/Commission","SC ASTROL LLC","SC ASTROL LLC","SC ASTROL LLC","Rosjan Maritime Register of Shipping","","7","","","ASTROL-1 (since 01/11/2020)","Rosja (since 01/11/2020)","0","0","SC ASTROL LLC (since 26/08/2022) | JSC GTLK (since 30/11/2020)","","False","False","Rosja"
"9190107","MYS MANORSKIY","General Cargo Ship","(Rosja)","UBNW5","","2000","12949","17072","In Service/Commission","ARCTIC-TRANS LLC","ARCTIC-TRANS LLC","ARCTIC-TRANS LLC","Rosjan Maritime Register of Shipping","","55","","","MYS MANORSKIY (since 01/06/2025) | Pola Dudinka (since 01/08/2021) | Oslo Wave 2 (since 01/06/2016) | Atlantic Progress (since 01/04/2013) | Hal Pride (since 01/09/2010) | Federal Pride (since 01/07/2007) | Seaboard Chile II (since 01/05/2005) | Atlantic Pride (since 01/08/2002) | Seaboard Rover (during 2001) | Atlantic Pride (during 2000)","Rosja (since 01/06/2025) | Rosja (since 01/08/2021) | Norway (NIS) (since 01/04/2020) | Singapore (since 01/06/2016) | Cyprus (since 01/05/2005) | Gibraltar (since 01/05/2003) | Cyprus (since 01/04/2000)","6","9","ARCTIC-TRANS LLC (since 11/06/2025) | POLA RISE LTD (since 10/08/2021) | OSLO WAVE AS (since 16/04/2020) | OSLO VENTURE PTE LTD (since 28/06/2016)","","False","False","Rosja"
"9691785","POLA SEVASTIANA","General Cargo Ship","(Rosja)","UBDG","","2017","5686","7124","In Service/Commission","POLA RISE LTD","POLA RISE LTD","POLA RISE LTD","Rosjan Maritime Register of Shipping","","4","","","POLA SEVASTIANA (since 01/12/2017)","Rosja (since 01/12/2017)","0","0","POLA RISE LTD (since 27/07/2022) | JSC GTLK (since 05/12/2017)","","False","False","Rosja"
"9849423","POLA MAKARIA","General Cargo Ship","(Rosja)","UBZX","","2018","6266","7679","In Service/Commission","POLA RISE LTD","POLA RISE LTD","POLA RISE LTD","Rosjan Maritime Register of Shipping","","3","","","POLA MAKARIA (since 01/06/2018)","Rosja (since 01/06/2018)","0","0","POLA RISE LTD (since 27/07/2022) | JSC GTLK (since 08/06/2018)","","False","False","Rosja"
"9849435","POLA FILOFEIA","General Cargo Ship","(Rosja)","UBAV","","2018","6266","7728","In Service/Commission","POLA RISE LTD","POLA RISE LTD","POLA RISE LTD","Rosjan Maritime Register of Shipping","","11","","","POLA FILOFEIA (since 01/07/2018)","Rosja (since 01/07/2018)","0","0","POLA RISE LTD (since 27/07/2022) | JSC GTLK (since 05/07/2018)","","False","False","Rosja"
"9849459","POLA SOFIA","General Cargo Ship","(Rosja)","UBFI","","2018","6266","7709","In Service/Commission","POLA RISE LTD","POLA RISE LTD","POLA RISE LTD","Rosjan Maritime Register of Shipping","","9","","","POLA SOFIA (since 01/08/2018)","Rosja (since 01/08/2018)","0","0","POLA RISE LTD (since 27/07/2022) | JSC GTLK (since 24/08/2018)","","False","False","Rosja"
"9849461","POLA FEODOSIA","General Cargo Ship","(Rosja)","UHNY","","2018","6266","7726","In Service/Commission","POLA RISE LTD","POLA RISE LTD","POLA RISE LTD","Rosjan Maritime Register of Shipping","","10","","","POLA FEODOSIA (since 01/09/2018)","Rosja (since 01/09/2018)","0","0","POLA RISE LTD (since 27/07/2022) | JSC GTLK (since 14/09/2018)","","False","False","Rosja"
"9849473","POLA FIVA","General Cargo Ship","(Rosja)","UBRR","","2018","6305","8144","In Service/Commission","POLA RISE LTD","POLA RISE LTD","POLA RISE LTD","Rosjan Maritime Register of Shipping","","11","","","POLA FIVA (since 01/10/2018)","Rosja (since 01/10/2018)","0","0","POLA RISE LTD (since 27/07/2022) | JSC GTLK (since 15/10/2018)","","False","False","Rosja"
"9851103","POLA ANATOLIA","General Cargo Ship","(Rosja)","UCQV","","2018","6266","7678","In Service/Commission","POLA RISE LTD","POLA RISE LTD","POLA RISE LTD","Rosjan Maritime Register of Shipping","","9","","","POLA ANATOLIA (since 01/12/2018)","Rosja (since 01/12/2018)","0","0","POLA RISE LTD (since 27/07/2022) | JSC GTLK (since 29/12/2018)","","False","False","Rosja"
"9851115","POLA ANFISA","General Cargo Ship","(Rosja)","UBXR7","","2019","6266","7649","In Service/Commission","POLA RISE LTD","POLA RISE LTD","POLA RISE LTD","Rosjan Maritime Register of Shipping","","10","","","POLA ANFISA (since 01/05/2019)","Rosja (since 01/05/2019)","0","0","POLA RISE LTD (since 27/07/2022) | JSC GTLK (since 31/05/2019)","","False","False","Rosja"
"9851127","POLA GALI","General Cargo Ship","(Rosja)","UBCV2","","2021","6305","8107","In Service/Commission","POLA RISE LTD","POLA RISE LTD","POLA RISE LTD","Rosjan Maritime Register of Shipping","","4","","","POLA GALI (since 01/02/2021)","Rosja (since 01/02/2021)","0","0","POLA RISE LTD (since 12/05/2022) | JSC GTLK (since 26/02/2021)","","False","False","Rosja"
"9888792","POLA HARITA","General Cargo Ship","(Rosja)","UBLL","","2019","6305","8146","In Service/Commission","POLA RISE LTD","POLA RISE LTD","POLA RISE LTD","Rosjan Maritime Register of Shipping","","8","","","POLA HARITA (since 01/09/2019)","Rosja (since 01/09/2019)","0","0","POLA RISE LTD (since 17/08/2022) | JSC GTLK (since 06/09/2019)","","False","False","Rosja"
"9888807","POLA PELAGIA","General Cargo Ship","(Rosja)","UDRW","","2019","6305","8145","In Service/Commission","POLA RISE LTD","POLA RISE LTD","POLA RISE LTD","Rosjan Maritime Register of Shipping","","8","","","POLA PELAGIA (since 01/10/2019)","Rosja (since 01/10/2019)","0","0","POLA RISE LTD (since 12/05/2022) | JSC GTLK (since 18/10/2019)","","False","False","Rosja"
"9897705","POLA MARIA","General Cargo Ship","(Rosja)","UDHN","","2020","6305","8144","In Service/Commission","POLA RISE LTD","POLA RISE LTD","POLA RISE LTD","Rosjan Maritime Register of Shipping","","3","","","POLA MARIA (since 01/05/2020)","Rosja (since 01/05/2020)","0","0","POLA RISE LTD (since 12/05/2022) | JSC GTLK (since 01/05/2020)","","False","False","Rosja"
"9897690","POLA ANASTASIA","General Cargo Ship","(Rosja)","UFON","","2020","6305","8146","In Service/Commission","POLA RISE LTD","POLA RISE LTD","POLA RISE LTD","Rosjan Maritime Register of Shipping","","8","","","POLA ANASTASIA (since 01/05/2020)","Rosja (since 01/05/2020)","0","0","POLA RISE LTD (since 12/05/2022) | JSC GTLK (since 08/05/2020)","","False","False","Rosja"
"9903827","POLA YAROSLAVA","General Cargo Ship","(Rosja)","UDJO","","2020","6305","8147","In Service/Commission","POLA RISE LTD","POLA RISE LTD","POLA RISE LTD","Rosjan Maritime Register of Shipping","","9","","","POLA YAROSLAVA (since 01/05/2020)","Rosja (since 01/05/2020)","0","0","POLA RISE LTD (since 12/05/2022) | JSC GTLK (since 08/05/2020)","","False","False","Rosja"
"9903839","POLA VARVARA","General Cargo Ship","(Rosja)","UBFU2","","2020","6305","8163","In Service/Commission","POLA RISE LTD","POLA RISE LTD","POLA RISE LTD","Rosjan Maritime Register of Shipping","","6","","","POLA VARVARA (since 01/06/2020)","Rosja (since 01/06/2020)","0","0","POLA RISE LTD (since 12/05/2022) | JSC GTLK (since 11/06/2020)","","False","False","Rosja"
"9903841","POLA AGATA","General Cargo Ship","(Rosja)","UBJU8","","2020","6305","8149","In Service/Commission","POLA RISE LTD","POLA RISE LTD","POLA RISE LTD","Rosjan Maritime Register of Shipping","","6","","","POLA AGATA (since 01/07/2020)","Rosja (since 01/07/2020)","0","0","POLA RISE LTD (since 12/05/2022) | JSC GTLK (since 30/07/2020)","","False","False","Rosja"
"9903865","POLA MARINA","General Cargo Ship","(Rosja)","UBVU5","","2020","6305","8148","In Service/Commission","POLA RISE LTD","POLA RISE LTD","POLA RISE LTD","Rosjan Maritime Register of Shipping","","6","","","POLA MARINA (since 01/09/2020)","Rosja (since 01/09/2020)","0","0","POLA RISE LTD (since 12/05/2022) | JSC GTLK (since 17/09/2020)","","False","False","Rosja"
"9903877","POLA MIROPIA","General Cargo Ship","(Rosja)","UBYU3","","2020","6305","8154","In Service/Commission","POLA RISE LTD","POLA RISE LTD","POLA RISE LTD","Rosjan Maritime Register of Shipping","","9","","","POLA MIROPIA (since 01/09/2020)","Rosja (since 01/09/2020)","0","0","POLA RISE LTD (since 12/05/2022) | JSC GTLK (since 30/09/2020)","","False","False","Rosja"
"9220639","BALTIC LEADER","Ro-Ro Cargo Ship","(Rosja)","UBEW6","","2000","8831","7195","In Service/Commission","MG-FLOT LLC","MG-FLOT LLC","MG-FLOT LLC","Rosjan Maritime Register of Shipping","","54","","","BALTIC LEADER (since 01/06/2021) | Fleet Leader (since 01/12/2018) | Ocean Pride (since 01/11/2013) | Rio Kusan (since 01/09/2013) | BBC Kusan (since 01/07/2007) | BBC Germania (since 01/09/2006) | Rickmers Germania (since 01/08/2005) | Scan Germania (during 2000)","Rosja (since 01/06/2021) | Liberia (since 01/11/2013) | Germany (since 01/11/2013) | Liberia (since 01/07/2011) | United Kingdom (since 01/09/2009) | Germany (since 01/09/2009) | Isle of Man (since 01/06/2006) | Germany (since 01/05/2000)","7","7","MG-FLOT LLC (since 16/02/2022) | MG-FLOT LLC (since 14/06/2021) | RIO KUSAN MBH & CO KG (since 01/05/2000)","","False","False","Rosja"
"9287699","FESCO MAGADAN","Container Ship","(Rosja)","UBUS7","","2003","7519","8732","In Service/Commission","INVESTKONSALTING LLC","INVESTKONSALTING LLC","INVESTKONSALTING LLC","Rosjan Maritime Register of Shipping","","27","","","FESCO MAGADAN (since 01/07/2019) | India (since 01/10/2009) | Velazquez (since 01/09/2005) | CMA CGM Tatiana (since 01/10/2003)","Rosja (since 01/07/2019) | Germany (since 01/07/2019) | Portugal (MAR) (since 01/07/2017) | Malta (since 01/10/2013) | United Kingdom (since 01/10/2003) | Germany (since 01/10/2003)","5","3","INVESTKONSALTING LLC (since 01/04/2022) | FESCO (since 02/07/2019) | ASTRA SCHIFFAHRTS GMBH & CO KG (since 02/10/2003)","","False","False","Rosja"
"9277412","FESCO MONERON","Container Ship","(Rosja)","UBHT4","","2003","7519","8695","In Service/Commission","INVESTKONSALTING LLC","INVESTKONSALTING LLC","INVESTKONSALTING LLC","Rosjan Maritime Register of Shipping","","24","","","FESCO MONERON (since 01/11/2019) | Francop (since 01/10/2006) | Tavastland (since 01/08/2003)","Rosja (since 01/11/2019) | Germany (since 01/11/2019) | Antigua and Barbuda (since 01/02/2008) | Germany (since 01/02/2008) | United Kingdom (since 01/07/2003) | Germany (during 2003)","5","2","INVESTKONSALTING LLC (since 01/04/2022) | FESCO (since 22/11/2019)","","False","False","Rosja"
"8730455","CHIZHOVKA","Motor Hopper","(Rosja)","UIGQ","","1989","745","1068","In Service/Commission","NORTHERN SHIPPING CO","NORTHERN SHIPPING CO","NORTHERN SHIPPING CO","May 2026","","0","","","CHIZHOVKA (during 1989)","Rosja (during 1992)","0","0","NORTHERN SHIPPING CO (during 2000)","","False","False","Rosja"
"8305781","BELOMORSKIY","Hopper Dredger","(Rosja)","UHYW","","1985","2628","2044","Laid-Up","NORTHERN SHIPPING CO","NORTHERN SHIPPING CO","NORTHERN SHIPPING CO","May 2026","","9","","","BELOMORSKIY (during 1985)","Rosja (since 01/08/2016)","0","0","NORTHERN SHIPPING CO (during 2001)","","False","False","Rosja"
"8922486","DVINSKIY ZALIV","Dredger","(Rosja)","UHXI","","1989","2081","583","In Service/Commission","NORTHERN SHIPPING CO","NORTHERN SHIPPING CO","NORTHERN SHIPPING CO","May 2026","","0","","","DVINSKIY ZALIV (during 1989)","Rosja (during 1992)","0","0","NORTHERN SHIPPING CO (during 2002)","","False","False","Rosja"
"8502080","INZHENER TRUBIN","General Cargo Ship","(Rosja)","UBCJ2","","1993","6418","7049","In Service/Commission","NORTHERN SHIPPING CO","NORTHERN SHIPPING CO","NORTHERN SHIPPING CO","Rosjan Maritime Register of Shipping","","45","","","INZHENER TRUBIN (since 01/10/2012) | Sea Progress (since 01/04/2002)","Rosja (since 01/10/2012) | Cyprus (since 01/05/2010) | United Kingdom (since 01/06/2005)","2","1","NORTHERN SHIPPING CO (since 25/10/2012)","","False","False","Rosja"
"8502107","INZHENER VESHNYAKOV","General Cargo Ship","(Rosja)","UBDJ3","","1998","6418","7049","In Service/Commission","NORTHERN SHIPPING CO","NORTHERN SHIPPING CO","NORTHERN SHIPPING CO","Rosjan Maritime Register of Shipping","","39","","","INZHENER VESHNYAKOV (since 01/11/2012) | Sea Rover (since 01/01/2005) | Malambo (since 01/01/2003)","Rosja (since 01/11/2012) | Cyprus (since 01/05/2010) | United Kingdom (since 01/01/2005)","2","2","NORTHERN SHIPPING CO (since 07/11/2012)","","False","False","Rosja"
"8603406","SCS ARCTIC","General Cargo Ship","(Rosja)","UCKT","","1990","6395","7075","In Service/Commission","NORTHERN SHIPPING CO","NORTHERN SHIPPING CO","NORTHERN SHIPPING CO","Rosjan Maritime Register of Shipping","","39","","","SCS ARCTIC (since 01/03/2026)","Rosja (since 01/03/2026)","0","0","NORTHERN SHIPPING CO (before 1995)","","False","False","Rosja"
"9279422","KAPITAN KOKOVIN","General Cargo Ship","(Rosja)","UAOX","","2004","2474","3480","In Service/Commission","NORTHERN SHIPPING CO","NORTHERN SHIPPING CO","NORTHERN SHIPPING CO","Rosjan Maritime Register of Shipping","","32","","","KAPITAN KOKOVIN (since 01/05/2017) | Flinterbright (since 01/07/2013) | Fast Gilles (since 01/02/2013) | Flinterbright (since 01/06/2012) | Fast Gilles (since 01/01/2012) | Flinterbright (since 01/02/2008) | Flinterborg (since 01/06/2004)","Rosja (since 01/05/2017) | Netherlands (since 01/07/2008) | Netherlands (since 01/06/2004)","2","6","NORTHERN SHIPPING CO (since 09/05/2017)","","False","False","Rosja"
"8618073","KAPITAN RYNTSYN","General Cargo Ship","(Rosja)","UBQY","","1988","2601","2925","In Service/Commission","NORTHERN SHIPPING CO","NORTHERN SHIPPING CO","UNKNOWN","March 2026","","22","","","KAPITAN RYNTSYN (since 01/09/2002)","Rosja (since 01/01/2023) | Rosja (since 01/09/2002)","1","0","NORTHERN SHIPPING CO (since 01/09/2002)","","False","False","Rosja"
"9279434","KAPITAN SAKHAROV","General Cargo Ship","(Rosja)","UAOU","","2004","2474","3483","In Service/Commission","NORTHERN SHIPPING CO","NORTHERN SHIPPING CO","NORTHERN SHIPPING CO","Rosjan Maritime Register of Shipping","","29","","","","","","","","","False","False","Rosja"
"9109081","KHOLMOGORY","General Cargo Ship","(Rosja)","UBTE2","","1995","2986","4830","In Service/Commission","NORTHERN SHIPPING CO","NORTHERN SHIPPING CO","NORTHERN SHIPPING CO","Rosjan Maritime Register of Shipping","","37","","","KHOLMOGORY (since 01/01/2008)","Rosja (since 01/01/2008)","0","0","NORTHERN SHIPPING CO (since 01/01/2008)","","False","False","Rosja"
"8928143","LAPOMINKA","Motor Hopper","(Rosja)","UFZM","","1974","643","888","Laid-Up","NORTHERN SHIPPING CO","NORTHERN SHIPPING CO","NORTHERN SHIPPING CO","April 2026","","0","","","LAPOMINKA (during 1974)","Rosja (during 1974)","0","0","NORTHERN SHIPPING CO (during 1974)","","False","False","Rosja"
"8904408","MEKHANIK BRILIN","General Cargo Ship","(Rosja)","UCOO","","1991","2489","2636","In Service/Commission","NORTHERN SHIPPING CO","NORTHERN SHIPPING CO","NORTHERN SHIPPING CO","Rosjan Maritime Register of Shipping","","31","","","MEKHANIK BRILIN (during 1991)","Rosja (since 01/05/2000)","0","0","NORTHERN SHIPPING CO (during 05/2000)","","False","False","Rosja"
"8904410","MEKHANIK KOTTSOV","General Cargo Ship","(Rosja)","UCOP","","1991","2489","2650","In Service/Commission","NORTHERN SHIPPING CO","NORTHERN SHIPPING CO","NORTHERN SHIPPING CO","Rosjan Maritime Register of Shipping","","37","","","MEKHANIK KOTTSOV (during 1991)","Rosja (since 01/07/2000)","0","0","NORTHERN SHIPPING CO (during 05/2000)","","False","False","Rosja"
"8904458","MEKHANIK KRASKOVSKIY","General Cargo Ship","(Rosja)","UFHZ","","1992","2489","2650","In Service/Commission","NORTHERN SHIPPING CO","NORTHERN SHIPPING CO","NORTHERN SHIPPING CO","Rosjan Maritime Register of Shipping","","38","","","MEKHANIK KRASKOVSKIY (during 1992)","Rosja (since 01/04/2025) | Rosja (since 01/07/2000)","1","0","NORTHERN SHIPPING CO (during 05/2000)","","False","False","Rosja"
"8904379","MEKHANIK MAKARIN","General Cargo Ship","(Rosja)","UCOR","","1991","3178","3551","In Service/Commission","NORTHERN SHIPPING CO","NORTHERN SHIPPING CO","NORTHERN SHIPPING CO","Rosjan Maritime Register of Shipping","","39","","","MEKHANIK MAKARIN (during 1991)","Rosja (since 01/05/2000)","0","0","NORTHERN SHIPPING CO (during 05/2000)","","False","False","Rosja"
"8904422","MEKHANIK PUSTOSHNYY","General Cargo Ship","(Rosja)","UCBM","","1992","2489","2650","In Service/Commission","NORTHERN SHIPPING CO","NORTHERN SHIPPING CO","NORTHERN SHIPPING CO","Rosjan Maritime Register of Shipping","","35","","","MEKHANIK PUSTOSHNYY (during 1991)","Rosja (since 01/07/2000)","0","0","NORTHERN SHIPPING CO (during 05/2000)","","False","False","Rosja"
"8904434","MEKHANIK PYATLIN","General Cargo Ship","(Rosja)","UCBP","","1992","2489","2650","In Service/Commission","NORTHERN SHIPPING CO","NORTHERN SHIPPING CO","NORTHERN SHIPPING CO","Rosjan Maritime Register of Shipping","","37","","","MEKHANIK PYATLIN (during 1992)","Rosja (since 01/04/2025) | Rosja (since 01/07/2000)","1","0","NORTHERN SHIPPING CO (during 05/2000)","","False","False","Rosja"
"8904367","MEKHANIK YARTSEV","General Cargo Ship","(Rosja)","UCOQ","","1990","2489","2650","Broken Up","NORTHERN SHIPPING CO","NORTHERN SHIPPING CO","NORTHERN SHIPPING CO","March 2025","","35","","","MEKHANIK YARTSEV (during 1990)","Rosja (since 01/07/2000)","0","0","NORTHERN SHIPPING CO (during 05/2000)","","False","False","Rosja"
"9216482","MIKHAIL LOMONOSOV","General Cargo Ship","(Rosja)","UBTE3","","2000","2990","4805","In Service/Commission","NORTHERN SHIPPING CO","NORTHERN SHIPPING CO","NORTHERN SHIPPING CO","Rosjan Maritime Register of Shipping","","37","","","MIKHAIL LOMONOSOV (since 01/12/2007) | Validus (since 01/11/2003) | Vento di Garbi (since 01/01/2003) | Validus (since 01/01/2001) | Millennium (since 01/06/2000)","Rosja (since 01/03/2018) | Rosja (since 01/05/2010) | Antigua and Barbuda (since 01/04/2007) | Antigua and Barbuda (since 01/06/2001)","3","4","NORTHERN SHIPPING CO (since 01/11/2007)","","False","False","Rosja"
"9210359","S. KUZNETSOV","General Cargo Ship","(Rosja)","UBLK7","","2001","6204","7649","In Service/Commission","NORTHERN SHIPPING CO","NORTHERN SHIPPING CO","NORTHERN SHIPPING CO","Rosjan Maritime Register of Shipping","","62","","","S. KUZNETSOV (since 01/09/2013) | Atlantic Steamer (since 01/11/2011) | BBC Spain (during 2001)","Rosja (since 01/09/2013) | Germany (since 01/09/2013) | Antigua and Barbuda (since 01/04/2007) | Antigua and Barbuda (since 01/01/2002) | Antigua and Barbuda (during 2001) | Antigua and Barbuda (during 2001) | Germany (during 2001)","6","2","NORTHERN SHIPPING CO (during 09/2013)","","False","False","Rosja"
"9250385","SIYANIE SEVERA","General Cargo Ship","(Rosja)","UCAJ","","2002","6577","9120","In Service/Commission","NORTHERN SHIPPING CO","NORTHERN SHIPPING CO","NORTHERN SHIPPING CO","Rosjan Maritime Register of Shipping","","48","","","SIYANIE SEVERA (since 01/08/2020) | Kaya (since 01/08/2017) | Thorco Sky (since 01/01/2017) | Flintersky (since 01/05/2011) | UAL Aberdeen (since 01/07/2005) | Flintersky (since 01/11/2002)","Rosja (since 01/08/2017) | Belize (since 01/06/2017) | Netherlands (during 2002)","2","5","NORTHERN SHIPPING CO (since 11/08/2020) | MORTRANSSERVICE LLC-MOSCOW (since 13/09/2017)","","False","False","Rosja"
"9240550","SMP ARKHANGELSK","General Cargo Ship","(Rosja)","UBRV5","","2002","7752","10517","In Service/Commission","NORTHERN SHIPPING CO","NORTHERN SHIPPING CO","NORTHERN SHIPPING CO","Rosjan Maritime Register of Shipping","","49","","","SMP ARKHANGELSK (since 01/04/2021) | Ara Antwerpen (since 01/06/2015) | FWN Atlantide (since 01/12/2014) | Jannie C (since 01/02/2008) | Jannie-C (since 01/03/2002)","Rosja (since 01/04/2021) | Gibraltar (since 01/06/2015) | Netherlands (since 01/12/2014) | Germany (since 01/12/2014) | Isle of Man (since 01/08/2003) | Germany (since 01/08/2003) | Gibraltar (since 01/03/2002) | United Kingdom (since 01/03/2002)","7","4","NORTHERN SHIPPING CO (since 16/04/2021) | ARA ANTWERPEN SHIPPING BV (since 12/06/2015) | CARISBROOKE SHIPPING HOLLAND (since 01/03/2002)","","False","False","Rosja"
"9398046","SMP NOVODVINSK","General Cargo Ship","(Rosja)","UBNV6","","2008","4106","6500","In Service/Commission","NORTHERN SHIPPING CO","NORTHERN SHIPPING CO","NORTHERN SHIPPING CO","Rosjan Maritime Register of Shipping","","29","","","SMP NOVODVINSK (since 01/03/2021) | Prudence (since 01/01/2019) | CFL Prudence (since 01/05/2008)","Rosja (since 01/03/2021) | Netherlands (since 01/05/2008)","1","2","NORTHERN SHIPPING CO (since 19/03/2021) | VERTOM PRUDENCE BV (since 13/01/2019) | CFL PRUDENCE II BEHEER BV (during 01/2015) | CANADA FEEDER LINES BV (since 27/05/2008)","","False","False","Rosja"
"9376440","SMP SEVERODVINSK","General Cargo Ship","(Rosja)","UBUV7","","2007","4106","6585","In Service/Commission","NORTHERN SHIPPING CO","NORTHERN SHIPPING CO","NORTHERN SHIPPING CO","Rosjan Maritime Register of Shipping","","34","","","SMP SEVERODVINSK (since 01/04/2021) | Prospect (since 01/01/2019) | CFL Prospect (since 01/07/2007)","Rosja (since 01/04/2021) | Netherlands (since 01/07/2007)","1","2","NORTHERN SHIPPING CO (since 23/04/2021) | VERTOM PROSPECT BV (since 29/12/2018) | CFL PROSPECT II BEHEER BV (since 29/01/2015) | CANADA FEEDER LINES BV (since 25/07/2007)","","False","False","Rosja"
"8931748","TERIBERKA","Motor Hopper","(Rosja)","UFAX","","1974","643","888","In Service/Commission","NORTHERN SHIPPING CO","NORTHERN SHIPPING CO","NORTHERN SHIPPING CO","April 2026","","0","","","TERIBERKA (during 1974)","Rosja (during 1974)","0","0","NORTHERN SHIPPING CO (during 1974)","","False","False","Rosja"
"7236141","TRITON","Tug","(Rosja)","UISR","","1972","161","76","In Service/Commission","NORTHERN SHIPPING CO","NORTHERN SHIPPING CO","UNKNOWN","","","0","","","TRITON (since 01/09/2005)","Rosja (since 01/09/2005)","0","0","NORTHERN SHIPPING CO (since 01/09/2005)","","False","False","Rosja"
"9210256","VIKTOR ZABELIN","General Cargo Ship","(Rosja)","UBUW4","","2000","6204","9022","In Service/Commission","NORTHERN SHIPPING CO","NORTHERN SHIPPING CO","NORTHERN SHIPPING CO","Rosjan Maritime Register of Shipping","","48","","","VIKTOR ZABELIN (since 01/10/2021) | Sds Rain (since 01/11/2005) | Ostkap (since 01/01/2000)","Rosja (since 01/10/2021) | Italy (since 01/11/2005) | Gibraltar (since 01/08/2001) | Antigua and Barbuda (since 01/11/2000)","3","2","NORTHERN SHIPPING CO (since 29/10/2021) | SDS NAVIGATION SRL (since 01/11/2005)","","False","False","Rosja"
"1011331","MADAME GU","Yacht","(Not Known)","UNKNOWN","","2013","2991","549","In Service/Commission","ALMANO HOLDING LTD","WATERMARK YACHT MANAGEMENT","UNKNOWN","May 2026","","0","","","Dream (since 01/04/2013) | MADAME GU (since 01/04/2013)","Not Known (since 01/12/2025) | Cayman Islands (since 01/04/2013)","1","1","ALMANO HOLDING LTD (before 05/2016) | ALMANO HOLDING LTD (since 26/04/2013)","","False","False","Rosja"
"7612448","BALTIYSKIY","General Cargo Ship","(Rosja)","UDCC","","1980","1926","2649","In Service/Commission","DALIR LTD","DALIR LTD","DALIR LTD","Rosjan Maritime Register of Shipping","","51","","","BALTIYSKIY-111 (during 1980)","Rosja (since 01/08/2020) | Rosja (since 01/07/2010)","1","0","DALIR LTD (since 10/08/2020) | DONMASTER CO LTD (since 01/03/2008)","","False","False","Rosja"
"6703769","ALIREZA 1","General Cargo Ship","(Rosja)","UAYK","","1965","1972","2802","In Service/Commission","DALIR LTD","DALIR LTD","PMP TRANSSHIP LLC","Rosjan Maritime Register of Shipping","","25","","","ALIREZA 1 (since 01/03/2022) | Aida (since 01/08/2003) | Grin (before 2002)","Rosja (since 01/11/2003)","0","2","DALIR LTD (since 18/10/2011) | RPTD SOLD UNDISCLOSED INTEREST (before 2002)","","False","False","Rosja"
"8406573","GEOLOG KULIKOV","Drilling Ship","(Rosja)","UAIO","","1986","3575","2289","In Casualty Or Repairing","Rosja GOVT","ARCTIC MARINE AMIGE","ARCTIC MARINE AMIGE","Rosjan Maritime Register of Shipping","","12","","","GEOLOG KULIKOV (since 01/06/2025)","Rosja (during 1992)","0","0","Rosja GOVT (since 01/01/2005)","","False","False","Rosja"
"9661792","DILBAR","Yacht","(Cayman Islands)","ZGFO","","2016","15917","1230","In Service/Commission","NAVIS MARINE LTD","LURSSEN YACHT MANAGEMENT GMBH","LURSSEN YACHT MANAGEMENT GMBH","November 2023","","0","","","DILBAR (since 01/05/2016) | Omar (since 01/04/2016)","Cayman Islands (since 01/05/2016)","0","1","NAVIS MARINE LTD (since 19/03/2018)","","False","False","Rosja"
"9079169","ENISEY","Bulk Carrier","(Rosja)","UBVT8","","1995","27078","43706","In Service/Commission","TK NORD PROJECT LLC","TK NORD PROJECT LLC","TK NORD PROJECT LLC","Rosjan Maritime Register of Shipping","","68","","","ENISEY (since 01/02/2020) | Nordic Barents (since 01/08/2009) | Cedar 4 (since 01/05/2009) | Izara Princess (since 01/11/2008) | Ice Power II (since 01/03/2008) | Baffin (since 01/04/2005)","Rosja (since 01/02/2020) | Panama (since 01/03/2014) | Hong Kong, China (since 01/08/2009) | Panama (since 01/03/2008) | Germany (since 01/03/2008) | Antigua and Barbuda (since 01/01/2007) | Germany (since 01/01/2007) | Cyprus (since 01/07/2005)","7","5","TK NORD PROJECT LLC (since 29/01/2020) | NORDIC BULK BARENTS LTD (since 07/03/2014)","","False","False","Rosja"
"9255270","NP DIKSON","Chemical/Oil Products Tanker","(Rosja)","UBYW9","","2004","15980","25049","In Service/Commission","TK NORD PROJECT LLC","TK NORD PROJECT LLC","TK NORD PROJECT LLC","Rosjan Maritime Register of Shipping","","22","","","NP DIKSON (since 01/12/2021) | Bonito (since 01/09/2015) | Jurmo (since 01/01/2004)","Rosja (since 01/12/2021) | Sweden (since 01/09/2015) | Finland (during 2004)","2","2","TK NORD PROJECT LLC (since 22/12/2021) | DONSO SHIPPING AB (since 31/12/2016) | DONSO SHIPPING KB (since 02/09/2015) | NESTE SHIPPING OY (since 01/01/2008) | NESTE CORP (since 31/01/2004)","","False","False","Rosja"
"9183831","NP DUDINKA","Oil Products Tanker","(Rosja)","UBXW7","","2000","14400","21869","In Service/Commission","TK NORD PROJECT LLC","TK NORD PROJECT LLC","TK NORD PROJECT LLC","Rosjan Maritime Register of Shipping","","32","","","NP DUDINKA (since 01/12/2021) | Rhonestern (during 2000)","Rosja (since 01/12/2021) | Germany (since 01/12/2021) | Portugal (MAR) (since 01/05/2012) | Isle of Man (since 01/06/2000) | Germany (since 01/06/2000)","4","1","TK NORD PROJECT LLC (since 02/12/2021)","","False","False","Rosja"
"8711289","RZK CONSTANTA","General Cargo Ship","(Rosja)","UHRA","","1991","7095","7365","In Service/Commission","TK NORD PROJECT LLC","TK NORD PROJECT LLC","TK NORD PROJECT LLC","Rosjan Maritime Register of Shipping","","36","","","RZK CONSTANTA (since 01/06/2014) | Vysokogorsk (since 01/01/2013) | Fesco Vysokogorsk (since 01/03/2011)","Rosja (since 01/10/2015) | Belize (since 01/06/2014) | Vanuatu (since 01/03/2011)","2","2","TK NORD PROJECT LLC (before 10/2016)","","False","False","Rosja"
"9202053","SEVERNIY PROECT","General Cargo Ship","(Rosja)","UFAV","","2000","13066","20140","In Service/Commission","TK NORD PROJECT LLC","TK NORD PROJECT LLC","TK NORD PROJECT LLC","Rosjan Maritime Register of Shipping","","33","","","SEVERNIY PROECT (since 01/10/2018) | Marchicora (since 01/10/2010) | Niledutch Kuito (since 01/04/2007) | Trina Oldendorff (since 01/01/2007) | MSC Toulouse (since 01/07/2004) | Trina Oldendorff (since 01/03/2003) | Cielo del Caribe (since 01/12/2000) | Trina Oldendorff (during 2000)","Rosja (since 01/10/2018) | Germany (since 01/10/2018) | Antigua and Barbuda (since 01/07/2004) | Germany (since 01/07/2004)","3","7","TK NORD PROJECT LLC (since 30/10/2018) | MARCHICORA SCHIFFAHRTS GMBH (since 01/07/2004) | EGON OLDENDORFF GMBH & CO KG (during 2000)","","False","False","Rosja"
"9239458","SIBERIA","Bulk Carrier","(Rosja)","UBZS7","","2002","17665","25234","In Service/Commission","TK NORD PROJECT LLC","TK NORD PROJECT LLC","TK NORD PROJECT LLC","Rosjan Maritime Register of Shipping","","50","","","SIBERIA (since 01/07/2019) | Harriett (since 01/04/2002)","Rosja (since 01/07/2019) | Liberia (since 01/03/2014) | Germany (since 01/03/2014) | Liberia (since 01/07/2010) | Germany (since 01/07/2010) | Bahamas (since 01/04/2002)","5","1","TK NORD PROJECT LLC (since 25/07/2019)","","False","False","Rosja"
"9086253","TAIBOLA","General Cargo Ship","(Rosja)","UBLW5","","1995","8448","12710","In Service/Commission","TK NORD PROJECT LLC","TK NORD PROJECT LLC","TK NORD PROJECT LLC","Rosjan Maritime Register of Shipping","","96","","","TAIBOLA (since 01/07/2021)","Rosja (since 01/07/2021)","0","0","TK NORD PROJECT LLC (since 03/08/2021) | REDERIJ EUROGRACHT (since 28/07/2012)","","False","False","Rosja"
"8821797","TAIMYR","General Cargo Ship","(Rosja)","UELU","","1990","7949","12150","In Service/Commission","TK NORD PROJECT LLC","TK NORD PROJECT LLC","TK NORD PROJECT LLC","Rosjan Maritime Register of Shipping","","58","","","TAIMYR (since 01/04/2017)","Rosja (since 01/04/2017)","0","0","TK NORD PROJECT LLC (during 04/2017)","","False","False","Rosja"
"9014872","TAMBEY","General Cargo Ship","(Rosja)","UGBR","","1991","7949","12239","In Service/Commission","TK NORD PROJECT LLC","TK NORD PROJECT LLC","TK NORD PROJECT LLC","Rosjan Maritime Register of Shipping","","63","","","TAMBEY (since 01/05/2016) | Ankergracht (since 01/10/2013) | Tasman Sky (since 01/03/2012)","Rosja (since 01/05/2016)","0","2","TK NORD PROJECT LLC (since 28/04/2016)","","False","False","Rosja"
"9081291","TERIBERKA","General Cargo Ship","(Rosja)","UBAV6","","1995","8448","12754","In Service/Commission","TK NORD PROJECT LLC","TK NORD PROJECT LLC","TK NORD PROJECT LLC","Rosjan Maritime Register of Shipping","","75","","","TERIBERKA (since 01/10/2020)","Rosja (since 01/10/2020)","0","0","TK NORD PROJECT LLC (since 07/10/2020) | EEMSGRACHT REDERIJ (since 28/07/2012)","","False","False","Rosja"
"9081368","TERSKIY BEREG","General Cargo Ship","(Rosja)","UBEW9","","1994","8448","12754","In Service/Commission","TK NORD PROJECT LLC","TK NORD PROJECT LLC","TK NORD PROJECT LLC","Rosjan Maritime Register of Shipping","","81","","","TERSKIY BEREG (since 01/06/2021)","Rosja (since 01/06/2021) | Netherlands (since 01/10/2014) | Canada (since 01/07/2014)","2","0","TK NORD PROJECT LLC (since 26/06/2021) | REDERIJ ERASMUSGRACHT (since 28/07/2012)","","False","False","Rosja"
"8821802","TIKSY","General Cargo Ship","(Rosja)","UFVH","","1990","7949","12239","In Service/Commission","TK NORD PROJECT LLC","TK NORD PROJECT LLC","TK NORD PROJECT LLC","Rosjan Maritime Register of Shipping","","62","","","TIKSY (since 01/07/2016) | Achtergracht (since 01/03/2013) | Tasman Star (since 01/07/2011)","Rosja (since 01/07/2016)","0","2","TK NORD PROJECT LLC (since 16/07/2016)","","False","False","Rosja"
"9081332","TURUKHAN","General Cargo Ship","(Rosja)","UBFW5","","1995","8448","12754","In Service/Commission","TK NORD PROJECT LLC","TK NORD PROJECT LLC","TK NORD PROJECT LLC","Rosjan Maritime Register of Shipping","","73","","","TURUKHAN (since 01/06/2021)","Rosja (since 01/06/2021)","0","0","TK NORD PROJECT LLC (since 26/06/2021) | REDERIJ ELANDSGRACHT (since 28/07/2012)","","False","False","Rosja"
"9347059","UTRENNIY","General Cargo Ship","(Rosja)","UBMV3","","2006","12936","17338","In Service/Commission","TK NORD PROJECT LLC","TK NORD PROJECT LLC","TK NORD PROJECT LLC","Rosjan Maritime Register of Shipping","","69","","","UTRENNIY (since 01/03/2021) | BBC Elbe (since 01/10/2006) | Horumersiel (since 01/10/2006)","Rosja (since 01/03/2021) | Germany (since 01/03/2021) | Antigua and Barbuda (since 01/07/2014) | Germany (since 01/10/2008) | Antigua and Barbuda (since 01/10/2006)","4","2","TK NORD PROJECT LLC (during 03/2021) | HORUMERSIEL (since 20/10/2006)","","False","False","Rosja"
"9347061","SABETTA","General Cargo Ship","(Rosja)","UBYW8","","2006","12936","17295","In Service/Commission","TK NORD PROJECT LLC","TK NORD PROJECT LLC","TK NORD PROJECT LLC","Rosjan Maritime Register of Shipping","","58","","","SABETTA (since 01/01/2022) | BBC Mississippi (since 01/12/2006) | Greetsiel (since 01/11/2006)","Rosja (since 01/01/2022) | Germany (since 01/01/2022) | Antigua and Barbuda (since 01/12/2006) | Germany (since 01/12/2006)","3","2","TK NORD PROJECT LLC (since 21/01/2022) | GREETSIEL BRIESE SCHIFFAHRTS (since 22/12/2006)","","False","False","Rosja"
"9829394","HADAR","Yacht","(Cayman Islands)","ZGHN","","2019","9022","1044","In Service/Commission","TANZANITE MARINE LTD","CORAL YACHTS LLC","UNKNOWN","May 2026","","1","","","HADAR (since 01/03/2026) | Flying Fox (since 01/03/2019) | Shu (since 01/03/2019)","Cayman Islands (since 01/09/2025) | Malaysia (since 01/12/2023) | Cayman Islands (since 01/03/2019) | Germany (since 01/03/2019)","3","2","TANZANITE MARINE LTD (since 01/09/2025) | TARCONA MARINE SA (since 04/03/2019)","","False","False","Rosja"
"8826230","GELENDZHIK","Research Vessel","(Rosja)","UFII","","1989","4504","1592","In Service/Commission","YUZHMORGEOLOGIYA JSC","YUZHMORGEOLOGIYA JSC","YUZHMORGEOLOGIYA JSC","Rosjan Maritime Register of Shipping","","7","","","GELENDZHIK (during 1989)","Rosja (during 1992)","0","0","YUZHMORGEOLOGIYA JSC (during 1998)","","False","False","Rosja"
"8724482","YUZHMORGEOLOGIYA","Research Vessel","(Rosja)","UBSZ","","1985","4430","1959","In Service/Commission","YUZHMORGEOLOGIYA JSC","YUZHMORGEOLOGIYA JSC","YUZHMORGEOLOGIYA JSC","May 2020","","10","","","YUZHMORGEOLOGIYA (since 01/10/1985)","Rosja (since 01/01/1992)","0","0","YUZHMORGEOLOGIYA JSC (since 01/01/2001)","","False","False","Rosja"
"9610808","ANATOLY KOLODKIN","Crude Oil Tanker","(Rosja)","UAAA7","","2013","66855","118316","In Service/Commission","SOUTH FLEET LTD","SOUTH FLEET LTD","SOUTH FLEET LTD","Rosjan Maritime Register of Shipping","","8","","","ANATOLY KOLODKIN (since 01/01/2013)","Rosja (since 01/04/2024) | Not Known (since 01/03/2024) | Panama (since 01/12/2023) | Liberia (since 01/01/2013)","3","0","SOUTH FLEET LTD (since 19/11/2025) | SANDOY SHIPPING LTD (since 23/01/2013)","","False","False","Rosja"
"9341067","DF PEAK","Crude Oil Tanker","(Benin False)","UNKNOWN","","2006","57248","110119","In Service/Commission","HONG KONG DING FENG SHIPPING","ZHENG XIN MARINE LTD","ZHENG XIN MARINE LTD","Rosjan Maritime Register of Shipping","","25","","","DF PEAK (since 01/06/2025) | Kaliningrad (since 01/04/2024) | NS Captain (since 01/01/2006)","Benin False (since 01/06/2025) | Rosja (since 01/04/2024) | Gabon (since 01/01/2024) | Liberia (since 01/01/2006)","3","2","HONG KONG DING FENG SHIPPING (since 19/06/2025) | WATERFRONT TANKERS INC (since 10/01/2006)","","False","False","Rosja"
"9904546","ALEKSEY KOSYGIN","LNG Tanker","(Rosja)","UASA7","","2025","127555","88118","In Service/Commission","NOVATEK OAO","NOVATEK OAO","SPG SHIPPING OOO","Rosjan Maritime Register of Shipping","","0","","","ALEKSEY KOSYGIN (since 01/12/2025)","Rosja (since 01/12/2025)","0","0","NOVATEK OAO (since 24/12/2025)","","False","False","Rosja"
"1011551","GRACEFUL","Yacht","(Rosja)","UBGV8","","2014","2685","540","In Service/Commission","ARGUMENT JSC","ARGUMENT JSC","UNKNOWN","August 2022","","0","","","GRACEFUL (since 01/04/2014)","Rosja (since 01/04/2021) | Virgin Islands (U.K) (since 01/04/2014)","1","0","ARGUMENT JSC (since 15/04/2021)","","False","False","Rosja"
"1006960","OLYMPIA","Yacht","(Cayman Islands)","ZCGR","","2002","779","133","In Service/Commission","IRONSTONE MARINE INVESTMENTS","SCF MANAGEMENT SERV-CYP","UNKNOWN","November 2025","","0","","","OLYMPIA (since 01/04/2002)","Cayman Islands (during 2002)","0","0","IRONSTONE MARINE INVESTMENTS (during 2004)","","False","False","Rosja"
"8909331","GRIGORIY MIKHEYEV","Passenger Ship","(Rosja)","UCRE","","1990","1776","566","In Service/Commission","Rosja GOVT","Rosja GOVT HYDROGRAPHIC DEPT","Rosja GOVT HYDROGRAPHIC DEPT","February 2026","","11","","","GRIGORIY MIKHEYEV (during 1990)","Rosja (since 01/07/2012)","0","0","Rosja GOVT (during 06/2012)","","False","False","Rosja"
"7423275","IVAN KIREEV","Research Vessel","(Rosja)","UCYO","","1977","1267","590","In Service/Commission","Rosja GOVT","Rosja GOVT HYDROGRAPHIC DEPT","SLAVYANKA TRANS SERVICE LLC","April 2026","","0","","","IVAN KIREEV (during 1977)","Rosja (during 1992)","0","0","Rosja GOVT HYDROGRAPHIC DEPT (since 01/01/2004) | Rosja GOVT (since 01/01/2004)","","False","False","Rosja"
"8909329","ALEKSEY MARYSHEV","Research Vessel","(Rosja)","UCRD","","1990","1698","798","In Service/Commission","Rosja GOVT","Rosja GOVT HYDROGRAPHIC DEPT","Rosja GOVT HYDROGRAPHIC DEPT","May 2026","","8","","","ALEKSEY MARYSHEV (during 1990)","Rosja (since 01/01/2002)","0","0","Rosja GOVT (during 11/1990)","","False","False","Rosja"
"9912696","YURI BABAEV","Research Vessel","(Rosja)","UBPW4","","2022","291","63","In Service/Commission","Rosja GOVT HYDROGRAPHIC DEPT","Rosja GOVT HYDROGRAPHIC DEPT","UNKNOWN","May 2026","","0","","","YURI BABAEV (since 01/09/2022)","Rosja (since 01/09/2022)","0","0","Rosja GOVT HYDROGRAPHIC DEPT (since 26/09/2022)","","False","False","Rosja"
"9915105","KORYAK FSU","FSO, Gas","(Not Known)","UNKNOWN","","2023","251053","192072","In Service/Commission","ARCTIC TRANSSHIPMENT LLC","ARCTIC TRANSSHIPMENT LLC","ARCTIC TRANSSHIPMENT LLC","Rosjan Maritime Register of Shipping","","0","","","KORYAK FSU (since 01/06/2023)","Not Known (since 01/10/2024) | Panama (since 01/06/2023)","1","0","ARCTIC TRANSSHIPMENT LLC (since 05/09/2023) | KORYAK FSU LTD (since 30/06/2023)","","False","False","Rosja"
"9142588","KUNASHIR","General Cargo Ship","(Rosja)","UBSI9","","1998","6540","9150","In Service/Commission","SAKHALIN SHIPPING CO SASCO","SAKHALIN SHIPPING CO SASCO","SAKHALIN SHIPPING CO SASCO","Rosjan Maritime Register of Shipping","","43","","","KUNASHIR (since 01/07/2012) | Egbert Wagenborg (since 01/11/2003) | MSC Bothnia (since 01/08/2002)","Rosja (since 01/07/2012)","0","2","SAKHALIN SHIPPING CO SASCO (during 07/2012) | SMITH SM (before 11/2009) | WAGENBORG REDERIJ BV (since 01/06/2007)","","False","False","Rosja"
"9358034","SASCO ALDAN","General Cargo Ship","(Rosja)","UBOV4","","2007","9611","12746","In Service/Commission","VOSTOK TRADE INVEST JSC","SAKHALIN SHIPPING CO SASCO","SAKHALIN SHIPPING CO SASCO","Rosjan Maritime Register of Shipping","","64","","","SASCO ALDAN (since 01/03/2021) | Lea Auerbach (since 01/12/2018) | Maple Lea (since 01/03/2018) | BBC Maple Lea (since 01/02/2015) | Maple Lea (since 01/07/2012) | Thorco Horizon (since 01/03/2011) | Beluga Flirtation (since 01/05/2007)","Rosja (since 01/03/2021) | Germany (since 01/03/2021) | Liberia (since 01/12/2018) | Germany (since 01/07/2014) | Antigua and Barbuda (since 01/05/2007) | Germany (since 01/05/2007)","5","6","VOSTOK TRADE INVEST JSC (since 01/02/2022) | SAKHALIN SHIPPING CO SASCO (during 03/2021) | AUERBACH SCHIFF 3 GMBH & CO KG (since 27/06/2014) | BELUGA SHIPPING QS306 GMBH (since 12/05/2007)","","False","False","Rosja"
"9246140","SASCO AVACHA","Container Ship","(Rosja)","UBMO9","","2001","6418","8441","In Service/Commission","KIPSERA ENTERPRISES LTD","SAKHALIN SHIPPING CO SASCO","SAKHALIN SHIPPING CO SASCO","Rosjan Maritime Register of Shipping","","35","","","","","","","","","False","False","Rosja"
"9116632","NARVAL","Crude Oil Tanker","(Rosja)","UBTP7","","1996","56984","105274","In Service/Commission","TRANSFIN-M PC","MG-FLOT LLC","MG-FLOT LLC","April 2026","","24","","","NARVAL (since 01/10/2024) | Polar Rock (since 01/08/2016) | Ce-Merapi (since 01/01/2005)","Rosja (since 01/12/2021) | Rosja (since 01/01/2018) | Not Known (since 01/05/2017) | Liberia (since 01/01/2005)","3","2","TRANSFIN-M PC (since 10/10/2024) | MARINE TRANS SHIPPING LLC (since 27/12/2021) | TRANSFIN-M PC (during 04/2017) | ZENITH MARITIME CORP (during 2001)","","False","False","Rosja"
"8834691","PROFESSOR LOGACHEV","Research Vessel","(Rosja)","UADZ","","1990","4504","1835","In Service/Commission","POLAR MARINE GEOSURVEY","POLAR MARINE GEOSURVEY","POLAR MARINE GEOSURVEY","Rosjan Maritime Register of Shipping","","8","","","PROFESSOR LOGACHEV (during 1990)","Rosja (since 01/01/1992)","0","0","POLAR MARINE GEOSURVEY (before 1997)","","False","False","Rosja"
"9187514","AKADEMIK PRIMAKOV","Research Vessel","(Rosja)","UBCQ4","","1999","8369","4568","In Service/Commission","SMNG JSC","SMNG JSC","SMNG JSC","Rosjan Maritime Register of Shipping","","12","","","AKADEMIK PRIMAKOV (since 01/12/2017)","Rosja (since 01/12/2017) | Not Known (since 01/10/2017)","1","0","SMNG JSC (since 14/07/2017) | SHEARWATER GEOSERVICES ASSETS (since 27/10/2011) | WESTERNGECO LTD (since 01/06/2005)","","False","False","Rosja"
"8504923","PROFESSOR RYABINKIN","Research Vessel","(Rosja)","UAJU","","1989","952","253","Laid-Up","SMNG JSC","SMNG JSC","SMNG JSC","Rosjan Maritime Register of Shipping","","5","","","PROFESSOR RYABINKIN (during 1989)","Rosja (since 01/01/1992)","0","0","SMNG JSC (during 1994)","","False","False","Rosja"
"8409032","ORDOVIK","Research Vessel","(Rosja)","UETM","","1988","3224","1439","In Service/Commission","SMNG JSC","SMNG JSC","SMNG JSC","Rosjan Maritime Register of Shipping","","13","","","ORDOVIK (since 01/07/2025)","Rosja (during 1994)","0","0","SMNG JSC (during 1994)","","False","False","Rosja"
"8408985","AKADEMIK LAZAREV","Research Vessel","(Rosja)","UAJS","","1987","2833","1319","In Service/Commission","SMNG JSC","SMNG JSC","SMNG JSC","Rosjan Maritime Register of Shipping","","21","","","AKADEMIK LAZAREV (during 1987)","Rosja (since 01/01/1992)","0","0","SMNG JSC (during 1994)","","False","False","Rosja"
"9797577","BAKHTEMIR","Salvage Ship","(Rosja)","UBYQ7","","2019","3030","1936","In Service/Commission","Rosja GOVT MIN OF TRANSPORT","Rosja GOVT MIN OF TRANSPORT","Rosja GOVT MARINE RESCUE SERV","Rosjan Maritime Register of Shipping","","1","","","BAKHTEMIR (since 01/06/2019)","Rosja (since 01/05/2024) | Rosja (since 01/06/2019)","1","0","Rosja GOVT MIN OF TRANSPORT (since 28/06/2019)","","False","False","Rosja"
"9572020","BALTIYSKIY ISSLEDOVATEL","Offshore Support Vessel","(Rosja)","UBAQ4","","2013","2503","1214","In Service/Commission","Rosja GOVT MARINE RESCUE SERV","Rosja GOVT MARINE RESCUE SERV","Rosja GOVT MARINE RESCUE SERV","Rosjan Maritime Register of Shipping","","1","","","BALTIYSKIY ISSLEDOVATEL (since 01/09/2017) | Baltic Explorer (since 01/06/2017) | Swissco Venus (since 01/12/2014) | Harkand Harmony (since 01/07/2013) | ASL Harmony (since 01/07/2013)","Rosja (since 01/09/2017) | Malta (since 01/06/2017) | Singapore (since 01/07/2013)","2","4","Rosja GOVT MARINE RESCUE SERV (since 19/10/2017) | SEVNOR MANAGEMENT LLC (since 01/09/2017) | SEVNOR LTD (since 22/06/2017) | INTAN OFFSHORE PTE LTD (since 01/07/2013)","","False","False","Rosja"
"9272412","FINVAL","Offshore Tug/Supply Ship","(Rosja)","UBSU4","","2003","3905","3120","Laid-Up","Rosja GOVT MARINE RESCUE SERV","Rosja GOVT MARINE RESCUE SERV","Rosja GOVT MARINE RESCUE SERV","Rosjan Maritime Register of Shipping","","7","","","FINVAL (since 01/07/2020) | Sayan Duke (since 01/03/2020) | Bourbon Surf (since 01/10/2003) | Havila Surf (since 01/03/2003)","Rosja (since 01/07/2020) | Cyprus (since 01/03/2020) | Bahamas (since 01/01/2016) | Norway (during 2002)","3","3","Rosja GOVT MARINE RESCUE SERV (since 11/08/2020) | SEVNOR MANAGEMENT LLC (during 07/2020) | SEVNOR WEST LTD (since 10/03/2020) | BOURBON SHIPS AS (since 12/12/2007) | BOURBON OFFSHORE II KS (since 21/03/2003)","","False","False","Rosja"
"9624213","IVAN SIDORENKO","Offshore Supply Ship","(Rosja)","UHLC","","2019","5035","3994","In Service/Commission","NOBILITY JSC","NOBILITY JSC","TTM SHIPPING LLC","Rosjan Maritime Register of Shipping","","0","","","IVAN SIDORENKO (since 01/05/2019)","Rosja (since 01/03/2023) | Rosja (since 01/05/2019)","1","0","NOBILITY JSC (since 08/07/2020) | PJSC GAZPROM (since 20/05/2019)","","False","False","Rosja"
"9396854","LAMANTIN","Offshore Support Vessel","(Rosja)","UBNV2","","2008","5974","3782","In Service/Commission","FARVATER LLC","FARVATER LLC","PROGRESSIVE MARINE TECHNOLOGY","Rosjan Maritime Register of Shipping","","14","","","LAMANTIN (since 01/03/2022) | Marlin (since 01/03/2021) | Intervention (since 01/03/2021) | Josh Cb (since 01/11/2020) | Olympic Intervention Iv (since 01/07/2008)","Rosja (since 01/03/2022) | Cyprus (since 01/03/2022) | Rosja (since 01/04/2021) | Cyprus (since 01/03/2021) | Liberia (since 01/03/2021) | Marshall Islands (since 01/11/2020) | Norway (NIS) (since 01/07/2008)","6","4","FARVATER LLC (since 05/03/2022) | OLYMPIC NOR AS (since 11/07/2008)","","False","False","Rosja"
"9682423","MURMAN","Salvage Ship","(Rosja)","UBAN4","","2015","4766","1417","In Service/Commission","Rosja GOVT MIN OF TRANSPORT","Rosja GOVT MIN OF TRANSPORT","Rosja GOVT MARINE RESCUE SERV","May 2026","","0","","","MURMAN (since 01/11/2015)","Rosja (since 01/12/2015) | Rosja (since 01/11/2015)","1","0","Rosja GOVT MIN OF TRANSPORT (since 21/11/2015)","","False","False","Rosja"
"9171876","NARVAL","Offshore Tug/Supply Ship","(Rosja)","UBVQ9","","1998","3125","2784","In Service/Commission","Rosja GOVT MARINE RESCUE SERV","Rosja GOVT MARINE RESCUE SERV","Rosja GOVT MARINE RESCUE SERV","Rosjan Maritime Register of Shipping","","1","","","NARVAL (since 01/06/2018)","Rosja (since 01/06/2018) | Norway (NIS) (since 01/08/2002)","1","0","Rosja GOVT MARINE RESCUE SERV (since 13/06/2018)","","False","False","Rosja"
"9624225","OSTAP SHEREMETA","Offshore Supply Ship","(Rosja)","UBCS9","","2020","5035","4014","In Service/Commission","NOBILITY JSC","NOBILITY JSC","TTM SHIPPING LLC","Rosjan Maritime Register of Shipping","","1","","","OSTAP SHEREMETA (since 01/01/2020)","Rosja (since 01/03/2023) | Rosja (since 01/01/2020)","1","0","NOBILITY JSC (since 26/01/2021) | PJSC GAZPROM (since 30/01/2020)","","False","False","Rosja"
"9157820","SIVUCH","Offshore Tug/Supply Ship","(Rosja)","UBWQ2","","1997","3057","2635","In Service/Commission","Rosja GOVT MARINE RESCUE SERV","Rosja GOVT MARINE RESCUE SERV","Rosja GOVT MARINE RESCUE SERV","Rosjan Maritime Register of Shipping","","2","","","SIVUCH (since 01/06/2018)","Rosja (since 01/06/2018)","0","0","Rosja GOVT MARINE RESCUE SERV (since 21/06/2018)","","False","False","Rosja"
"9497531","SPASATEL KAREV","Salvage Ship","(Rosja)","UBKI6","","2012","2530","1215","In Service/Commission","Rosja GOVT","Rosja GOVT MARINE RESCUE SERV","Rosja GOVT MARINE RESCUE SERV","Rosjan Maritime Register of Shipping","","0","","","SPASATEL KAREV (since 01/11/2012)","Rosja (since 01/03/2013) | Rosja (since 01/11/2012)","1","0","Rosja GOVT (since 01/03/2013) | BALTIC BASU-ST PETERSBURG (since 16/11/2012)","","False","False","Rosja"
"9171620","UMKA","Offshore Tug/Supply Ship","(Rosja)","UBXP5","","1998","3153","3154","Laid-Up","Rosja GOVT MARINE RESCUE SERV","Rosja GOVT MARINE RESCUE SERV","Rosja GOVT MARINE RESCUE SERV","Rosjan Maritime Register of Shipping","","10","","","UMKA (since 01/07/2017) | Sayan Cloudberry (since 01/02/2017)","Rosja (since 01/07/2017) | Cyprus (since 01/06/2017) | Norway (NIS) (since 01/02/2017)","2","1","Rosja GOVT MARINE RESCUE SERV (since 21/07/2017) | SEVNOR LTD (since 13/02/2017) | OLYMPIC AHTS AS (since 09/12/2014) | OLYMPIC SHIP AS (since 11/11/2001)","","False","False","Rosja"
"9310018","ANTEY","Offshore Tug/Supply Ship","(Rosja)","UEKQ","","2006","5871","3867","In Service/Commission","ARDAL JSC","ARDAL JSC","ARDAL JSC","Rosjan Maritime Register of Shipping","","3","","","ANTEY (since 01/11/2022) | Vladislav Strizhov (since 01/03/2006)","Rosja (since 01/03/2006)","0","1","ARDAL JSC (since 24/11/2022) | KOKSOKHIMTRANS LLC (since 09/09/2020) | GAZPROM/GAZPROM NEFT SHELF (during 2010) | GAZPROM NEFT SHELF LLC (since 14/03/2006)","","False","False","Rosja"
"9338230","HERMES","Offshore Tug/Supply Ship","(Rosja)","UFYE","","2006","5871","3949","In Service/Commission","ARDAL JSC","ARDAL JSC","ARDAL JSC","Rosjan Maritime Register of Shipping","","0","","","HERMES (since 01/10/2022) | Yury Topchev (since 01/11/2006)","Rosja (since 01/11/2006)","0","1","ARDAL JSC (since 31/10/2022) | KOKSOKHIMTRANS LLC (since 28/08/2020) | GAZPROM/GAZPROM NEFT SHELF (since 09/02/2009) | GAZPROM NEFT SHELF LLC (since 14/11/2006)","","False","False","Rosja"
"8674156","FORTUNA","Pipe-Layer","(Rosja)","UBDP8","","2010","40978","32219","In Service/Commission","KVT-RUS LLC","KVT-RUS LLC","MORTRANSSERVICE LLC-MOSCOW","Rosjan Maritime Register of Shipping","","2","","","FORTUNA (since 01/04/2025) | Fiona (since 01/12/2024) | Fortuna (since 01/07/2010)","Rosja (since 01/11/2018) | Belize (since 01/11/2016) | Hong Kong, China (since 01/07/2010)","2","2","KVT-RUS LLC (since 18/12/2020) | UNIVERSAL TRANSPORT GROUP LLC (since 02/10/2020) | STRATEGIC MILEAGE LTD (since 01/07/2014)","","False","False","Rosja"
"9690224","MARSHAL ZHUKOV","Chemical/Oil Products Tanker","(Rosja)","UCRP","","2014","4810","6347","In Service/Commission","TRANS-FLOT JSC","TRANS-FLOT JSC","TRANS-FLOT JSC","Rosjan Maritime Register of Shipping","","1","","","Transflot-03 (since 01/08/2014) | MARSHAL ZHUKOV (since 01/08/2014)","Rosja (since 01/08/2014) | Belize (since 01/08/2014)","1","1","TRANS-FLOT JSC (before 11/2019) | TRANSCHART LTD (since 07/08/2014)","","False","False","Rosja"
"9025778","NORD","Pusher Tug","(Rosja)","UBFX4","","1976","722","114","In Service/Commission","TRANSPETROCHART LLC","TRANSPETROCHART LLC","TRANSPETROCHART LLC","Rosjan Maritime Register of Shipping","","0","","","NORD (since 01/04/2022)","Rosja (since 01/12/1976)","0","0","TRANSPETROCHART LLC (since 30/12/1976)","","False","False","Rosja"
"8523242","PASSAT","Tug","(Rosja)","UBIQ","","1983","333","508","In Service/Commission","TRANSPETROCHART LLC","TRANSPETROCHART LLC","UNKNOWN","","","0","","","PASSAT (during 2003)","Rosja (since 01/01/2003)","0","0","TRANSPETROCHART LLC (since 09/06/2011) | BALTIC FLEET LLC (during 2003) | AMBERHOLDING LATVIA (during 07/2001)","","False","False","Rosja"
"9735335","SIG","Chemical/Oil Products Tanker","(Rosja)","UDKP","","2014","4754","6619","In Service/Commission","UGRA-LEASING LLC","JSC SOVFRACHT","JSC SOVFRACHT","Rosjan Maritime Register of Shipping","","5","","","SIG (since 01/06/2014)","Rosja (since 01/06/2014)","0","0","UGRA-LEASING LLC (since 16/07/2014) | TRANSPETROCHART LLC (since 25/06/2014)","","False","False","Rosja"
"9690212","STALINGRAD","Chemical/Oil Products Tanker","(Rosja)","UAFH","","2014","4810","6360","In Service/Commission","TRANS-FLOT/VLADIMIROVICH PV","TRANS-FLOT JSC","TRANS-FLOT JSC","Rosjan Maritime Register of Shipping","","5","","","Transflot-02 (since 01/03/2014) | STALINGRAD (since 01/03/2014)","Rosja (since 01/04/2014) | Belize (since 01/04/2014) | Rosja (since 01/03/2014) | Belize (since 01/03/2014)","3","1","TRANS-FLOT/VLADIMIROVICH PV (since 03/10/2019) | TRANSCHART LTD (since 26/03/2014)","","False","False","Rosja"
"8943155","SUDAK","Oil Products Tanker","(Rosja)","UBGG9","","1968","4045","5100","In Service/Commission","TRANSPETROCHART LLC","TRANSPETROCHART LLC","UNKNOWN","","","0","","","SUDAK (since 01/01/2006)","Rosja (during 1968)","0","0","","","False","False","Rosja"
"9735323","YAZ","Chemical/Oil Products Tanker","(Rosja)","UBDM9","","2014","4754","6619","In Service/Commission","JSC SOVFRACHT","JSC SOVFRACHT","JSC SOVFRACHT","Rosjan Maritime Register of Shipping","","3","","","YAZ (since 01/10/2014)","Rosja (since 01/01/2015) | Rosja (since 01/10/2014)","1","0","JSC SOVFRACHT (since 11/06/2025) | TRANSPETROCHART LLC (since 29/10/2014)","","False","False","Rosja"
"1010648","SEA RHAPSODY","Yacht","(Malaysia)","9M2864","","2012","1503","0","In Service/Commission","SOLSTON SHIPPING LTD-BZE","SOLSTON SHIPPING LTD-BZE","UNKNOWN","January 2026","","3","","","SEA RHAPSODY (since 01/04/2012)","Malaysia (since 01/10/2022) | Not Known (since 01/03/2022) | Marshall Islands (since 01/07/2016) | Cayman Islands (since 01/04/2012)","3","0","SOLSTON SHIPPING LTD-BZE (since 02/03/2022)","","False","False","Rosja"
"9385233","BAYAZE D","Bulk Carrier","(Not Known)","UNKNOWN","","2009","11767","18908","In Service/Commission","LADOM SHIPPING LTD","LADOM SHIPPING LTD","LADOM SHIPPING LTD","Registro Italiano Navale (IACS)","","30","","","BAYAZE D (since 01/09/2025) | Monte Bianco (since 01/01/2025) | San Severus (since 01/10/2023) | Finikia (since 01/09/2009) | Gullwing (since 01/03/2009) | Sider Black (since 01/02/2009)","Not Known (since 01/02/2026) | Togo (since 01/10/2025) | Timor Leste FALSE (since 01/06/2025) | Gambia (since 01/01/2025) | Eswatini FALSE (since 01/12/2023) | Syrian Arab Republic (since 01/09/2009) | Marshall Islands (since 01/03/2009) | Italy (since 01/02/2009)","7","5","LADOM SHIPPING LTD (since 16/10/2025) | BAYAZE SHIPPING LTD (since 01/09/2025) | LEVANT FLEET LLC-FZ (since 24/01/2025) | ALHOUDA HOLDING LTD (since 23/10/2023) | SYRIAMAR (since 01/09/2009) | SIDER NAVI SPA (since 05/02/2009)","","False","False","Rosja"
"9274331","SAN DAMIAN","General Cargo Ship","(Eswatini FALSE)","UNKNOWN","","2004","9611","12716","In Service/Commission","ALHOUDA HOLDING LTD","ALHOUDA HOLDING LTD","LEVANT FLEET LTD","November 2024","","43","","","SAN DAMIAN (since 01/09/2023) | Souria (since 01/12/2007) | BBC California (since 01/06/2004) | Ostkap Carrier (during 2004)","Eswatini FALSE (since 01/12/2023) | Syrian Arab Republic (since 01/12/2007) | Germany (since 01/12/2007) | Antigua and Barbuda (since 01/01/2005) | Germany (since 01/01/2005) | Antigua and Barbuda (since 01/06/2004) | Germany (since 01/06/2004)","6","3","ALHOUDA HOLDING LTD (since 14/09/2023) | SYRIAMAR (since 01/12/2007) | OSTKAP CARRIER KG (since 01/01/2005)","","False","False","Rosja"
"8846814","MUSA JALIL","General Cargo Ship","(Rosja)","UBLI5","","1989","2554","3105","In Service/Commission","VTS-BROKER LLC","VTS-BROKER LLC","VTS-BROKER LLC","Rosjan Maritime Register of Shipping","","50","","","MUSA JALIL (since 01/12/2018) | Crystal (since 01/05/2012) | Laima (since 01/05/2001)","Rosja (since 01/09/2017) | St.Kitts and Nevis (since 01/08/2017) | Rosja (since 01/06/2012) | St.Kitts and Nevis (since 01/05/2012) | Cyprus (since 01/06/2001)","4","2","VTS-BROKER LLC (since 07/09/2017)","","False","False","Rosja"
"8943210","BEGEY","General Cargo Ship","(Rosja)","UDZQ","","1985","1745","1648","In Service/Commission","VADIMOVICH SD","ARAPAX LLC","ARAPAX LLC","Rosjan Maritime Register of Shipping","","23","","","BEGEY (during 1985)","Rosja (during 2004) | Rosja (since 01/09/2001)","1","0","VADIMOVICH SD (since 16/06/2017) | VTS-BROKER LLC (since 01/01/2004)","","False","False","Rosja"
"8889385","OMSKIY","General Cargo Ship","(Rosja)","UGDX","","1978","2458","3283","In Service/Commission","SEA RIVER SERVICE LLC","SEA RIVER SERVICE LLC","SEA RIVER SERVICE LLC","Rosjan Maritime Register of Shipping","","38","","","OMSKIY-103 (since 01/07/2019)","Rosja (since 01/07/2019) | Dominica (since 01/04/2019) | Togo (since 01/12/2018)","2","0","SEA RIVER SERVICE LLC (since 04/07/2019) | BERWICK GLOBAL CORP SA (since 10/12/2018) | ERMA SHIPPING CO LTD (since 27/10/2016) | M-PORT CO LTD (since 25/10/2012) | BOYCHENKO SP (during 05/2005)","","False","False","Rosja"
"8611221","NADEZHDA","General Cargo Ship","(Rosja)","UBXS8","","1989","1984","3632","In Service/Commission","KOSTER LLC","KUBAN MARINE COMPANY LLC","KUBAN MARINE COMPANY LLC","January 2024","","70","","","NADEZHDA (since 01/07/2019) | Whiskey Trio (since 01/12/2014) | Tahsin (since 01/02/2014) | Thamesteel 1 (since 01/02/2008) | Boklum (since 01/08/2002)","Rosja (since 01/07/2019) | Panama (since 01/02/2014) | Marshall Islands (since 01/02/2008) | Germany (since 01/02/2008) | Antigua and Barbuda (since 01/01/2004)","4","4","KOSTER LLC (since 24/09/2019) | HAT MARINE SERVICES LLC (since 01/02/2008)","","False","False","Rosja"
"8948167","MEZHDURECHENSK","General Cargo Ship","(Rosja)","UAAX2","","1966","1914","2072","In Service/Commission","RIVER-SEA SHIPPING AGENCY","RIVER-SEA SHIPPING AGENCY","UNKNOWN","November 2025","","0","","","MEZHDURECHENSK (during 1966)","Rosja (since 01/06/2006)","0","0","","","False","False","Rosja"
"7919781","USKO MFU","General Cargo Ship","(Cameroon)","TJM0080","","1982","2654","2850","In Service/Commission","USKO SHIPPING CO LTD","USKO SHIPPING CO LTD","IYEM ASYA NAKLIYAT VE TICARET","July 2024","","46","","","USKO MFU (since 01/12/2021) | Med Voyager (since 01/09/2018) | Sveti Duje (since 01/01/2004)","Cameroon (since 01/10/2022) | Equatorial Guinea (since 01/12/2021) | Sierra leone (since 01/05/2021) | Panama (since 01/04/2017) | St Vincent and Grenadines (since 01/08/2016) | Croatia (since 01/01/2004)","5","2","USKO SHIPPING CO LTD (since 26/03/2024) | MED VOYAGER SHIPPING INC (since 07/09/2018) | COREX SHIPPING LTD (during 01/2004)","","False","False","Rosja"
"9720263","ZAFAR","Bulk Carrier","(Rosja)","UBKZ6","","2015","24198","37300","In Service/Commission","AM ASIA M6 LTD","SALMI SHIPMANAGEMENT LLC","SALMI SHIPMANAGEMENT LLC","Rosjan Maritime Register of Shipping","","34","","","ZAFAR (since 01/09/2023) | Am Theseus (since 01/06/2023) | Am Kirillov (since 01/05/2023) | Wl Kirillov (since 01/07/2019) | Summit (since 01/08/2015) | Nordic Melbourne (since 01/02/2015)","Rosja (since 01/08/2025) | Palau (Republic of) (since 01/08/2025) | Rosja (since 01/06/2024) | Palau (Republic of) (since 01/06/2024) | Rosja (since 01/09/2023) | Panama (since 01/05/2022) | Malta (since 01/07/2019) | Marshall Islands (since 01/08/2015)","7","5","AM ASIA M6 LTD (since 04/12/2020) | GRAVELOR SHIPPING LTD (since 31/07/2019) | CVI SUMMIT LLC (since 12/08/2015)","","False","False","Rosja"
"9715270","ZAID","Bulk Carrier","(Rosja)","UBKZ5","","2015","24198","37349","In Service/Commission","AM ASIA M5 LTD","SALMI SHIPMANAGEMENT LLC","SALMI SHIPMANAGEMENT LLC","Rosjan Maritime Register of Shipping","","35","","","ZAID (since 01/09/2023) | Am Calypso (since 01/06/2023) | Am Totma (since 01/05/2023) | Wl Totma (since 01/07/2019) | Alpine (since 01/01/2015) | Nordic Sydney (since 01/11/2014)","Rosja (since 01/02/2026) | Palau (Republic of) (since 01/02/2026) | Rosja (since 01/06/2024) | Palau (Republic of) (since 01/06/2024) | Rosja (since 01/09/2023) | Panama (since 01/05/2022) | Malta (since 01/07/2019) | Marshall Islands (since 01/01/2015) | Isle of Man (since 01/11/2014)","8","5","AM ASIA M5 LTD (since 25/06/2024) | SALMI SHIPMANAGEMENT LLC (since 15/09/2023) | RPTD SOLD UNDISCLOSED INTEREST (since 23/08/2023) | AM ASIA M5 LTD (since 07/12/2020) | CVI ALPINE LLC (since 08/01/2015) | NORDIC HAMBURG SHIPPING NHS (since 15/11/2014)","","False","False","Rosja"
"9419084","IRKUTSK","General Cargo Ship","(Rosja)","UBWY6","","2007","6619","10407","In Service/Commission","NIKA SHIPPING LLC","NIKA SHIPPING LLC","KRECHET LLC","Rosjan Maritime Register of Shipping","","35","","","IRKUTSK (since 01/05/2025) | Alfa M (since 01/06/2023) | Alpha (since 01/05/2023) | Salvinia (since 01/05/2013) | St. Zoya (since 01/04/2007) | Laneia (since 01/11/2006)","Rosja (since 01/05/2023) | St.Kitts and Nevis (since 01/04/2023) | Liberia (since 01/11/2006)","2","5","NIKA SHIPPING LLC (since 15/06/2025) | ASTON SHIPTRADE CORP (since 26/04/2023)","","False","False","Rosja"
"9256602","ARCTIC PIONEER","LNG Tanker","(Rosja)","UATD6","","2005","93786","77712","In Service/Commission","ZARA SHIPHOLDING CO","SMP TECHMANAGEMENT LLC","SMP TECHMANAGEMENT LLC","Rosjan Maritime Register of Shipping","","23","","","ARCTIC PIONEER (since 01/09/2025) | Sputnik Energy (since 01/01/2025) | Pioneer (since 01/04/2024) | Pioneer Spirit (since 01/06/2022) | LNG Pioneer (since 01/07/2005)","Rosja (since 01/09/2025) | Sint Maarten False (since 01/01/2025) | Palau (Republic of) FALSE (since 01/10/2024) | Palau (Republic of) (since 01/04/2024) | Singapore (since 01/06/2022) | Bahamas (since 01/07/2005)","5","4","ZARA SHIPHOLDING CO (since 11/04/2024) | XIANG CH30 SG INTERNATIONAL (since 01/08/2021) | M&S SHIPPING 3 SA (since 01/04/2013) | LOMBARD CORPORATE JUNE 1 (since 01/07/2005)","","False","False","Rosja"
"9216298","ARCTIC VOSTOK","LNG Tanker","(Rosja)","UAOD7","","2002","114354","79885","In Service/Commission","LULE ONE SERVICES INC","SMP TECHMANAGEMENT LLC","SMP TECHMANAGEMENT LLC","Rosjan Maritime Register of Shipping","","22","","","ARCTIC VOSTOK (since 01/06/2025) | East Energy (since 01/11/2024) | Asya Energy (since 01/05/2024) | Trader IV (since 01/10/2023) | LNG Rivers (since 01/06/2002)","Rosja (since 01/08/2025) | Sint Maarten False (since 01/11/2024) | Palau (Republic of) FALSE (since 01/10/2024) | Palau (Republic of) (since 01/05/2024) | Liberia (since 01/10/2023) | Bermuda (during 2002)","5","4","LULE ONE SERVICES INC (since 13/05/2024) | AEGEUS GAS CARRIER CORP (since 05/10/2023) | BONNY GAS TRANSPORT LTD (during 2002)","","False","False","Rosja"
"9431977","FEDOR","Bulk Carrier","(Rosja)","UBSW5","","2007","6699","9517","In Service/Commission","ANSHIP LLC","ANSHIP LLC","ANSHIP LLC","Rosjan Maritime Register of Shipping","","37","","","FEDOR (since 01/10/2021) | Rita Br (since 01/09/2007) | Rita B (since 01/08/2007)","Rosja (since 01/10/2021) | Italy (since 01/08/2007) | Belize (since 01/08/2007)","2","2","ANSHIP LLC (since 13/10/2021) | BARONE SHIPPING CO SPA (since 08/07/2009) | INTERNATIONAL FONGYUEN SHPG (since 02/08/2007)","","False","False","Rosja"
"9953523","IRIS","LNG Tanker","(Rosja)","UADC7","","2024","115519","88809","In Service/Commission","LNG GAMMA SHIPPING PTE LTD","ELEGEST OOO","ELEGEST OOO","Rosjan Maritime Register of Shipping","","1","","","IRIS (since 01/04/2025) | North Sky (since 01/04/2024) | North Star (since 01/02/2024)","Rosja (since 01/12/2024) | Panama (since 01/04/2024) | Singapore (since 01/02/2024)","2","2","LNG GAMMA SHIPPING PTE LTD (since 01/02/2024)","","False","False","Rosja"
"9243148","ARCTIC METAGAZ","LNG Tanker","(Rosja)","UAFC8","","2003","93844","77551","Total Loss","LATHYRUS SHIPPING CO","OCEAN SPEEDSTAR SOLUTIONS OPC","UNKNOWN","Rosjan Maritime Register of Shipping","","89","","","ARCTIC METAGAZ (since 01/04/2025) | Metagas Everest (since 01/10/2024) | Everest Energy (since 01/05/2024) | Metagas Everest (since 01/09/2023) | BW Everett (since 01/05/2018) | BW Gdf Suez Everett (since 01/05/2013) | BW Suez Everett (since 01/06/2008) | Berge Everett (since 01/06/2003)","Rosja (since 01/04/2025) | Curacao False (since 01/09/2024) | Palau (Republic of) (since 01/05/2024) | Liberia (since 01/04/2024) | Singapore (since 01/09/2023) | Liberia (since 01/09/2023) | Singapore (since 01/06/2014) | Norway (NIS) (since 01/06/2003)","7","7","LATHYRUS SHIPPING CO (since 28/05/2024) | EVERETT LNG PTE LTD (since 27/06/2014) | BW LNG AS (during 2003)","","False","False","Rosja"
"9953509","BURAN","LNG Tanker","(Rosja)","UADC4","","2023","115519","88636","In Service/Commission","LNG ALPHA SHIPPING PTE LTD","ANGARA OOO","ANGARA OOO","Rosjan Maritime Register of Shipping","","0","","","BURAN (since 01/04/2025) | North Air (since 01/10/2023) | Samsung 2580 (since 01/10/2023)","Rosja (since 01/01/2025) | Panama (since 01/04/2024) | Singapore (since 01/10/2023)","2","2","LNG ALPHA SHIPPING PTE LTD (since 23/10/2023)","","False","False","Rosja"
"9953511","VOSKHOD","LNG Tanker","(Rosja)","UADC5","","2023","115519","88798","In Service/Commission","LNG BETA SHIPPING PTE LTD","IGARKA OOO","IGARKA OOO","Rosjan Maritime Register of Shipping","","1","","","VOSKHOD (since 01/05/2025) | North Mountain (since 01/12/2023)","Rosja (since 01/05/2025) | Not Known (since 01/01/2025) | Panama (since 01/02/2024) | Singapore (since 01/12/2023)","3","1","LNG BETA SHIPPING PTE LTD (since 20/12/2023)","","False","False","Rosja"
"9953535","ZARYA","LNG Tanker","(Rosja)","UADC6","","2024","115519","88709","In Service/Commission","KANTAT OOO","KANTAT OOO","KANTAT OOO","Rosjan Maritime Register of Shipping","","0","","","ZARYA (since 01/05/2025) | North Way (since 01/04/2024) | North Wind (since 01/03/2024)","Rosja (since 01/05/2025) | Not Known (since 01/12/2024) | Panama (since 01/04/2024) | Singapore (since 01/03/2024)","3","2","KANTAT OOO (since 02/05/2025) | LNG DELTA SHIPPING PTE LTD (since 20/03/2024)","","False","False","Rosja"
"9550137","MATROS KOSHKA","Bulk Carrier","(Rosja)","UBWW4","","2009","17039","28434","In Service/Commission","CRANE MARINE CONTRACTOR LLC","CRANE MARINE CONTRACTOR LLC","UNKNOWN","April 2026","","41","","","MATROS KOSHKA (since 01/12/2021) | Amira Ilham (since 01/11/2020) | Fair Winds (since 01/09/2009)","Rosja (since 01/12/2021) | Barbados (since 01/11/2020) | Bahamas (since 01/09/2009)","2","2","CRANE MARINE CONTRACTOR LLC (since 09/12/2021) | ILHAM SHIPPING CO (during 11/2020) | LEGENDA MARITIME/KOTOKU KAIUN (since 01/05/2011) | LEGENDA MARITIME SA (since 11/09/2009)","","False","False","Rosja"
"9385879","GRUMANT","Bulk Carrier","(Rosja)","UFCK","","2006","15868","23278","In Service/Commission","MURMANSK SHIPPING CO","BALTIC FREIGHT GROUP LTD","BALTIC FREIGHT GROUP LTD","Rosjan Maritime Register of Shipping","","33","","","Cooperation (since 01/08/2006) | GRUMANT (since 01/08/2006)","Rosja (since 01/01/2026) | Rosja (since 01/08/2006)","1","1","MURMANSK SHIPPING CO (since 01/11/2006) | NW MARINE ENGINEERING LTD (since 25/08/2006)","","False","False","Rosja"
"9515539","MIKHAIL NENASHEV","Bulk Carrier","(Rosja)","UBYW5","","2009","17018","28419","In Service/Commission","CRANE MARINE CONTRACTOR LLC","CRANE MARINE CONTRACTOR LLC","CRANE MARINE CONTRACTOR LLC","May 2026","","56","","","MIKHAIL NENASHEV (since 01/12/2021) | Targa (since 01/09/2021) | Atlantic Diana (since 01/05/2009)","Rosja (since 01/12/2021) | Liberia (since 01/09/2021) | Panama (since 01/05/2009)","2","2","CRANE MARINE CONTRACTOR LLC (since 23/12/2021) | PROCEED SHIPPING SA (since 11/05/2009)","","False","False","Rosja"
"9574195","MATROS SHEVCHENKO","Bulk Carrier","(Rosja)","UBJY4","","2011","17019","28378","In Service/Commission","CRANE MARINE CONTRACTOR LLC","CRANE MARINE CONTRACTOR LLC","CRANE MARINE CONTRACTOR LLC","May 2026","","49","","","MATROS SHEVCHENKO (since 01/02/2023) | Maria Gs (since 01/10/2018) | Prinsesa Sirena (since 01/01/2011)","Rosja (since 01/02/2023) | Liberia (since 01/10/2018) | Panama (since 01/10/2018) | Philippines (since 01/01/2011) | Panama (since 01/01/2011)","4","2","CRANE MARINE CONTRACTOR LLC (since 09/02/2023) | RIVER SERVICES SA (before 10/2018) | LANTANA MARITIME SA (since 01/02/2011)","","False","False","Rosja"
"9573816","MATROS POZYNICH","Bulk Carrier","(Rosja)","UBBX5","","2010","17025","28351","In Service/Commission","CRANE MARINE CONTRACTOR LLC","CRANE MARINE CONTRACTOR LLC","CRANE MARINE CONTRACTOR LLC","May 2026","","46","","","MATROS POZYNICH (since 01/02/2022) | Tramontana (since 01/01/2018) | Shunwa (since 01/08/2010)","Rosja (since 01/02/2022) | Marshall Islands (since 01/01/2018) | Panama (since 01/08/2010)","2","2","CRANE MARINE CONTRACTOR LLC (since 08/02/2022) | WAKOH PANAMA SA (since 01/08/2010)","","False","False","Rosja"
"8915299","DAMAS WAVE","Bulk Carrier","(St.Kitts and Nevis)","V4MJ7","","1989","8414","14339","In Service/Commission","DAMAS WAVE SHIPPING CO","PHOENICIA MARINE LLC SA","PHOENICIA MARINE LLC SA","May 2026","","98","","","DAMAS WAVE (since 01/04/2024) | Golden Yara (since 01/10/2021) | Hai Van Xanh 01 (since 01/06/2020) | My Vuong 1 (since 01/05/2020) | My Vuong (since 01/09/2004)","St.Kitts and Nevis (since 01/05/2026) | Comoros (since 01/10/2021) | Vietnam (since 01/09/2004)","2","4","DAMAS WAVE SHIPPING CO (since 10/04/2024) | MIR SHIPPING CO LTD (since 01/10/2021) | NGOI SAO SHIPPING CO LTD (since 15/05/2020) | VINASHIP JSC (during 09/2004)","","False","False","Rosja"
"9324277","NOVA ENERGY","LNG Tanker","(Guyana False)","UNKNOWN","","2007","100253","85602","In Service/Commission","VERIDIAN SHIPPING LTD","AVISION SHIPPING SERVICES PVT","AVISION SHIPPING SERVICES PVT","Korean Register (IACS)","","34","","","NOVA ENERGY (since 01/08/2024) | New Energy (since 01/06/2024) | Neo Energy (since 01/02/2007)","Guyana False (since 01/05/2026) | Sint Maarten False (since 01/01/2026) | Not Known (since 01/03/2025) | Panama (since 01/08/2024) | Palau (Republic of) (since 01/06/2024) | Liberia (since 01/04/2007) | Greece (since 01/02/2007)","6","2","VERIDIAN SHIPPING LTD (since 29/08/2024) | GOTIK SHIPPING CO (since 03/06/2024) | SEA OPTIMA SA (since 06/02/2007)","","False","False","Rosja"
"9864837","ARCTIC MULAN","LNG Tanker","(Rosja)","UAFC7","","2024","54836","44737","In Service/Commission","ZINNIA INTERNATIONAL CO","SMP TECHMANAGEMENT LLC","SMP TECHMANAGEMENT LLC","Rosjan Maritime Register of Shipping","","0","","","ARCTIC MULAN (since 01/04/2025) | Mulan (since 01/05/2024) | Mulan Spirit (since 01/04/2024)","Rosja (since 01/04/2025) | Not Known (since 01/03/2025) | Panama (since 01/08/2024) | Palau (Republic of) (since 01/05/2024) | Singapore (since 01/04/2024)","4","2","ZINNIA INTERNATIONAL CO (since 29/08/2024) | FULDA SHIPPING CO (since 15/05/2024)","","False","False","Rosja"
"9296781","KRASNODAR","Bulk Carrier","(Rosja)","UBDY2","","2005","25531","46412","In Service/Commission","KUBAN MARINE COMPANY LLC","KUBAN MARINE COMPANY LLC","KUBAN MARINE COMPANY LLC","Rosjan Maritime Register of Shipping","","60","","","KRASNODAR (since 01/09/2022) | New Hunter (since 01/07/2015) | Ramada Queen (since 01/06/2005)","Rosja (since 01/09/2022) | Panama (since 01/06/2005)","1","2","KUBAN MARINE COMPANY LLC (since 14/09/2022) | PRIMAVERA MONTANA SA (since 22/06/2005)","","False","False","Rosja"
"9955894","ROSTRUM HEDONIST","Bulk Carrier","(Liberia)","5LHD5","","2023","44574","82178","In Service/Commission","ROSTRUM HEDONIST LTD","H VOGEMANN REEDEREI SERV","AVB SHIP MANAGEMENT GMBH","May 2026","","6","","","ROSTRUM HEDONIST (since 01/04/2023)","Liberia (since 01/10/2023) | Oman (since 01/10/2023) | Liberia (since 01/04/2023)","2","0","ROSTRUM HEDONIST LTD (since 30/10/2023) | HEDONIST SHIPPING LTD (since 06/04/2023)","","False","False","Rosja"
"9114476","BOMUSTAFA O","Bulk Carrier","(Panama)","3E3715","","1995","14599","24173","In Service/Commission","ALVION MARITIME LTD","TOWER SHIPPING LLC","TOWER SHIPPING LLC","May 2026","","87","","","BOMUSTAFA O (since 01/09/2022) | Allegra (since 01/07/2016) | Marina K (since 01/08/2010)","Panama (since 01/09/2022) | Liberia (since 01/12/2011) | Malta (since 01/08/2010)","2","2","ALVION MARITIME LTD (since 07/09/2022)","","False","False","Rosja"
"8647866","LAVRENTIOS","Passenger/Ro-Ro Ship (vehicles)","(Rosja)","UBXN7","","2010","2734","260","In Service/Commission","OBL-SHIPPING LLC","OBL-SHIPPING LLC","OBL-SHIPPING LLC","Rosjan Maritime Register of Shipping","","2","","","LAVRENTIOS (since 01/06/2015) | Agios Lavrentios (during 2010)","Rosja (since 01/07/2015) | Belize (since 01/06/2015) | Greece (during 2010)","2","1","OBL-SHIPPING LLC (since 22/07/2022)","","False","False","Rosja"
"9077563","KAPITAN MIRONOV","General Cargo Ship","(Rosja)","UBWN6","","1995","4998","4618","In Service/Commission","SILVERO SHIPPING LTD","BALTIC FREIGHT GROUP LTD","BALTIC FREIGHT GROUP LTD","Rosjan Maritime Register of Shipping","","48","","","KAPITAN MIRONOV (during 1995)","Rosja (since 01/02/2017) | Marshall Islands (since 01/02/2017) | Malta (since 01/08/2015) | Rosja (since 01/08/2015)","3","0","SILVERO SHIPPING LTD (during 02/2017)","","False","False","Rosja"
"9481910","PORT OLYA","General Cargo Ship","(Rosja)","UHEQ","","2011","4878","5185","In Service/Commission","MG-FLOT LLC","MG-FLOT LLC","MG-FLOT LLC","Rosjan Maritime Register of Shipping","","15","","","PORT OLYA-3 (since 01/12/2014) | Ucf-4 (since 01/09/2011)","Rosja (since 01/11/2014) | Barbados (since 01/09/2011)","1","1","MG-FLOT LLC (since 01/07/2022) | UCF EUROPE LLC (during 05/2014)","","False","False","Rosja"
"8326058","STK","General Cargo Ship","(Rosja)","UBEL","","1983","1408","1460","In Service/Commission","REMOTE MARINE TERMINAL LLC","REMOTE MARINE TERMINAL LLC","REMOTE MARINE TERMINAL LLC","November 2025","","13","","","STK-1003 (during 1983)","Rosja (during 1991)","0","0","","","False","False","Rosja"
"8521880","STK","General Cargo Ship","(Rosja)","UEKG","","1985","1408","1460","In Service/Commission","REMOTE MARINE TERMINAL LLC","REMOTE MARINE TERMINAL LLC","REMOTE MARINE TERMINAL LLC","Rosjan Maritime Register of Shipping","","23","","","STK-1016 (during 1985)","Rosja (since 01/01/1992)","0","0","","","False","False","Rosja"
"8877241","RM 3","General Cargo Ship","(Rosja)","UBEN8","","1983","2193","3221","In Service/Commission","BRIMWELL INTER LTD","RIVER SEA MANAGEMENT CO LTD","UNKNOWN","May 2026","","24","","","RM 3 (since 01/11/2012)","Rosja (since 01/11/2012) | Panama (since 01/07/2012) | Belize (since 01/06/2000)","2","0","BRIMWELL INTER LTD (since 01/11/2012)","","False","False","Rosja"
"8407230","ANT","General Cargo Ship","(Rosja)","UAFS","","1985","1298","1537","In Service/Commission","BALTIC TRACT LLC","BALTIC TRACT LLC","UNKNOWN","November 2025","","42","","","ANT (since 01/04/2010)","Rosja (since 01/01/2026) | Rosja (since 01/02/2012) | St Vincent and Grenadines (since 01/04/2010) | Germany (since 01/04/2010) | Antigua and Barbuda (since 01/12/2005)","4","0","BALTIC TRACT LLC (since 12/01/2026) | PETROKHLEB-KUBAN LLC (since 01/12/2019) | UVAS-TRANS LTD (before 05/2017)","","False","False","Rosja"
"9136785","SWORD LION","General Cargo Ship","(Turkey)","TCA7128","","1996","18108","27919","In Service/Commission","GITAS GEMI VE DENIZCILIK AS","GITAS GEMI VE DENIZCILIK AS","SEALIFE DENIZCILIK LTD STI","Turk Loydu (IACS)","","97","","","SWORD LION (since 01/05/2022) | Lion (since 01/02/2012) | Sanko Eternal (since 01/07/2004)","Turkey (since 01/09/2022) | Panama (since 01/02/2012) | Liberia (since 01/06/2004)","2","2","GITAS GEMI VE DENIZCILIK AS (since 19/09/2022) | ALR SHIPPING & FOREIGN TRADE (since 27/05/2022) | RED CASTOR CORP (since 11/02/2012)","","False","False","Rosja"
"8226428","SORMOVSKIY","General Cargo Ship","(Rosja)","UBTS9","","1983","2466","3346","In Service/Commission","KUBAN MARINE COMPANY LLC","KUBAN MARINE COMPANY LLC","KUBAN MARINE COMPANY LLC","May 2026","","46","","","","","","","","","False","False","Rosja"
"8602957","VERA","General Cargo Ship","(Rosja)","UBZR3","","1985","1950","2871","In Service/Commission","PETROKHLEB-KUBAN LLC","PETROKHLEB-KUBAN LLC","KUBAN MARINE COMPANY LLC","March 2024","","53","","","VERA (since 01/07/2019) | Lady Ay (since 01/03/2012) | Alperen (since 01/07/2008) | Ariel S (since 01/10/2005)","Rosja (since 01/07/2019) | Not Known (since 01/04/2019) | Panama (since 01/03/2012) | Georgia (since 01/06/2009) | Panama (since 01/06/2009) | Panama (since 01/07/2008) | Belize (since 01/10/2005)","6","3","PETROKHLEB-KUBAN LLC (since 27/02/2019)","","False","False","Rosja"
"7812945","KHODR BEY","Passenger/Ro-Ro Ship (vehicles)","(Not Known)","UNKNOWN","","1979","8485","3295","In Service/Commission","DARWICH KZ","MED STAR SHIPPING SA","UNKNOWN","May 2026","","47","","","KHODR BEY (since 01/01/2026) | Garakac (since 01/01/2021) | Lider Baykan (since 01/10/2018) | Azov (since 01/07/2015) | Rainbow (since 01/02/2014)","Not Known (since 01/03/2026) | Guinea-Bissau (since 01/01/2026) | Cameroon (since 01/10/2022) | Sao Tome & Principe FALSE (since 01/01/2021) | Comoros (since 01/09/2020) | Togo (since 01/10/2018) | Palau (Republic of) (since 01/06/2014)","6","4","DARWICH KZ (since 09/01/2026) | BLUELINE SHIPPING CO LTD (since 02/10/2018) | CENK GEMI ISLETMECILIGI AS (since 03/08/2004)","","False","False","Rosja"
"9103817","BORIS KUSTODIEV","General Cargo Ship","(Rosja)","UFZX","","1994","1484","2693","In Service/Commission","MG-FLOT LLC","MG-FLOT LLC","MG-FLOT LLC","Rosjan Maritime Register of Shipping","","30","","","BORIS KUSTODIEV (since 01/09/2018) | Alikber Pashaev (since 01/05/2010) | Alikber (since 01/10/2006)","Rosja (since 01/02/2021) | Rosja (since 01/09/2018) | Rosja (since 01/10/2006)","2","2","MG-FLOT LLC (since 21/07/2022) | TRANSFIN-M PC (since 19/09/2018) | CLASSIC CO LTD (since 01/10/2006)","","False","False","Rosja"
"9481934","PORT OLYA","General Cargo Ship","(Rosja)","UDHW","","2014","4878","5185","Total Loss","MG-FLOT LLC","MG-FLOT LLC","MG-FLOT LLC","Rosjan Maritime Register of Shipping","","17","","","PORT OLYA-4 (since 01/08/2017) | Ucf-6 (since 01/12/2014)","Rosja (since 01/08/2017) | Moldova (since 01/12/2014)","1","1","MG-FLOT LLC (since 01/07/2022) | TRANSFIN-M PC (during 08/2017) | INTERNATIONAL BUSINESS FINANCE (since 26/12/2014)","","False","False","Rosja"
"8606616","KOMPOZITOR RAKHMANINOV","Ro-Ro Cargo Ship","(Rosja)","UCXW","","1986","6894","4673","In Casualty Or Repairing","MG-FLOT LLC","MG-FLOT LLC","MG-FLOT LLC","Rosjan Maritime Register of Shipping","","21","","","KOMPOZITOR RAKHMANINOV (since 01/01/2000)","Rosja (during 2000)","0","0","MG-FLOT LLC (since 09/09/2022) | TRANSFIN-M PC (before 12/2016) | OLYA-SHIPPING LLC (during 12/2008) | INDUSTRIAL INVESTMENT (since 01/04/2006) | TRUCKER LINE (during 09/2000)","","False","False","Rosja"
"9341079","CAMEL","Crude Oil Tanker","(Oman)","A4DU9","","2006","57248","110066","In Service/Commission","SERPENTINE MARINE SPC","DREAMER SHIPMANAGEMENT LLC-FZ","DREAMER SHIPMANAGEMENT LLC-FZ","Indian Register of Shipping (IACS)","","25","","","CAMEL (since 01/07/2025) | Capella (since 01/09/2024) | NS Corona (since 01/02/2006)","Oman (since 01/07/2025) | Comoros (since 01/03/2025) | Barbados (since 01/09/2024) | Gabon (since 01/01/2024) | Liberia (since 01/02/2006)","4","2","SERPENTINE MARINE SPC (since 14/07/2025) | BLACK JADE MARINE CO (since 18/09/2024) | WATERWAYS TANKERS INC (since 07/02/2006)","","False","False","Rosja"
"8926913","OMSKIY","General Cargo Ship","(Rosja)","UBSW7","","1980","2463","3157","In Service/Commission","SEA RIVER SERVICE LLC","SEA RIVER SERVICE LLC","SEA RIVER SERVICE LLC","Rosjan Maritime Register of Shipping","","59","","","OMSKIY-119 (since 01/10/2021) | Tufan (since 01/02/2020) | Akca 1 (since 01/08/2016) | Yalker (since 01/11/2007) | Leslie (since 01/12/2005) | Pollux (since 01/08/2005) | Kiev (since 01/11/2004)","Rosja (since 01/10/2021) | Not Known (since 01/09/2021) | Palau (Republic of) (since 01/08/2021) | Togo (since 01/02/2020) | Panama (since 01/08/2016) | St.Kitts and Nevis (since 01/11/2007) | St Vincent and Grenadines (since 01/12/2005) | Rosja (since 01/10/2004) | Mongolia (during 2004)","8","6","SEA RIVER SERVICE LLC (since 27/10/2021) | BERWICK GLOBAL CORP SA (since 01/08/2021) | WESTOFLEX SA (since 01/01/2004)","","False","False","Rosja"
"8422670","VAFA","General Cargo Ship","(Rosja)","UFZS","","1984","1575","2161","In Service/Commission","VAFA WHOLESALE LTD","VAFA WHOLESALE LTD","VAFA WHOLESALE LTD","Rosjan Maritime Register of Shipping","","13","","","VAFA (since 01/10/2006)","Rosja (since 01/03/2007)","0","0","VAFA WHOLESALE LTD (since 01/10/2006) | KAMA SHIPPING CO LTD (since 01/06/2002)","","False","False","Rosja"
"8422682","VAFA","General Cargo Ship","(Rosja)","UHCT","","1984","1570","2159","In Service/Commission","VAFA WHOLESALE LTD","VAFA WHOLESALE LTD","VAFA WHOLESALE LTD","April 2026","","4","","","VAFA-1 (since 01/11/2007)","Rosja (since 01/11/2007)","0","0","VAFA WHOLESALE LTD (since 01/11/2007)","","False","False","Rosja"
"8951413","ZAKAMSK","General Cargo Ship","(Rosja)","UBBT3","","1966","2406","3547","In Service/Commission","SEA RIVER SERVICE LLC","SEA RIVER SERVICE LLC","SEA RIVER SERVICE LLC","August 2024","","34","","","ZAKAMSK (since 01/06/2003)","Rosja (since 01/08/2019) | Not Known (since 01/06/2019) | Comoros (since 01/08/2011) | Rosja (since 01/06/2002) | Comoros (since 01/06/2002)","4","0","SEA RIVER SERVICE LLC (since 30/08/2019)","","False","False","Rosja"
"6603177","MEE","Bunkering Tanker","(Rosja)","UIFW","","1965","321","300","In Service/Commission","RPTD SOLD Rosja","RPTD SOLD Rosja","UNKNOWN","February 2026","","0","","","MEE (during 1985)","Rosja (during 2004)","0","0","","","False","False","Rosja"
"9031260","ISIK 3","General Cargo Ship","(Not Known)","UNKNOWN","","1991","1970","3400","In Service/Commission","STRATEGIC GRAIN MANAGEMENT LLC","STRATEGIC GRAIN MANAGEMENT LLC","STRATEGIC GRAIN MANAGEMENT LLC","October 2023","","69","","","ISIK 3 (since 01/11/2022) | Vera Sky (since 01/07/2014)","Not Known (since 01/09/2023) | Vanuatu (since 01/07/2018) | Not Known (since 01/01/2018) | Panama (since 01/07/2014) | United Kingdom (since 01/01/2002)","4","1","STRATEGIC GRAIN MANAGEMENT LLC (since 25/08/2023) | ISIK SHIPPING TRADING LTD (since 16/11/2022) | VERA SHIPPING LTD-MAI (since 24/07/2014) | FAVERSHAM SHIPS LTD (since 12/01/2006)","","False","False","Rosja"
"9085443","SH EXPRESS","General Cargo Ship","(St.Kitts and Nevis)","V4HQ7","","1994","6205","8177","In Service/Commission","SHD MARINE SHIPPING CO LTD","SHD MARINE SHIPPING CO LTD","SHD MARINE SHIPPING CO LTD","May 2026","","108","","","SH EXPRESS (since 01/09/2019) | Kovalevych (since 01/11/2017) | Integro (since 01/01/2017) | Seiyo Crystal (since 01/08/2014) | Win Honey (since 01/01/2004)","St.Kitts and Nevis (since 01/01/2026) | Palau (Republic of) (since 01/11/2017) | Cook islands (since 01/12/2016) | Panama (since 01/08/2014) | Hong Kong, China (since 01/01/2004)","4","4","SHD MARINE SHIPPING CO LTD (since 09/09/2019) | INTEGRO TRADING PTY LTD (since 23/01/2017) | SEA LUCKY MARITIME (since 31/08/2014)","","False","False","Rosja"
"8933203","KONAK","General Cargo Ship","(Cameroon)","TJM4U4","","1976","2463","3080","In Service/Commission","GREEN POLYMER PLAST LLC","GREEN POLYMER PLAST LLC","ERTUG MUHARREM EROL GEMI ISLET","May 2025","","63","","","KONAK (since 01/12/2009)","Cameroon (since 01/12/2023) | Not Known (since 01/08/2023) | Vanuatu (since 01/12/2017) | Moldova (since 01/12/2009) | Cambodia (since 01/11/2007) | Rosja (since 01/01/2001)","5","0","GREEN POLYMER PLAST LLC (since 27/07/2023)","","False","False","Rosja"
"9245263","SOFIA","General Cargo Ship","(Rosja)","UACA5","","2002","6823","10890","In Service/Commission","STRATEGIC GRAIN MANAGEMENT LLC","STRATEGIC GRAIN MANAGEMENT LLC","KUBAN MARINE COMPANY LLC","Rosjan Maritime Register of Shipping","","62","","","SOFIA (since 01/04/2024) | Blue Ivy (since 01/07/2020) | Fwn Leon (since 01/11/2019) | Onego Ponza (since 01/02/2009) | Sider Ponza (since 01/10/2002) | Sider Monique (since 01/10/2002)","Rosja (since 01/04/2024) | Panama (since 01/07/2020) | Germany (since 01/07/2020) | Antigua and Barbuda (since 01/02/2009) | Germany (since 01/02/2009) | Malta (since 01/06/2007) | Germany (since 01/06/2007) | Italy (since 01/01/2002)","7","5","STRATEGIC GRAIN MANAGEMENT LLC (since 02/04/2024) | UGSE SHIPPING CO LTD (since 01/08/2020) | LEON SCHEPERS (since 14/03/2017) | ECKHOFF GMBH & CO KG (since 19/02/2009) | PREMUDA SPA (since 01/03/2003) | DUNA SHIPPING (during 2002)","","False","False","Rosja"
"9210933","NADYM","General Cargo Ship","(Rosja)","UBJF9","","2007","1803","2164","Laid-Up","RPTD SOLD Rosja","RPTD SOLD Rosja","UNKNOWN","Rosjan Maritime Register of Shipping","","15","","","NADYM (since 01/06/2025) | Lida (since 01/10/2008) | Kozak (since 01/08/2007) | Ebel (during 2007)","Rosja (since 01/10/2008) | Georgia (since 01/08/2007)","1","3","RPTD SOLD Rosja (since 27/06/2025) | MERCURY LLC (since 23/09/2021) | KONSTANTINOV AS (since 01/10/2008) | DNH LTD (since 30/08/2007)","","False","False","Rosja"
"8326060","STK","General Cargo Ship","(Rosja)","UBEM","","1984","1573","1669","In Service/Commission","REMOTE MARINE TERMINAL LLC","REMOTE MARINE TERMINAL LLC","REMOTE MARINE TERMINAL LLC","Rosjan Maritime Register of Shipping","","25","","","STK-1004 (during 1984)","Rosja (during 1991)","0","0","","","False","False","Rosja"
"8620014","STK","General Cargo Ship","(Rosja)","UBEU","","1986","1408","1460","In Service/Commission","REMOTE MARINE TERMINAL LLC","REMOTE MARINE TERMINAL LLC","REMOTE MARINE TERMINAL LLC","Rosjan Maritime Register of Shipping","","16","","","STK-1019 (during 1986)","Rosja (during 1991)","0","0","","","False","False","Rosja"
"8943260","AZOV","Vegetable Oil Tanker","(Rosja)","UHDR","","1987","1910","2704","In Service/Commission","AZOVO-DONSKAYA CO","ASTON ENTERPRISE AGENCY LLC","TRAVELER SHIPPING LTD","Rosjan Maritime Register of Shipping","","16","","","AZOV (since 01/01/2015) | Aston Explorer (during 2004) | Izabella (since 01/11/2003)","Rosja (during 2004) | Bolivia (since 01/11/2003)","1","2","AZOVO-DONSKAYA CO (since 21/06/2010)","","False","False","Rosja"
"8883252","KOYSUG","Chemical/Oil Products Tanker","(Rosja)","UBRY","","1985","1914","2700","In Service/Commission","TRAVELER SHIPPING LTD","TRAVELER SHIPPING LTD","TRAVELER SHIPPING LTD","Rosjan Maritime Register of Shipping","","11","","","KOYSUG (since 01/08/2018) | Aston Challenger (since 01/09/2003)","Rosja (since 01/04/2006) | Not Known (since 01/08/2005) | Rosja (since 01/01/2002) | Malta (since 01/11/2001)","3","1","TRAVELER SHIPPING LTD (since 22/08/2018) | YUCATAN SHIPPING CO LTD (since 09/11/2001)","","False","False","Rosja"
"9369617","NIZAMI GANJAVI","Chemical/Oil Products Tanker","(Rosja)","UABQ","","2006","4549","6526","In Service/Commission","ASTRA LLC","ENEYA LLC","ENEYA LLC","Rosjan Maritime Register of Shipping","","21","","","NIZAMI GANJAVI (since 01/09/2021) | Lenkaran (since 01/04/2006)","Rosja (since 01/11/2013) | Malta (since 01/11/2013) | Rosja (since 01/04/2006) | Malta (since 01/04/2006)","3","1","ASTRA LLC (since 23/05/2022) | SBK DOLINA LLC (since 17/09/2021) | PALMALI CO LTD (before 11/2017)","","False","False","Rosja"
"9269348","ANDROPOV","Oil Products Tanker","(Rosja)","UGKW","","2004","3584","4585","In Service/Commission","VOLGOTRANS LLC","VOLGOTANKER VOLZHSKI OIL SHPG","SC VT-CARGO LLC","Rosjan Maritime Register of Shipping","","9","","","ANDROPOV (since 01/06/2004) | Kapitan Zimin (during 2004)","Rosja (during 2004)","0","1","VOLGOTRANS LLC (since 01/05/2010) | VOLGOTANKER VOLZHSKI OIL SHPG (during 06/2004)","","False","False","Rosja"
"9228801","ULUC KA","Chemical/Oil Products Tanker","(Turkey)","TCA7379","","2001","23247","37272","In Service/Commission","WHITE TANKERS GEMI ISLET","WHITE TANKERS GEMI ISLET","WHITE TANKERS GEMI ISLET","American Bureau of Shipping (IACS)","","54","","","ULUC KA (since 01/01/2023) | Baltic Sky I (since 01/10/2006) | Flores (since 01/08/2001) | Flores I (during 2001)","Turkey (since 01/01/2023) | Germany (since 01/01/2023) | Liberia (since 01/06/2021) | Malta (since 01/08/2001) | Germany (since 01/08/2001) | Panama (during 2001) | Marshall Islands (during 2001)","6","3","WHITE TANKERS GEMI ISLET (since 25/01/2023) | BALTIC SKY (since 22/07/2004)","","False","False","Rosja"
"9849887","LA PEROUSE","LNG Tanker","(Rosja)","UAPD6","","2020","116779","92923","In Service/Commission","ENSON SHIPPING INC","TANAMA LLC","TANAMA LLC","Rosjan Maritime Register of Shipping","","5","","","LA PEROUSE (since 01/09/2024) | SCF La Perouse (since 01/02/2020)","Rosja (since 01/08/2025) | Comoros FALSE (since 01/05/2025) | Comoros (since 01/03/2025) | Barbados (since 01/09/2024) | Gabon (since 01/01/2024) | Liberia (since 01/02/2020)","5","1","ENSON SHIPPING INC (since 04/09/2024) | ALBUS SHIPPING LTD (since 10/02/2020)","","False","False","Rosja"
"8230077","VOLGO","General Cargo Ship","(Rosja)","UCGP","","1969","2457","2907","In Casualty Or Repairing","ZENIT","ST PETERSBURG SHIPPING CO LTD","ST PETERSBURG SHIPPING CO LTD","May 2026","","24","","","VOLGO-BALT 106 (during 1969)","Rosja (since 01/12/1997)","0","0","","","False","False","Rosja"
"8721272","AMUR","General Cargo Ship","(Rosja)","UBUS3","","1984","3086","3340","In Service/Commission","CHERNIKOV Y","RED SHIPPING LLC","RED SHIPPING LLC","Rosjan Maritime Register of Shipping","","27","","","AMUR-2501 (during 1984)","Rosja (since 01/06/2024) | St.Kitts and Nevis (since 01/06/2023) | Rosja (since 01/10/2020) | St.Kitts and Nevis (since 01/11/2015) | Rosja (during 2014) | St.Kitts and Nevis (during 2014) | Rosja (since 01/04/2008) | St.Kitts and Nevis (since 01/11/2007)","7","0","CHERNIKOV Y (since 09/11/2020)","","False","False","Rosja"
"8959166","VOLGO","General Cargo Ship","(Rosja)","UCWG","","1977","3959","4019","In Service/Commission","VOLGO-DON 219 SHIPPING LTD","VOLGA-DON SHIPPING JSC","UNKNOWN","November 2024","","7","","","VOLGO-DON 205 (since 01/01/1977)","Rosja (since 01/08/2009) | Belize (since 01/07/2009) | Cambodia (since 01/06/2008) | Rosja (since 01/12/2006) | Belize (since 01/10/2006) | Rosja (since 01/04/2004) | Belize (since 01/04/2004)","6","0","","","False","False","Rosja"
"8875530","VOLGO","General Cargo Ship","(Rosja)","UFMV","","1975","2457","3180","In Service/Commission","VICTORIA","VICTORIA","UNKNOWN","May 2026","","39","","","VOLGO-BALT 188 (since 01/06/2018)","Rosja (since 01/06/2018) | Belize (since 01/06/2018)","1","0","","","False","False","Rosja"
"8866321","VOLGO","General Cargo Ship","(Rosja)","UGWY","","1972","3994","3640","In Service/Commission","DON RIVER SHIPPING JSC","DON RIVER SHIPPING JSC","DON RIVER SHIPPING JSC","May 2026","","17","","","VOLGO-DON 5043 (since 01/12/2009)","Rosja (since 01/11/2009)","0","0","","","False","False","Rosja"
"8729195","LAVRION","General Cargo Ship","(Rosja)","UBXQ2","","1989","2997","3332","In Service/Commission","SERGEEVICH/GRIGORYEVNA","SERGEEVICH SY","SERGEEVICH SY","Rosjan Maritime Register of Shipping","","41","","","Sunio (since 01/06/2016) | LAVRION (since 01/06/2016)","Rosja (since 01/07/2024) | Rosja (since 01/07/2018) | Tanzania (since 01/03/2018) | Tanzania (since 01/04/2017) | Democratic Republic of Congo FALSE (since 01/06/2016) | Moldova (since 01/09/2010) | Belize (since 01/10/2007) | Malta (since 01/10/2007) | Rosja (since 01/04/2007) | Malta (since 01/04/2007)","9","1","SERGEEVICH/GRIGORYEVNA (since 11/07/2024) | FALERO SHIPPING CO LTD (since 17/06/2016)","","False","False","Rosja"
"9737187","CHRISTOPHE DE MARGERIE","LNG Tanker","(Rosja)","UARC5","","2016","128806","96779","In Service/Commission","ZELITIKO SHIPPING CO LTD","GAS CARRIERS SCF MGMT FZCO","CDM LLC","Rosjan Maritime Register of Shipping","","7","","","CHRISTOPHE DE MARGERIE (since 01/11/2016)","Rosja (since 01/05/2025) | Barbados (since 01/01/2025) | Not Known (since 01/12/2024) | Panama (since 01/02/2023) | Cyprus (since 01/11/2016)","4","0","ZELITIKO SHIPPING CO LTD (since 27/03/2017)","","False","False","Rosja"
"9101637","ARINA A","Bulk Carrier","(Panama)","H9HV","","1995","26958","43683","In Service/Commission","ARINA SHIPPING LTD","ALEMAX DENIZCILIK VE GEMI","ALEMAX DENIZCILIK VE GEMI","Registro Italiano Navale (IACS)","","75","","","ARINA A (since 01/08/2025) | Twin Star (since 01/06/2023) | Petra Star (since 01/10/2017) | Captainyannis L (since 01/05/2003)","Panama (since 01/10/2017) | Malta (since 01/05/2003)","1","3","ARINA SHIPPING LTD (since 08/08/2025) | GREATER BLOOM LTD (since 12/06/2019) | POST HOLDING ASSETS LTD (since 12/10/2017)","","False","False","Rosja"
"9750658","VLADIMIR VIZE","LNG Tanker","(Hong Kong, China)","VRRV5","","2018","128806","96851","In Service/Commission","ARCTIC GREEN LNG SHIPPING LTD","MOL GLOBAL SHIP MANAGEMENT PTE","MOL GLOBAL SHIP MANAGEMENT PTE","Nippon Kaiji Kyokai (IACS)","","5","","","VLADIMIR VIZE (since 01/10/2018)","Hong Kong, China (since 01/10/2018)","0","0","ARCTIC GREEN LNG SHIPPING LTD (since 01/12/2023) | DY MARITIME LTD (since 03/10/2018)","","False","False","Rosja"
"8959219","CAPITAN KORCHIN","General Cargo Ship","(Rosja)","UCWM","","1978","4963","5659","In Service/Commission","DON RIVER SHIPPING JSC","DON RIVER SHIPPING JSC","DON RIVER SHIPPING JSC","May 2026","","17","","","CAPITAN KORCHIN (since 01/11/2003)","Rosja (during 2004)","0","0","DON RIVER SHIPPING JSC (since 10/04/2025) | ROSSHIPCOM JSC (since 20/09/2010)","","False","False","Rosja"
"8946377","M. ANDREEV","General Cargo Ship","(Rosja)","UCWL","","1978","3969","3969","In Service/Commission","DON RIVER SHIPPING JSC","ROSSHIPCOM JSC","UNKNOWN","May 2026","","4","","","M. ANDREEV (during 1999)","Rosja (since 01/01/2004)","0","0","DON RIVER SHIPPING JSC (during 1978)","","False","False","Rosja"
"9254575","WUZHOU STAR","Bulk Carrier","(Panama)","H9YY","","2002","39736","76598","In Service/Commission","FIVE CONTINENTS SHIPPING LTD","FIVE CONTINENTS SHIPPING LTD","FIVE CONTINENTS SHIPPING LTD","Overseas Marine Certification Services","","72","","","WUZHOU STAR (since 01/04/2025) | Ice Queen (since 01/07/2023) | Emmakris II (since 01/05/2016) | Amapola (since 01/06/2002)","Panama (since 01/06/2002) | Panama (since 01/06/2002)","1","3","FIVE CONTINENTS SHIPPING LTD (since 07/04/2025) | GREATER BLOOM LTD (since 22/04/2019) | POST HOLDING ASSETS LTD (during 01/2019) | MONACIT ASSETS LTD (during 05/2016)","","False","False","Rosja"
"8951255","KAPITAN SKACHKOV","General Cargo Ship","(Rosja)","UGXT","","1968","3996","5223","In Service/Commission","ENISEY LTD","ENISEY LTD","ENISEY LTD","November 2025","","0","","","KAPITAN SKACHKOV (since 01/01/2006)","Rosja (since 01/01/2006)","0","0","","","False","False","Rosja"
"9750660","NIKOLAY URVANTSEV","LNG Tanker","(Hong Kong, China)","VRRY3","","2019","128806","96779","In Service/Commission","ARCTIC PURPLE LNG SHIPPING LTD","MITSUI OSK LINES LTD","MOL GLOBAL SHIP MANAGEMENT PTE","Nippon Kaiji Kyokai (IACS)","","3","","","NIKOLAY URVANTSEV (since 01/07/2019)","Hong Kong, China (since 01/07/2019)","0","0","ARCTIC PURPLE LNG SHIPPING LTD (since 01/02/2025) | DY MARITIME LTD (since 26/07/2019)","","False","False","Rosja"
"8946389","V. USPENSKIY","General Cargo Ship","(Rosja)","UCWO","","1978","3969","5379","In Service/Commission","DON RIVER SHIPPING JSC","ROSSHIPCOM JSC","DON RIVER SHIPPING JSC","May 2026","","9","","","V. USPENSKIY (before 1999)","Rosja (since 01/02/2010) | Cambodia (since 01/07/2008) | Rosja (since 01/11/2004)","2","0","DON RIVER SHIPPING JSC (since 01/07/2010) | ALMA CO LTD-MAI (since 09/09/2008) | VOLGO-DON 221 SHIPPING LTD (since 31/07/2008) | KUBAN RIVER SHIPPING CO (since 01/11/2005)","","False","False","Rosja"
"9931226","YANA V","General Cargo Ship","(Rosja)","UBEY8","","2022","6786","8331","In Service/Commission","EVOLUTION SHIPPING CO LTD-HKG","AZOV-DON SHIPPING CO LLC","AZOV-DON SHIPPING CO LLC","Rosjan Maritime Register of Shipping","","1","","","YANA V (since 01/12/2022) | Evolution A (since 01/07/2022)","Rosja (since 01/05/2024) | Panama (since 01/04/2024) | Rosja (since 01/12/2022) | Liberia (since 01/07/2022)","3","1","EVOLUTION SHIPPING CO LTD-HKG (since 21/07/2022)","","False","False","Rosja"
"9208215","HONG LU","Crude Oil Tanker","(Curacao False)","UNKNOWN","","2000","159577","298920","In Service/Commission","RPTD SOLD UNDISCLOSED INTEREST","RPTD SOLD UNDISCLOSED INTEREST","UNKNOWN","May 2026","","31","","","HONG LU (since 01/10/2024) | Dimitra Ii (since 01/02/2023) | Arcadia V (since 01/10/2020) | Chryssi (since 01/11/2011) | Saga Unity (since 01/06/2010) | Sanko Unity (during 2000)","Curacao False (since 01/10/2024) | San Marino (since 01/08/2024) | Cook islands (since 01/02/2024) | Panama (since 01/10/2020) | Liberia (since 01/11/2018) | Malta (since 01/05/2014) | Greece (since 01/11/2011) | Marshall Islands (since 01/06/2010)","7","5","RPTD SOLD UNDISCLOSED INTEREST (since 07/02/2025) | GONGGA SHIPPING INC (since 16/02/2023) | IDUN LTD (since 21/10/2020) | CHRYSSI MARITIME CO (since 09/05/2014) | CHRYSSI MARITIME CO (since 22/11/2011)","","False","False","Rosja"
"9259367","DAVINA","Crude Oil Tanker","(Curacao False)","UNKNOWN","","2004","160062","300976","In Service/Commission","RPTD SOLD UNDISCLOSED INTEREST","RPTD SOLD UNDISCLOSED INTEREST","UNKNOWN","March 2026","","6","","","DAVINA (since 01/06/2024) | Solana (since 01/12/2023) | Jessica D (since 01/05/2022) | Eneos Tokyo (since 01/07/2004)","Curacao False (since 01/01/2025) | Palau (Republic of) FALSE (since 01/10/2024) | Palau (Republic of) (since 01/06/2024) | Panama (since 01/05/2022) | Japan (during 2004)","4","3","RPTD SOLD UNDISCLOSED INTEREST (since 11/10/2024) | BEVERLY THOMSON LTD (since 25/05/2022) | ENEOS OCEAN CORP (since 15/07/2004) | LIBERIAN JERBOA TRANSPORTS INC (during 2004)","","False","False","Rosja"
"9292228","CRYSTAL ROSE","Crude Oil Tanker","(Not Known)","UNKNOWN","","2004","156873","305318","In Service/Commission","RPTD SOLD UNDISCLOSED INTEREST","RPTD SOLD UNDISCLOSED INTEREST","UNKNOWN","May 2026","","23","","","CRYSTAL ROSE (since 01/04/2022) | Front Energy (since 01/08/2005) | Sea Energy (since 01/09/2004) | MT. Pertamina 2 (since 01/07/2004)","Not Known (since 01/02/2025) | Panama (since 01/04/2022) | Marshall Islands (since 01/08/2014) | Cyprus (since 01/02/2005) | Panama (during 2004) | Liberia (during 2004)","5","3","RPTD SOLD UNDISCLOSED INTEREST (since 07/02/2025) | SFL ENERGY INC (since 13/08/2014) | SPEED SHIPPING CORP (since 05/09/2004)","","False","False","Rosja"
"9304655","VERA","Crude Oil Tanker","(Sint Maarten False)","UNKNOWN","","2004","160068","310389","In Service/Commission","AYOLAS SERVICES INC","MAX MARITIME SOLUTIONS FZE","MAX MARITIME SOLUTIONS FZE","May 2026","","12","","","VERA (since 01/01/2025) | Carnatic (since 01/04/2024) | Annick (since 01/09/2022) | Kioni (since 01/04/2021) | Toba (since 01/10/2004)","Sint Maarten False (since 01/01/2025) | Barbados (since 01/09/2024) | Cook islands (since 01/04/2024) | Panama (during 2004)","3","4","AYOLAS SERVICES INC (since 05/04/2024) | ANNICK SHIPPING CORP (since 19/09/2022) | AGAVITA SHIPPING CO SA (since 28/04/2021) | WEST WING MARITIMA SA (since 29/10/2014) | WEST ISLAND MARITIME SA (during 2004)","","False","False","Rosja"
"9280873","FURY","Crude Oil Tanker","(Guinea False)","UNKNOWN","","2004","80620","159116","In Service/Commission","SUMMIT STREAMLINE INC","SUMMIT STREAMLINE INC","UNKNOWN","Overseas Marine Certification Services","","39","","","FURY (since 01/03/2025) | Aventus I (since 01/12/2021) | Astro Perseus (during 2003)","Guinea False (since 01/04/2025) | Curacao False (since 01/03/2025) | Not Known (since 01/02/2025) | Panama (since 01/12/2021) | Greece (during 2003)","4","2","SUMMIT STREAMLINE INC (since 04/10/2024) | DIAMANTE TANKERS INC (since 26/11/2021) | PERSEUS ENE (since 01/01/2007)","","False","False","Rosja"
"9288095","WEN YAO","Crude Oil Tanker","(San Marino False)","UNKNOWN","","2005","156973","298972","In Service/Commission","WEN YAO SHIPPING INC-LIB","HARRY VICTOR SHIP MGMT & OP","UNKNOWN","April 2026","","19","","","WEN YAO (since 01/06/2022) | New Spirit (since 01/07/2005)","San Marino False (since 01/11/2024) | San Marino (since 01/09/2024) | Cook islands (since 01/05/2024) | Panama (since 01/06/2022) | Liberia (since 01/07/2005)","4","1","WEN YAO SHIPPING INC-LIB (since 08/05/2024) | WEN YAO SHIPPING INC-PAN (since 24/06/2022) | NEW SPIRIT SHIPPING INC (since 26/07/2005)","","False","False","Rosja"
"9247390","TYCHE I","Crude Oil Tanker","(Panama)","3E5017","","2003","56346","105411","In Service/Commission","BTA LOGISTICS LTD","BTA LOGISTICS LTD","DYLAN SHIP MANAGEMENT PVT LTD","Registro Italiano Navale (IACS)","","34","","","TYCHE I (since 01/10/2023) | Tornado A (since 01/05/2023) | Neverland (since 01/10/2005) | Nordpacific (since 01/01/2003)","Panama (since 01/05/2025) | Not Known (since 01/12/2024) | Panama (since 01/05/2023) | Italy (since 01/10/2005) | Denmark (DIS) (since 01/01/2002)","4","3","BTA LOGISTICS LTD (since 01/09/2023) | TORNADO MARINE SA (since 02/05/2023) | NEVERLAND TANKERS SPA (since 20/01/2020) | FINAVAL SPA (since 31/10/2005) | SYNERGY MARINE COPENHAGEN AS (since 01/01/2002)","","False","False","Rosja"
"9221671","ELZA","Crude Oil Tanker","(Not Known)","UNKNOWN","","2000","28539","47052","In Service/Commission","ELZA SHIPPING SA","TIGHTSHIP SHIPPING MANAGEMENT","TIGHTSHIP SHIPPING MANAGEMENT","Bureau Veritas (IACS)","","46","","","ELZA (since 01/07/2021) | Majnoon (since 01/10/2018) | Torm Neches (since 01/12/2007) | Neches (since 01/09/2000) | Alam Bayu (during 2000)","Not Known (since 01/01/2025) | Liberia (since 01/10/2018) | Singapore (since 01/12/2007) | Marshall Islands (since 01/09/2000)","3","4","ELZA SHIPPING SA (since 28/07/2021) | LAMONE SHIPPING SA (since 31/10/2018) | VESSELCO 7 PTE LTD (since 01/11/2012) | TORM SINGAPORE PTE LTD (since 27/11/2007) | NECHES SHIPPING (since 01/09/2000)","","False","False","Rosja"
"9778313","MARSHAL VASILEVSKIY","Offshore Processing Ship","(Rosja)","UBQR5","","2018","118423","93292","In Service/Commission","GAZPROM FLOT LLC","GAZPROM FLOT LLC","GAZPROM FLOT LLC","Rosjan Maritime Register of Shipping","","2","","","MARSHAL VASILEVSKIY (since 01/10/2018)","Rosja (since 01/12/2018) | Panama (since 01/10/2018)","1","0","GAZPROM FLOT LLC (since 31/10/2018)","","False","False","Rosja"
"9630004","VALERA","LNG Tanker","(Oman)","A4DS5","","2014","113876","93486","In Service/Commission","WHITE AGATE MARINE SPC","DREAMER SHIPMANAGEMENT LLC-FZ","DREAMER SHIPMANAGEMENT LLC-FZ","Indian Register of Shipping (IACS)","","9","","","VALERA (since 01/03/2025) | Velikiy Novgorod (since 01/01/2014)","Oman (since 01/08/2025) | Comoros (since 01/03/2025) | Barbados (since 01/09/2024) | Gabon (since 01/02/2024) | Liberia (since 01/01/2014)","4","1","WHITE AGATE MARINE SPC (since 15/08/2025) | ALEXANDRIA SEAWAYS LTD (since 02/09/2024) | BORERAY SHIPPING LTD (since 29/01/2014)","","False","False","Rosja"
"9817315","BORIS SOKOLOV","Crude Oil Tanker","(Cyprus)","5BBS5","","2018","39982","51416","In Service/Commission","HAI KUO SHIPPING 1721 LTD","DYNACOM TANKERS MANAGEMENT LTD","IRASIA MARITIME CO LTD","Bureau Veritas (IACS)","","3","","","BORIS SOKOLOV (since 01/12/2018)","Cyprus (since 01/12/2018)","0","0","IRASIA MARITIME CO LTD (since 10/12/2018) | HAI KUO SHIPPING 1721 LTD (since 10/12/2018)","","False","False","Rosja"
"9804033","YURIY KUCHIEV","Crude Oil Tanker","(Cyprus)","5BDY5","","2019","39594","52292","In Service/Commission","CANITIS LTD","DYNACOM TANKERS MANAGEMENT LTD","VASORA MARINE CO LTD","Bureau Veritas (IACS)","","3","","","YURIY KUCHIEV (since 01/08/2019)","Cyprus (since 01/08/2019)","0","0","CANITIS LTD (since 28/08/2019)","","False","False","Rosja"
"8902474","BABYLON","Bulk Carrier","(Guinea-Bissau)","J5AS2","","1991","24773","42284","In Service/Commission","RESOURCE MARITIME DMCC","CAPRAMAR GEMI ISLETMECILIGI","CAPRAMAR GEMI ISLETMECILIGI","Phoenix Register of Shipping","","67","","","BABYLON (since 01/10/2024) | Horasan (since 01/12/2022) | Petra II (since 01/05/2015) | Ak Ceren (since 01/11/2012)","Guinea-Bissau (since 01/10/2024) | Panama (since 01/10/2012)","1","3","RESOURCE MARITIME DMCC (since 31/01/2025) | INTERCONT OVERSEAS FZE (since 31/10/2024) | ALEMAX HOLDING LTD (since 29/12/2022) | GREATER BLOOM LTD (since 12/06/2019) | POST HOLDING ASSETS LTD (since 10/03/2014)","","False","False","Rosja"
"9874789","DIANA MARIA","General Cargo Ship","(Rosja)","UBQT8","","2019","6418","7867","In Service/Commission","DIANA MARIA HK MARITIME LTD","TRAVELER SHIPPING LTD","TRAVELER SHIPPING LTD","Rosjan Maritime Register of Shipping","","6","","","DIANA MARIA (since 01/12/2019)","Rosja (since 01/01/2024) | Panama (since 01/01/2024) | Malta (since 01/01/2024) | Rosja (since 01/01/2020) | Malta (since 01/12/2019)","4","0","DIANA MARIA HK MARITIME LTD (since 10/01/2024) | DIANA MARIA SHIPPING LTD (since 20/12/2019)","","False","False","Rosja"
"9917983","ALPHA MERCURY","General Cargo Ship","(Rosja)","UBCV4","","2020","6305","8093","In Service/Commission","ALPHA LLC","ALPHA LLC","ALPHA LLC","Rosjan Maritime Register of Shipping","","9","","","ALPHA MERCURY (since 01/12/2020)","Rosja (since 01/12/2020)","0","0","ALPHA LLC (since 11/12/2020)","","False","False","Rosja"
"8033132","ALEKSEY AFANASYEV","General Cargo Ship","(Rosja)","UBZD","","1981","2491","3243","In Service/Commission","AC VOLGA LLC","AC VOLGA LLC","AC NAVIS LLC","Rosjan Maritime Register of Shipping","","40","","","ALEKSEY AFANASYEV (during 1990)","Rosja (since 01/08/2009)","0","0","AC VOLGA LLC (since 28/03/2022) | DONMASTER SHIPPING CO (since 18/03/2011) | DONMASTER CO LTD (since 10/08/2009)","","False","False","Rosja"
"8943416","ALTAIR","General Cargo Ship","(Sierra leone)","9LC2000","","1988","3131","3757","In Service/Commission","BLUE WAVE SHIPPING LTD-MTA","BLUE WAVE SHIPPING INC","BLUE WAVE SHIPPING INC","Rosjan Maritime Register of Shipping","","36","","","ALTAIR (since 01/10/2008) | Zion (since 01/06/2005) | Avkvamarin (since 01/12/2004)","Sierra leone (since 01/06/2007) | Rosja (since 01/08/2005) | Sierra leone (since 01/05/2005) | Honduras (since 01/12/2004) | Rosja (since 01/12/2004)","4","2","BLUE WAVE SHIPPING LTD-MTA (since 06/05/2005) | BLUE WAVE SHIPPING LTD-BAH (during 12/2004)","","False","False","Rosja"
"9247431","REGAL I","Crude Oil Tanker","(Cameroon)","TJM18I","","2004","79668","151693","In Service/Commission","SEA FUSION SHIPPING INC","OCEANPACK SHIP MANAGEMENT PVT","OCEANPACK SHIP MANAGEMENT PVT","Bureau Veritas (IACS)","","39","","","REGAL I (since 01/06/2025) | Wilma II (since 01/03/2024) | Remy (since 01/01/2023) | Eastern Pride (since 01/07/2021) | Eurofaith (since 01/03/2017) | Asian Spirit (since 01/01/2004)","Cameroon (since 01/01/2026) | Malawi False (since 01/06/2025) | Not Known (since 01/03/2025) | Panama (since 01/01/2023) | Liberia (since 01/03/2017) | Bahamas (during 2003)","5","5","SEA FUSION SHIPPING INC (since 14/06/2025) | WILMA SHIPPING INC (since 01/06/2021) | DYNASTIC MARITIME INC (since 21/03/2017)","","False","False","Rosja"
"9336414","ORFEOS","Crude Oil Tanker","(Marshall Islands)","V7B3114","","2007","57657","105839","In Service/Commission","AURIS WINDLINE CORP","AURIS WINDLINE CORP","ZEYTHRA GROUP LLC-FZ","DNV (IACS)","","35","","","ORFEOS (since 01/05/2026) | Volta River (since 01/03/2023) | Freedom (since 01/11/2020) | Bergina (since 01/01/2014) | SPT Conqueror (since 01/08/2007)","Marshall Islands (since 01/05/2026) | Panama (since 01/03/2023) | Vietnam (since 01/11/2020) | Bahamas (since 01/08/2007)","3","4","AURIS WINDLINE CORP (since 11/05/2026) | SEVEN SEAS MARITIME ENTERPRISE (since 16/03/2023) | BERGSHAV SHIPPING AS (since 15/06/2010)","","False","False","Rosja"
"9236353","BLUE","Crude Oil Tanker","(Cameroon)","TJMA05","","2003","84789","165293","In Service/Commission","CRESTWAVE MARITIME LTD","CRESTWAVE MARITIME LTD","CRESTWAVE MARITIME LTD","Lloyd's Register (IACS)","","36","","","BLUE (since 01/02/2024) | Julia A (since 01/09/2022) | Azul (since 01/03/2021) | Icaria (since 01/02/2020) | Iskmati Spirit (since 01/10/2007) | Arlene (since 01/08/2004) | Aegean Eagle (since 01/01/2003)","Cameroon (since 01/02/2026) | Timor Leste FALSE (since 01/10/2025) | Benin False (since 01/07/2025) | Antigua and Barbuda (since 01/02/2024) | Liberia (since 01/09/2022) | Palau (Republic of) (since 01/11/2021) | Not Known (since 01/09/2021) | Palau (Republic of) (since 01/03/2021) | Djibouti (since 01/03/2021) | Cyprus (since 01/06/2020) | Liberia (since 01/02/2020) | Bahamas (since 01/10/2007) | Marshall Islands (since 01/08/2004) | Greece (during 2003)","13","6","CRESTWAVE MARITIME LTD (since 07/02/2024) | ISKMATI SPIRIT LLC (since 26/10/2007) | ARLENE SHIPPING LLC (since 19/08/2004)","","False","False","Rosja"
"9257802","FURIA","Crude Oil Tanker","(Sierra leone)","9LU2051","","2002","58166","104996","In Service/Commission","CLYRION PIER LTD","CLYRION PIER LTD","HARBOR HARMONY SHIPMANAGEMENT","Rosjan Maritime Register of Shipping","","41","","","FURIA (since 01/06/2024) | Chola Queen (since 01/12/2020) | Eagle Tacoma (since 01/10/2002)","Sierra leone (since 01/07/2025) | Barbados (since 01/11/2024) | Cook islands (since 01/06/2024) | Panama (since 01/12/2020) | Singapore (during 2002)","4","2","CLYRION PIER LTD (since 09/12/2025) | WHISPERING WILLOW CORP (since 02/06/2024) | AET INC PTE LTD (during 2002)","","False","False","Rosja"
"9282792","AQUA LIVE","Crude Oil Tanker","(Cameroon)","TJM13Q","","2004","59781","105306","In Service/Commission","RPTD SOLD UNDISCLOSED INTEREST","RPTD SOLD UNDISCLOSED INTEREST","UNKNOWN","Registro Italiano Navale (IACS)","","39","","","AQUA LIVE (since 01/07/2025) | Clyde Noble (since 01/11/2021) | Atalandi (since 01/11/2004) | Valpiave (since 01/09/2004)","Cameroon (since 01/02/2026) | Aruba False (since 01/12/2025) | Tonga False (since 01/09/2025) | Aruba False (since 01/07/2025) | Palau (Republic of) (since 01/11/2022) | Panama (since 01/11/2021) | Greece (during 2004)","6","3","RPTD SOLD UNDISCLOSED INTEREST (since 06/02/2026) | VICENS MARINE CO (since 08/07/2025) | ATALANDI ENE (since 23/03/2004) | MAYA SHIPPING (during 2004)","","False","False","Rosja"
"9277747","ELISE","Oil Products Tanker","(Cameroon)","TJM703","","2004","42447","74999","In Service/Commission","AHANA SHIP MANAGEMENT PVT LTD","AHANA SHIP MANAGEMENT PVT LTD","AHANA SHIP MANAGEMENT PVT LTD","Bureau Veritas (IACS)","","32","","","ELISE (since 01/03/2022) | Black Ocean (since 01/02/2021) | Nordvenus (since 01/06/2019) | Venus R (since 01/04/2011) | Nordvenus (since 01/03/2004)","Cameroon (since 01/01/2026) | Not Known (since 01/07/2025) | Palau (Republic of) (since 01/04/2025) | Cook islands (since 01/08/2024) | Liberia (since 01/07/2022) | Cameroon (since 01/03/2022) | Panama (since 01/02/2021) | Cyprus (during 2004)","7","4","AHANA SHIP MANAGEMENT PVT LTD (since 28/01/2026) | RPTD SOLD UNDISCLOSED INTEREST (since 19/06/2025) | RED SEA INC (since 20/04/2021) | VENUS R SHIPPING MANAGEMENT BV (during 05/2015) | VENUS R SHIPPING MANAGEMENT BV (since 04/08/2014)","","False","False","Rosja"
"9296810","NAVISTAR","Crude Oil Tanker","(Cameroon)","TJME2","","2005","56163","106488","In Service/Commission","NAVISPEED CO LTD","POLARIS SHIPMANAGEMENT LTD","POLARIS SHIPMANAGEMENT LTD","Rosjan Maritime Register of Shipping","","40","","","NAVISTAR (since 01/10/2025) | Missoni (since 01/10/2024) | Serendi (since 01/02/2023) | Luna Erawan (since 01/12/2019) | Esteem Splendour (since 01/01/2005)","Cameroon (since 01/10/2025) | Not Known (since 01/06/2025) | Panama (since 01/02/2023) | Indonesia (since 01/12/2019) | Panama (since 01/01/2005)","4","4","NAVISPEED CO LTD (since 08/10/2025) | PELAYARAN SAKTI ERAWAN PT (since 09/12/2019) | MEIJI SHIPPING BV (since 11/01/2011) | ESTEEM MARITIME SA (since 21/01/2005)","","False","False","Rosja"
"9250543","INVICTA","Crude Oil Tanker","(Cameroon)","TJMC202","","2004","57062","106162","In Service/Commission","SHELL WAVE SHIPPING INC","SHELL WAVE SHIPPING INC","UNKNOWN","Bureau Veritas (IACS)","","23","","","INVICTA (since 01/12/2024) | Neomi (since 01/07/2023) | Wonder Avior (since 01/05/2021) | Megalonissos (since 01/05/2004)","Cameroon (since 01/11/2025) | Guinea (since 01/12/2024) | Panama (since 01/07/2023) | Marshall Islands (since 01/05/2021) | Greece (during 2004)","4","3","SHELL WAVE SHIPPING INC (since 25/11/2025) | RPTD SOLD UNDISCLOSED INTEREST (since 07/02/2025) | HAWKEYE SHIPPING CO (since 27/05/2021) | MEGALONISSOS ENE (since 30/11/2006) | MEGALONISSOS SHIPPING (during 2004)","","False","False","Rosja"
"9232888","AILANA","Crude Oil Tanker","(Sierra leone)","9LU2828","","2003","57171","106074","In Service/Commission","DELPHYX BEACON LTD","DELPHYX BEACON LTD","NAUTILUS FLEET MANAGEMENT LLC","Rosjan Maritime Register of Shipping","","40","","","AILANA (since 01/08/2025) | Ailama (since 01/01/2025) | Ksena (since 01/02/2023) | Kriti Bastion (since 01/12/2018) | Aegean Faith (since 01/03/2003)","Sierra leone (since 01/08/2025) | Gambia (since 01/01/2025) | Panama (since 01/10/2024) | Cook islands (since 01/06/2024) | Palau (Republic of) (since 01/02/2023) | Liberia (since 01/02/2003)","5","4","DELPHYX BEACON LTD (since 21/01/2026) | ALVIDO CHARTERING LTD (since 03/02/2023) | SEA LEGEND SHIPPING CO (during 2003)","","False","False","Rosja"
"9249130","PEACE","Crude Oil Tanker","(Cameroon)","TJMA08","","2004","58918","109295","In Service/Commission","COASTALCREST SHIPPING LTD","AQUILA SHIPOWNER SA","UNKNOWN","May 2026","","34","","","PEACE (since 01/12/2024) | Chilli (since 01/04/2024) | Butterfly A (since 01/11/2022) | Sargazo (since 01/08/2021) | Governor Farkhutdinov (since 01/09/2004)","Cameroon (since 01/02/2026) | Timor Leste FALSE (since 01/10/2025) | Benin False (since 01/08/2025) | Sierra leone (since 01/12/2024) | Antigua and Barbuda (since 01/04/2024) | Liberia (since 01/11/2022) | Panama (since 01/08/2021) | Cyprus (since 01/09/2004)","7","4","COASTALCREST SHIPPING LTD (since 15/04/2024) | AQUILA SHIPOWNER SA (since 01/11/2022) | SERGEANT GROUP LTD (since 30/11/2021) | GLOBAL ENGINEERING & TRDG HK (since 18/02/2011) | PRIMA SUN SHIPMANAGEMENT LTD (since 18/02/2011)","","False","False","Rosja"
"9289752","SAVITRI","Oil Products Tanker","(Sierra leone)","9LU2842","","2005","42877","73788","In Service/Commission","SAGARA LTD","CHARAI SEA SHIPPING PVT LTD","CHARAI SEA SHIPPING PVT LTD","Rosjan Maritime Register of Shipping","","43","","","SAVITRI (since 01/12/2024) | Arjuna (since 01/11/2024) | Ariadne (since 01/03/2023) | River Shiner (since 01/01/2014) | Perseverance (since 01/06/2005)","Sierra leone (since 01/09/2025) | Malawi False (since 01/07/2025) | Not Known (since 01/05/2025) | Djibouti (since 01/12/2024) | Guinea-Bissau (since 01/11/2024) | Gabon (since 01/03/2023) | Marshall Islands (since 01/01/2014) | Singapore (since 01/06/2005)","7","4","SAGARA LTD (since 01/01/2025) | ARAR MARITIME INC (since 02/03/2024) | RIVER SHINER INC (since 14/01/2014) | NEPTUNE MARITIME PTE LTD (since 08/06/2005)","","False","False","Rosja"
"9314167","AGNI","Oil Products Tanker","(Cameroon)","TJM5226","","2007","42684","73672","In Service/Commission","ATBARA MARITIME CORP","ATBARA MARITIME CORP","LEI GONG SHAN SHIPMANAGEMENT","Rosjan Maritime Register of Shipping","","42","","","AGNI (since 01/06/2025) | Agnes (since 01/02/2023) | La Boheme (since 01/08/2013) | Juniper 3 (since 01/04/2013) | Omega Emmanuel (since 01/03/2007)","Cameroon (since 01/12/2025) | Gambia FALSE (since 01/11/2025) | Malawi False (since 01/06/2025) | Not Known (since 01/05/2025) | Djibouti (since 01/03/2025) | Guyana False (since 01/02/2025) | Not Known (since 01/12/2024) | Panama (since 01/07/2024) | Palau (Republic of) (since 01/02/2023) | Marshall Islands (since 01/08/2013) | Liberia (since 01/03/2007)","10","4","ATBARA MARITIME CORP (since 22/02/2024) | AGNES SHIPPING & MARINE INC (since 16/02/2023) | PST ENERGY 3 SHIPPING LLC (since 29/08/2013)","","False","False","Rosja"
"1021570","OCEAN 28","Deck Cargo Ship","(Guyana False)","UNKNOWN","","2022","16809","24623","In Service/Commission","GUANGDONG YAQING SHIPPING CO","HONGKONG YAQING SHIPPING CO LT","HONGKONG YAQING SHIPPING CO LT","April 2025","","0","","","OCEAN 28 (since 01/09/2024) | Ya Qing Hai Yang (since 01/02/2022)","Guyana False (since 01/02/2025) | China Peoples's Republic (since 01/01/2025) | Panama (since 01/09/2024) | China Peoples's Republic (since 01/02/2022)","3","1","","","False","False","Rosja"
"9282508","CAUVERI","Crude Oil Tanker","(Cameroon)","TJMOK5","","2005","63598","113782","In Service/Commission","JALYAN SHIP MANAGEMENT","JALYAN SHIP MANAGEMENT","JALYAN SHIP MANAGEMENT","Bureau Veritas (IACS)","","39","","","CAUVERI (since 01/10/2022) | Forties (since 01/12/2018) | British Robin (since 01/09/2005)","Cameroon (since 01/01/2026) | Panama (since 01/10/2022) | Marshall Islands (since 01/12/2018) | Isle of Man (since 01/09/2005)","3","2","JALYAN SHIP MANAGEMENT (since 15/04/2026) | DUORO SHIPPING INC (since 27/10/2022) | UCC 4 LTD (since 27/11/2018)","","False","False","Rosja"
"9235000","COATLICUE","Crude Oil Tanker","(Cameroon)","TJM64N","","2001","56346","105322","In Service/Commission","TRIDENT HARMONY LTD","TRIDENT HARMONY LTD","SEAPON SHIP MANAGEMENT LLP","Rosjan Maritime Register of Shipping","","26","","","COATLICUE (since 01/11/2020) | Trident Harmony (since 01/02/2020) | Happy C (since 01/10/2019) | Happy Century (since 01/07/2018) | Eagle Stealth (since 01/02/2007) | Nord Stealth (since 01/01/2001)","Cameroon (since 01/02/2026) | Not Known (since 01/10/2025) | Djibouti (since 01/10/2021) | Belize (since 01/11/2020) | Panama (since 01/06/2018) | Marshall Islands (since 01/01/2017) | Malta (since 01/01/2017) | Marshall Islands (since 01/02/2007) | Malta (since 01/01/2002) | Denmark (DIS) (since 01/12/2001)","9","5","TRIDENT HARMONY LTD (during 03/2020) | MERCANTILE & MARITIME TRADING (during 10/2019) | SYNERGY MARINE COPENHAGEN AS (since 11/12/2001)","","False","False","Rosja"
"9251274","CRIUS","Crude Oil Tanker","(Not Known)","UNKNOWN","","2003","60381","104964","In Service/Commission","CRIUS LTD","CRIUS LTD","UNKNOWN","May 2026","","8","","","CRIUS (since 01/11/2022) | Khafji (since 01/12/2014) | Aldebaran Star (since 01/06/2003)","Not Known (since 01/01/2025) | Panama (since 01/11/2022) | Saudi Arabia (since 01/02/2017) | Liberia (since 01/06/2003)","3","2","CRIUS LTD (since 15/11/2022) | NATIONAL SHPG CO SAUDI ARABIA (since 15/12/2014) | BAHRI OIL TRANSPORTATION (during 12/2010)","","False","False","Rosja"
"9306627","PROGRESS","Crude Oil Tanker","(Rosja)","UAZD3","","2007","61724","109672","In Service/Commission","LEGACY MARINE LLC","LEGACY MARINE LLC","LEGACY MARINE LLC","China Classification Society (IACS)","","24","","","PROGRESS (since 01/11/2025) | Wu Tong (since 01/10/2024) | Huang He (since 01/06/2023) | Kudos (since 01/11/2017) | LR Aldebaran (since 01/12/2012) | Torm Margit (since 01/04/2007)","Rosja (since 01/11/2025) | Benin False (since 01/07/2025) | Not Known (since 01/05/2025) | Panama (since 01/06/2023) | Marshall Islands (since 01/11/2017) | Singapore (since 01/11/2017) | Marshall Islands (since 01/12/2012) | Singapore (since 01/06/2011) | Denmark (DIS) (since 01/10/2009) | Norway (NIS) (since 01/04/2007)","9","5","LEGACY MARINE LLC (since 30/11/2025) | OCEAN SHIPPING & MARINE INC (since 12/06/2023) | ARMONIA VENTURES LTD (since 22/11/2017) | TORM A/S (since 18/04/2007)","","False","False","Rosja"
"9436018","DG HONG KONG","Crude Oil Tanker","(Cameroon)","TJM04V","","2009","62775","112871","In Service/Commission","EURUS SHIPPING CO LTD-HKG","NORDIC CRIUS SHIPPING CO LTD","NORDIC CRIUS SHIPPING CO LTD","Lloyd's Register (IACS)","","37","","","DG HONG KONG (since 01/10/2025) | Ocean Pearl (since 01/06/2025) | Venetians (since 01/04/2025) | Jinjiang Experience (since 01/01/2025) | Huihai Indianocean (since 01/04/2024) | Afragold (since 01/11/2023) | Iridescent (since 01/12/2016) | V8 Stealth (since 01/11/2009) | Cape Antigua (since 01/11/2009)","Cameroon (since 01/10/2025) | Mozambique False (since 01/08/2025) | Palau (Republic of) (since 01/04/2025) | Panama (since 01/04/2024) | Liberia (since 01/12/2016) | Marshall Islands (since 01/11/2009)","5","8","EURUS SHIPPING CO LTD-HKG (since 25/04/2025) | DAYU ENERGY HOLDINGS CO LTD (since 26/04/2024) | MAYHEM CRUDE INC (since 23/11/2009) | CAPE ANTIGUA SHIPPING CO LTD (during 12/2008) | SCHOELLER HOLDINGS LTD (during 05/2008)","","False","False","Rosja"
"9372559","KAPITAN GOTSKY","Crude Oil Tanker","(Rosja)","UBCF2","","2008","49597","72722","In Service/Commission","LOUKIO SHIPPING CO LTD","SCF TM LTD","SCF TM LTD","Rosjan Maritime Register of Shipping","","4","","","KAPITAN GOTSKY (since 01/05/2008)","Rosja (since 01/05/2008)","0","0","LOUKIO SHIPPING CO LTD (since 27/05/2008)","","False","False","Rosja"
"9308833","KUSTO","Crude Oil Tanker","(Sierra leone)","9LU2059","","2005","58667","105047","In Service/Commission","AURYVEXEN DOCKWORKS LTD","AURYVEXEN DOCKWORKS LTD","HARBOR HARMONY SHIPMANAGEMENT","Rosjan Maritime Register of Shipping","","37","","","KUSTO (since 01/04/2024) | Lovina (since 01/10/2005)","Sierra leone (since 01/06/2025) | Panama (since 01/12/2024) | Cook islands (since 01/04/2024) | Marshall Islands (since 01/02/2019) | Greece (since 01/02/2007) | Malta (since 01/10/2005) | Greece (since 01/01/2005)","6","1","AURYVEXEN DOCKWORKS LTD (since 09/12/2025) | SOLSTICE CORP (since 29/04/2024) | MUSK SHIPHOLDING INC (since 28/10/2005)","","False","False","Rosja"
"9255672","LEBRE","Crude Oil Tanker","(Sierra leone)","9LU2045","","2004","57301","105330","In Service/Commission","MY FALLEN LTD","MY FALLEN LTD","ANCHOR ELITE SHIPMANAGEMENT","Rosjan Maritime Register of Shipping","","39","","","LEBRE (since 01/04/2024) | Isabella (since 01/02/2004)","Sierra leone (since 01/07/2025) | Barbados (since 01/11/2024) | Cook islands (since 01/04/2024) | Malta (since 01/02/2004)","3","1","MY FALLEN LTD (since 04/04/2024) | SENSATIONAL SERVICES SA (since 01/08/2006)","","False","False","Rosja"
"9348479","TIRAL","Crude Oil Tanker","(Sierra leone)","9LU2752","","2006","61473","115838","In Service/Commission","IRONTAR PORTFORGE LTD","IRONTAR PORTFORGE LTD","UNKNOWN","Rosjan Maritime Register of Shipping","","45","","","TIRAL (since 01/05/2026) | Lucky Fairy (since 01/12/2023) | Aegean Myth (since 01/08/2006)","Sierra leone (since 01/05/2026) | Cameroon (since 01/12/2025) | Gambia FALSE (since 01/08/2025) | Not Known (since 01/05/2025) | Panama (since 01/12/2023) | Greece (since 01/08/2006)","5","2","IRONTAR PORTFORGE LTD (since 13/05/2026) | XINGJUN INTERNATIONAL GROUP (since 28/12/2023) | HELLENIC ANGEL SHIPPING (since 28/08/2006)","","False","False","Rosja"
"9409259","SPIRIT 2","Crude Oil Tanker","(Equatorial Guinea)","3CAN32","","2008","62775","113091","In Service/Commission","SAGARVANI SHIPPING PVT LTD","SAGARVANI SHIPPING PVT LTD","SAGARVANI SHIPPING PVT LTD","Lloyd's Register (IACS)","","32","","","SPIRIT 2 (since 01/02/2025) | Free Spirit (since 01/04/2014) | STI Spirit (since 01/11/2010) | Atlantic Spirit (since 01/11/2008)","Equatorial Guinea (since 01/05/2026) | Sierra leone (since 01/11/2025) | Palau (Republic of) (since 01/07/2025) | Not Known (since 01/06/2025) | Panama (since 01/02/2025) | Marshall Islands (since 01/11/2010) | Cyprus (since 01/11/2008)","6","3","SAGARVANI SHIPPING PVT LTD (since 16/11/2025) | BRAHMA SHIPPING LTD-SEY (since 25/02/2025) | CORALIA SHIPPING CO (since 22/04/2014)","","False","False","Rosja"
"9299771","MIRES","Crude Oil Tanker","(Sierra leone)","9LS2063","","2005","57243","106094","In Service/Commission","CALYNDRA COMPASS LTD","CALYNDRA COMPASS LTD","FLEETCRAFT MANAGEMENT LLC","Registro Italiano Navale (IACS)","","35","","","MIRES (since 01/09/2024) | S-Trust (since 01/12/2021) | Kanpur (since 01/09/2006) | Alhasbah (since 01/12/2005)","Sierra leone (since 01/09/2024) | Liberia (since 01/09/2006) | Qatar (since 01/11/2005)","2","3","CALYNDRA COMPASS LTD (since 21/01/2026) | ANCORA VOYAGE LTD (since 09/09/2024) | NEW TREND LTD (since 16/12/2021) | TREMAIN SHIPPING CO LTD (since 28/09/2006) | QATAR SHIPPING CO WLL (since 30/11/2005)","","False","False","Rosja"
"9332822","NICHOLE","Crude Oil Tanker","(Cameroon)","TJM03I","","2007","59164","115577","In Service/Commission","SEA SWIFT CO LTD","SUNTUN MANAGEMENT LTD","SUNTUN MANAGEMENT LTD","Lloyd's Register (IACS)","","30","","","NICHOLE (since 01/08/2022) | Nicholas (since 01/04/2022) | Taurus Sun (since 01/12/2013) | Pacific Brave (since 01/05/2007)","Cameroon (since 01/08/2025) | Gambia (since 01/03/2025) | Panama (since 01/03/2024) | Hong Kong, China (since 01/08/2022) | Marshall Islands (since 01/04/2022) | Liberia (since 01/12/2013) | Hong Kong, China (since 01/05/2007)","6","3","SEA SWIFT CO LTD (since 17/02/2025) | WEALTHY CARRIER LTD (since 29/08/2022) | HOLTEV SHIPPING INC (since 03/12/2013)","","False","False","Rosja"
"9323376","CHARIOT TIDE","Chemical/Oil Products Tanker","(Myanmar union of)","XYZ7592","","2007","30701","52648","In Service/Commission","CHARIOT MARITIME SERVICES TRDG","CHARIOT MARITIME SERVICES TRDG","UNKNOWN","Rosjan Maritime Register of Shipping","","39","","","CHARIOT TIDE (since 01/11/2025) | Marabella Sun (since 01/08/2023) | Piltene (since 01/10/2007)","Myanmar union of (since 01/03/2026) | Mozambique False (since 01/03/2026) | Cameroon (since 01/02/2026) | Not Known (since 01/12/2025) | Gambia FALSE (since 01/11/2025) | Comoros FALSE (since 01/08/2025) | Comoros (since 01/05/2025) | Tanzania (since 01/01/2025) | Panama (since 01/11/2024) | Cook islands (since 01/08/2023) | Marshall Islands (since 01/10/2007)","10","2","CHARIOT MARITIME SERVICES TRDG (since 15/02/2026) | LOTTY MARINE - FZCO (since 23/08/2023) | SKRUNDA NAVIGATION INC (since 30/10/2007)","","False","False","Rosja"
"9308857","RYMO","Crude Oil Tanker","(Sierra leone)","9LU2800","","2006","58418","104955","In Service/Commission","ZORVANIS FAIRWINDS LTD","ZORVANIS FAIRWINDS LTD","FLEETCRAFT MANAGEMENT LLC","May 2026","","40","","","RYMO (since 01/04/2024) | Carmel (since 01/04/2006)","Sierra leone (since 01/07/2025) | Panama (since 01/10/2024) | Cook islands (since 01/04/2024) | Liberia (since 01/10/2022) | Malta (since 01/04/2016) | Greece (since 01/04/2007) | Malta (since 01/04/2006)","6","1","ZORVANIS FAIRWINDS LTD (since 03/03/2026) | SERENE HOLDINGS CORP (since 29/04/2024) | RANGER NAVIGATION LTD (since 25/04/2006)","","False","False","Rosja"
"9302970","SAGAR 1","Crude Oil Tanker","(Panama)","3E5077","","2005","56146","106468","In Service/Commission","MINGYANG NAVIGATION INC","MINGYANG NAVIGATION INC","PINYIN SHIP MANAGEMENT","Nippon Kaiji Kyokai (IACS)","","45","","","Hai 1 (since 01/09/2024) | SAGAR 1 (since 01/09/2024) | Sea 1 (since 01/12/2022) | Sealoyalty (since 01/04/2014) | Garden City River (since 01/05/2005)","Panama (since 01/05/2023) | St.Kitts and Nevis (since 01/12/2022) | Malta (since 01/04/2014) | Singapore (since 01/05/2005)","3","4","MINGYANG NAVIGATION INC (since 09/09/2024) | WATER WORLD SHIPPING LTD (since 09/09/2024) | WATER SPRINGS INC (since 07/12/2022) | FORTUNE SHIPPING & MARITIME (since 07/04/2014) | KUMIAI NAVIGATION PTE LTD (since 24/05/2005)","","False","False","Rosja"
"9292981","NOBLE WALKER","Crude Oil Tanker","(Aruba False)","UNKNOWN","","2004","58194","105274","In Service/Commission","RPTD SOLD UNDISCLOSED INTEREST","RPTD SOLD UNDISCLOSED INTEREST","UNKNOWN","May 2026","","19","","","NOBLE WALKER (since 01/07/2025) | Sagar Violet (since 01/05/2022) | Bunga Kelana 10 (since 01/09/2004)","Aruba False (since 01/07/2025) | Not Known (since 01/05/2025) | Palau (Republic of) (since 01/11/2022) | Panama (since 01/05/2022) | Malaysia (during 2004)","4","2","RPTD SOLD UNDISCLOSED INTEREST (since 14/07/2025) | AET PETROLEUM TANKER M (since 16/12/2005) | MISC BHD (since 01/01/2004)","","False","False","Rosja"
"9577094","GARNET","Crude Oil Tanker","(Oman)","A4DW9","","2011","42208","74548","In Service/Commission","SHANTAL NAVIGATION CORP","DREAMER SHIPMANAGEMENT LLC-FZ","DREAMER SHIPMANAGEMENT LLC-FZ","Indian Register of Shipping (IACS)","","21","","","GARNET (since 01/10/2025) | Pathfinder (since 01/09/2024) | SCF Provider (since 01/03/2011)","Oman (since 01/10/2025) | Comoros FALSE (since 01/06/2025) | Barbados (since 01/09/2024) | Gabon (since 01/02/2024) | Liberia (since 01/03/2011)","4","2","SHANTAL NAVIGATION CORP (since 27/09/2024) | GOREY SHIPPING LTD (since 21/03/2011)","","False","False","Rosja"
"9291262","SILVAR","Crude Oil Tanker","(Cameroon)","TJMA37","","2005","63694","114834","In Service/Commission","LASIGLIA INVESTMENT INC","FLEET TANQO PVT LTD","FLEET TANQO PVT LTD","Lloyd's Register (IACS)","","35","","","SILVAR (since 01/06/2024) | Rowan (since 01/11/2023) | Themis 1 (since 01/08/2022) | Matterhorn Spirit (since 01/10/2005)","Cameroon (since 01/01/2026) | Panama (since 01/08/2022) | Bahamas (since 01/10/2005)","2","3","LASIGLIA INVESTMENT INC (since 22/06/2024) | THEMIS LINES INC (since 06/09/2022) | MATTERHORN SPIRIT LLC (since 11/10/2005)","","False","False","Rosja"
"9292979","SAI","Crude Oil Tanker","(Panama)","3E5068","","2004","58194","105200","In Service/Commission","GURU PURAB SHIPPING & TRADING","GURU PURAB SHIPPING & TRADING","ANAGHA SHIP MANAGEMENT","Indian Register of Shipping (IACS)","","24","","","SAI (since 01/11/2025) | Space 1 (since 01/10/2024) | Sky 1 (since 01/03/2022) | Bunga Kelana 9 (since 01/08/2004)","Panama (since 01/05/2022) | St.Kitts and Nevis (since 01/03/2022) | Malaysia (during 2004)","2","3","GURU PURAB SHIPPING & TRADING (since 07/11/2025) | JAL TARA SHIPPING LTD (since 24/10/2024) | WATER VERDE LTD (since 31/03/2022) | AET PETROLEUM TANKER M (since 16/12/2005) | MISC BHD (since 01/01/2004)","","False","False","Rosja"
"9386536","SOGLASIYE","Crude Oil Tanker","(Rosja)","UAJF4","","2009","62775","113021","In Service/Commission","CHIWEI INTERNATIONAL GROUP LTD","CHIWEI INTERNATIONAL GROUP LTD","LEGACY MARINE LLC","Rosjan Maritime Register of Shipping","","36","","","SOGLASIYE (since 01/04/2026) | Spring Fortune (since 01/04/2024) | Gstaad Grace Ii (since 01/02/2024) | Stealth Haralambos (since 01/11/2020) | Seadelta (since 01/01/2014) | Stealth Haralambos (since 01/01/2009) | Cape Alba (since 01/09/2008)","Rosja (since 01/04/2026) | Cameroon (since 01/12/2025) | Gambia FALSE (since 01/07/2025) | Panama (since 01/04/2024) | Marshall Islands (since 01/11/2020) | Malta (since 01/01/2014) | Greece (since 01/01/2009)","6","6","CHIWEI INTERNATIONAL GROUP LTD (since 29/04/2024) | ALPINE HYDROCARBONS INC (since 28/02/2024) | TANK PASHA INC (since 22/01/2009)","","False","False","Rosja"
"9372561","TIMOFEY GUZHENKO","Crude Oil Tanker","(Rosja)","UBQF5","","2009","49597","72722","In Service/Commission","LORAMA SHIPPING CO LTD","SCF TM LTD","SCF TM LTD","Rosjan Maritime Register of Shipping","","4","","","TIMOFEY GUZHENKO (since 01/02/2009)","Rosja (since 01/02/2009)","0","0","LORAMA SHIPPING CO LTD (since 24/02/2009)","","False","False","Rosja"
"9297345","URSUS MARITIMUS","Crude Oil Tanker","(Liberia)","5LIQ2","","2005","63598","113782","In Service/Commission","ARISTODIMOS SA","DIS LOGISTICS DMCC","COUGAR NAUTIC INC","Registro Italiano Navale (IACS)","","33","","","URSUS MARITIMUS (since 01/11/2022) | Alba (since 01/10/2018) | British Cygnet (since 01/11/2005)","Liberia (since 01/11/2022) | Marshall Islands (since 01/10/2018) | Isle of Man (since 01/11/2005)","2","2","ARISTODIMOS SA (since 04/11/2022) | UCC 5 LTD (since 18/10/2018) | SONATA LTD (since 03/11/2005)","","False","False","Rosja"
"9262924","UTAKI","Crude Oil Tanker","(Sierra leone)","9LS2037","","2002","56573","109189","In Service/Commission","PHORVANE QUAYS LTD","PHORVANE QUAYS LTD","BSTLS SHIPPING LLC","Rosjan Maritime Register of Shipping","","43","","","UTAKI (since 01/08/2024) | Linda I (since 01/01/2022) | Lin Dan (since 01/01/2021) | Guneshli (since 01/06/2012) | Intrepid Reliance (since 01/05/2006) | Lita (since 01/09/2002)","Sierra leone (since 01/08/2025) | Not Known (since 01/07/2025) | Sierra leone (since 01/08/2024) | Panama (since 01/01/2021) | Malta (since 01/06/2012) | Marshall Islands (since 01/05/2006) | Greece (since 01/09/2002) | Greece (since 01/09/2002)","7","5","PHORVANE QUAYS LTD (since 09/12/2025) | JUST MARINE LTD (since 01/08/2024) | SPASTIC OCEANWAY LTD (since 14/01/2022) | UML NAVIGATION 7 LTD (since 05/01/2017) | OCEAN NAVIGATION 7 CO LTD (since 27/06/2012) | ESSENTIAL SHIPPING CO LTD (since 01/01/2002)","","False","False","Rosja"
"9866392","VOSTOCHNY PROSPECT","Crude Oil Tanker","(Rosja)","UBEZ2","","2023","65141","112595","In Service/Commission","SCF ECO OOO","SOVCOMFLOT","SCF TM LTD","Rosjan Maritime Register of Shipping","","0","","","VOSTOCHNY PROSPECT (since 01/12/2023)","Rosja (since 01/12/2023)","0","0","SCF ECO OOO (since 25/09/2025) | SOVCOMFLOT (since 08/12/2023)","","False","False","Rosja"
"9196644","ELVA","Crude Oil Tanker","(Gambia)","C5J403","","2002","159383","298465","In Service/Commission","LUFINDO HOLDING LTD","INAYA SHIP MANAGEMENT PVT LTD","UNKNOWN","May 2026","","19","","","ELVA (since 01/11/2022) | Ekaterina (since 01/02/2020) | Front Hakata (since 01/06/2012) | Otina (since 01/04/2004) | Hakata (since 01/06/2002)","Gambia (since 01/11/2024) | Sao Tome and Principe (since 01/04/2024) | Sao Tome & Principe FALSE (since 01/11/2022) | Samoa FALSE (since 01/09/2020) | Not Known (since 01/08/2020) | St.Kitts and Nevis (since 01/02/2020) | Bahamas (since 01/06/2012) | Isle of Man (since 01/05/2004) | Bahamas (during 2002)","8","4","LUFINDO HOLDING LTD (since 04/11/2022) | HITACHI HULL 4983 LTD (during 06/2004)","","False","False","Rosja"
"9262766","FIONA II","Crude Oil Tanker","(Not Known)","UNKNOWN","","2003","159912","300727","In Service/Commission","EUNOMIA LTD","SHUNXIANG SHIP MANAGEMENT LTD","SHUNXIANG SHIP MANAGEMENT LTD","Nippon Kaiji Kyokai (IACS)","","20","","","FIONA II (since 01/02/2021) | Selene Trader (since 01/09/2003)","Not Known (since 01/12/2024) | Panama (since 01/09/2003)","1","1","EUNOMIA LTD (since 25/02/2021) | LEGACY SHIPPING NAVIGATION (since 01/03/2014)","","False","False","Rosja"
"9166675","FT ISLAND","Crude Oil Tanker","(Honduras)","HQAI6","","1998","157976","311189","In Service/Commission","ASIA AFFLUENCE LTD","GAFFODIL CO LTD","GAFFODIL CO LTD","May 2026","","26","","","FT ISLAND (since 01/11/2019) | Ccpc Vanguard (since 01/03/2017)","Honduras (since 01/11/2019) | Liberia (since 01/03/2017) | Marshall Islands (since 01/01/2005) | Bahamas (before 2000)","3","1","ASIA AFFLUENCE LTD (since 09/11/2019) | CCPC VANGUARD CO LTD (since 10/03/2017)","","False","False","Rosja"
"9271951","MOCHA","Oil Products Tanker","(Cameroon)","TJMOW7","","2004","28114","45840","In Service/Commission","VIRGO SHIPOWNER INC","VIRGO SHIPOWNER INC","OCEANIC STEAMSHIPS LTD","China Classification Society (IACS)","","59","","","MOCHA (since 01/03/2025) | Facca (since 01/02/2023) | Bacci (since 01/12/2022) | Barcan III (since 01/10/2019) | CCPC Voyager (since 01/03/2019) | Ardmore Seamaster (since 01/10/2010) | Formosa Twelve (since 01/09/2004)","Cameroon (since 01/12/2025) | Gambia (since 01/07/2025) | Not Known (since 01/06/2025) | Palau (Republic of) (since 01/03/2025) | Not Known (since 01/12/2024) | Panama (since 01/09/2019) | Liberia (since 01/03/2019) | Marshall Islands (since 01/10/2010) | Liberia (since 01/09/2004)","8","6","VIRGO SHIPOWNER INC (since 08/02/2023) | SHANNON SHIPCO LLC (since 19/10/2010)","","False","False","Rosja"
"9297888","WALRUS","Crude Oil Tanker","(Cameroon)","TJM6EV","","2006","84601","163288","In Service/Commission","AMBER SHIPPING INC-SEY","AMBER SHIPPING INC-SEY","TULUVAI SHIPPING PVT LTD","Rosjan Maritime Register of Shipping","","30","","","WALRUS (since 01/06/2025) | Walrus 1 (since 01/02/2025) | Cordelia Moon (since 01/11/2023) | Seadancer (since 01/01/2006)","Cameroon (since 01/01/2026) | Palau (Republic of) (since 01/06/2025) | Not Known (since 01/05/2025) | Panama (since 01/11/2023) | Malta (since 01/12/2017) | Bahamas (since 01/01/2006)","5","3","AMBER SHIPPING INC-SEY (since 16/11/2023) | KINGSBURY NAVIGATION (since 04/01/2006)","","False","False","Rosja"
"9503304","GENERAL SKOBELEV","Oil Products Tanker","(Rosja)","UBKF8","","2008","7833","13030","In Service/Commission","SC PERSPECTIVE LTD","SC PERSPECTIVE LTD","UNIVERSAL TRANSPORT GROUP LLC","Rosjan Maritime Register of Shipping","","13","","","GENERAL SKOBELEV (since 01/12/2021) | Agsu (since 01/05/2008)","Rosja (since 01/04/2009) | Malta (since 01/05/2008)","1","1","SC PERSPECTIVE LTD (since 16/09/2024) | PAL SHIPPING TRADER THREE (since 29/05/2008)","","False","False","Rosja"
"9109861","PRINCESS EVA","General Cargo Ship","(Cameroon)","TJMC40","","1994","6141","7120","In Service/Commission","TINASHE TRADING LTD","MCSHIPPING - FZCO","MCSHIPPING - FZCO","May 2026","","73","","","PRINCESS EVA (since 01/08/2024) | Jasmin Queen (since 01/08/2019) | Hai Duong 01 (since 01/08/2015) | Ku Am (since 01/10/2000)","Cameroon (since 01/11/2020) | Togo (since 01/08/2019) | Panama (since 01/08/2015) | Korea (Republic of) (since 01/10/2006) | Korea (Republic of) (since 01/10/2000)","4","3","TINASHE TRADING LTD (since 27/06/2024) | YASEMIN SHIPPING CO (since 16/08/2019) | HAI DUONG MARITIME CO LTD (since 01/09/2015) | SHINSUNG SHIPPING CO LTD (during 2000)","","False","False","Rosja"
"9410387","JAYA","Crude Oil Tanker","(Not Known)","UNKNOWN","","2008","160160","310084","In Service/Commission","RPTD SOLD UNDISCLOSED INTEREST","RPTD SOLD UNDISCLOSED INTEREST","UNKNOWN","Korean Register (IACS)","","7","","","JAYA (since 01/12/2023) | Monoceros (since 01/07/2022) | Duqm (since 01/11/2008)","Not Known (since 01/12/2024) | Marshall Islands (since 01/01/2024) | Gabon (since 01/12/2023) | Barbados (since 01/03/2023) | Liberia (since 01/07/2022) | Panama (since 01/11/2008)","5","2","RPTD SOLD UNDISCLOSED INTEREST (since 03/12/2024) | LINDOR VELLA CO LTD (since 09/03/2023) | DUQM MARITIME TRANSPORTION CO (since 14/11/2008)","","False","False","Rosja"
"9613551","ALEKSEY CHIRIKOV","Offshore Supply Ship","(Rosja)","UBXJ4","","2013","7487","4191","In Service/Commission","GLOBAL CHALLENGE SHIPPING CO","SCF TM LTD","SCF TM LTD","Rosjan Maritime Register of Shipping","","1","","","ALEKSEY CHIRIKOV (since 01/04/2013)","Rosja (since 01/04/2013)","0","0","GLOBAL CHALLENGE SHIPPING CO (since 20/04/2013)","","False","False","Rosja"
"9280885","APUS","Crude Oil Tanker","(Not Known)","UNKNOWN","","2004","80620","159055","In Service/Commission","NANGLE JILLI LTD","NANGLE JILLI LTD","OCCEE CO LTD","Indian Register of Shipping (IACS)","","31","","","APUS (since 01/07/2022) | Astro Phoenix (since 01/01/2004)","Not Known (since 01/01/2025) | Panama (since 01/07/2022) | Greece (during 2004)","2","1","NANGLE JILLI LTD (since 12/07/2022) | PHOENICE ENE (since 01/01/2007) | REGION ENTERPRISES INC (since 20/05/2004)","","False","False","Rosja"
"9281152","AQUILA II","Crude Oil Tanker","(Panama False)","UNKNOWN","","2004","80620","159073","In Service/Commission","LINNET MARGUERITE LTD","LINNET MARGUERITE LTD","OCCEE CO LTD","Korean Register (IACS)","","32","","","AQUILA II (since 01/07/2022) | Astro Polaris (during 2004)","Panama False (since 01/01/2025) | Panama (since 01/07/2022) | Greece (since 01/03/2004)","2","1","LINNET MARGUERITE LTD (since 12/07/2022) | POLAR STAR ENE (since 01/01/2007) | CONTINENTAL TRANSPORT (since 30/03/2004)","","False","False","Rosja"
"9650016","RN SAKHALIN","Oil Products Tanker","(Rosja)","UBCP8","","2018","2824","3202","In Service/Commission","ROSNEFTEFLOT JSC","ROSNEFTEFLOT JSC","ROSNEFTEFLOT JSC","Rosjan Maritime Register of Shipping","","0","","","RN SAKHALIN (since 01/10/2018)","Rosja (since 01/10/2018)","0","0","ROSNEFTEFLOT JSC (since 19/10/2018)","","False","False","Rosja"
"9273387","ASTRA","Chemical/Oil Products Tanker","(Vietnam)","XVJT7","","2003","20033","32363","In Service/Commission","STRAVAX SHIPPING CO LTD","STRAVAX SHIPPING CO LTD","STRAVAX SHIPPING CO LTD","Indian Register of Shipping (IACS)","","73","","","ASTRA (since 01/10/2024) | Spirit (since 01/10/2021) | Chembulk New Orleans (since 01/08/2003)","Vietnam (since 01/10/2021) | Marshall Islands (since 01/11/2015) | Singapore (during 2002)","2","2","STRAVAX SHIPPING CO LTD (since 15/05/2025) | OCEAN EXPRESS SHIPPING CO LTD (since 04/11/2024) | SAO VIET PETROL TRANSPORTATION (since 15/10/2021) | CHEMBULK NEW ORLEANS LLC (since 30/11/2015) | SHENLONG MARITIME PTE LTD (since 01/01/2002)","","False","False","Rosja"
"9198783","MARIA","Chemical/Oil Products Tanker","(Rosja)","UBGX6","","2000","44067","74999","In Service/Commission","SUNOR ILLC","SUNOR ILLC","NEW SHIPPING COMPANY LLC","Rosjan Maritime Register of Shipping","","25","","","MARIA (since 01/03/2025) | Boray (since 01/11/2014) | Moray (since 01/07/2009) | Gulf Progress (since 01/04/2000)","Rosja (since 01/03/2025) | Rosja (since 01/05/2022) | Malta (since 01/10/2014) | Marshall Islands (since 01/07/2009)","3","3","SUNOR ILLC (since 24/08/2017)","","False","False","Rosja"
"9201994","BUK","Tug","(Rosja)","UBOE3","","2000","389","300","In Service/Commission","RPK NORD LLC","RPK NORD LLC","UNKNOWN","November 2025","","8","","","BUK (since 01/08/2016) | Mekhanik Frolov (since 01/06/2007) | Sarah (since 01/10/2004) | Kaptan Emre Omur (since 01/05/2000)","Rosja (since 01/03/2009) | Latvia (since 01/05/2008) | Rosja (since 01/06/2007) | Bahrain (since 01/10/2004) | St Vincent and Grenadines (during 2004)","4","3","RPK NORD LLC (during 08/2016) | MASCO JSC (since 01/06/2007) | MED MARINE KILAVUZLUK (during 2000)","","False","False","Rosja"
"9411331","KLEVER","Crude Oil Tanker","(Rosja)","UAVE6","","2009","81347","158033","In Service/Commission","IDAS LLC","IDAS LLC","IDAS LLC","Rosjan Maritime Register of Shipping","","23","","","KLEVER (since 01/12/2025) | Canara (since 01/02/2025) | Cankiri (since 01/02/2023) | George S. (since 01/07/2009)","Rosja (since 01/12/2025) | Not Known (since 01/11/2025) | Gambia (since 01/08/2025) | Comoros FALSE (since 01/05/2025) | Comoros (since 01/04/2025) | Barbados (since 01/02/2025) | Panama (since 01/02/2023) | Marshall Islands (since 01/04/2019) | Liberia (since 01/07/2009)","8","3","IDAS LLC (since 26/12/2025) | EAST ASIAN HONG KONG LTD (since 28/02/2023) | ROMEO INVESTMENTS INC (since 22/07/2009)","","False","False","Rosja"
"9271327","APPLE","Crude Oil Tanker","(Equatorial Guinea)","3CAN21","","2003","56477","105845","In Service/Commission","AQUA FLEET LTD-ABB","NORTH STAR SHIPPING LTD","UNKNOWN","DNV-GL (ex DNV) (IACS)","","46","","","APPLE (since 01/03/2026) | View (since 01/03/2025) | Cup (since 01/02/2024) | Lea (since 01/05/2022) | Iblea (since 01/03/2003)","Equatorial Guinea (since 01/03/2026) | Guinea False (since 01/03/2025) | Antigua and Barbuda (since 01/02/2024) | Liberia (since 01/05/2022) | Germany (since 01/05/2022) | Liberia (since 01/03/2003) | Germany (since 01/03/2003)","6","4","AQUA FLEET LTD-ABB (since 30/03/2026) | RPTD SOLD UNDISCLOSED INTEREST (since 04/03/2025) | BLUEJOURNEY SHIPPING LTD (since 16/02/2024) | IBLEA GMBH & CO (since 27/06/2003)","","False","False","Rosja"
"9385142","ALMOND","Chemical/Oil Products Tanker","(Rosja)","UARD7","","2009","29967","50923","In Service/Commission","NORTH FLEET LTD","NORTH FLEET LTD","NORTH FLEET LTD","Rosjan Maritime Register of Shipping","","29","","","ALMOND (since 01/03/2025) | Diamond (since 01/09/2024) | SCF Don (since 01/08/2016) | Prisco Elizaveta (since 01/04/2009)","Rosja (since 01/09/2025) | Comoros FALSE (since 01/05/2025) | Comoros (since 01/03/2025) | Barbados (since 01/09/2024) | Gabon (since 01/01/2024) | Liberia (since 01/08/2016) | Cyprus (since 01/04/2009)","6","3","NORTH FLEET LTD (since 01/09/2025) | MANDOLIN SHIPPING LTD (since 20/09/2024) | SUPER SHIPPING CORP (since 22/08/2016)","","False","False","Rosja"
"9888182","DMITRY MENDELEEV","Bunkering Tanker (LNG)","(Rosja)","UBJV8","","2021","6690","3594","In Service/Commission","SHTURMAN KOSHELEV LLC","GAZPROMNEFT SHIPPING LLC","GAZPROMNEFT SHIPPING LLC","Rosjan Maritime Register of Shipping","","0","","","DMITRY MENDELEEV (since 01/08/2021)","Rosja (since 01/08/2021)","0","0","SHTURMAN KOSHELEV LLC (since 10/08/2021)","","False","False","Rosja"
"8730077","DOBRYNYA","Tug","(Rosja)","UBOO","","1989","182","57","In Service/Commission","ROSMORPORT","ROSMORPORT","UNKNOWN","May 2026","","0","","","DOBRYNYA (during 1989)","Rosja (since 01/09/2011)","0","0","ROSMORPORT (since 13/09/2011)","","False","False","Rosja"
"9753739","FEDOR USHAKOV","Standby-Safety Vessel","(Rosja)","UBAQ3","","2017","8597","3825","In Service/Commission","AESTAMO SHIPPING CO LTD","SCF TM LTD","SCF TM LTD","Rosjan Maritime Register of Shipping","","0","","","FEDOR USHAKOV (since 01/10/2017)","Rosja (since 01/10/2017)","0","0","AESTAMO SHIPPING CO LTD (since 27/10/2017)","","False","False","Rosja"
"9749130","LADA","Chemical/Oil Products Tanker","(Rosja)","UBUO4","","2016","4979","6589","In Service/Commission","MAZK MANAGEMENT LLC","MAZK MANAGEMENT LLC","MAZK MANAGEMENT LLC","Registro Italiano Navale (IACS)","","17","","","New Ocean Wind 1 (since 01/06/2016) | LADA (since 01/06/2016)","Rosja (since 01/04/2026) | Palau (Republic of) (since 01/06/2024) | Rosja (since 01/11/2017) | Malta (since 01/11/2017) | Rosja (since 01/06/2016) | Rosja (since 01/06/2016)","5","1","MAZK MANAGEMENT LLC (since 29/04/2026) | HAI OCEAN SHIPPING CO LTD (since 21/06/2024) | MIDDLE VOLGA SHIPPING CO (before 11/2017) | PRIME SHIPPING LLC-RUS (since 24/06/2016)","","False","False","Rosja"
"9735141","MIDVOLGA","Chemical/Oil Products Tanker","(Rosja)","UBOM5","","2014","4979","6573","In Service/Commission","MAZK MANAGEMENT LLC","MAZK MANAGEMENT LLC","MAZK MANAGEMENT LLC","Rosjan Maritime Register of Shipping","","15","","","MIDVOLGA-3 (since 01/12/2014)","Rosja (since 01/12/2014)","0","0","MAZK MANAGEMENT LLC (since 11/07/2024) | MIDDLE VOLGA SHIPPING CO (since 23/12/2014)","","False","False","Rosja"
"9753741","YEVGENY PRIMAKOV","Standby-Safety Vessel","(Rosja)","UAUH","","2018","8626","3670","In Service/Commission","CARVINA SHIPPING CO LTD","SCF TM LTD","SCF TM LTD","Rosjan Maritime Register of Shipping","","0","","","YEVGENY PRIMAKOV (since 01/01/2018)","Rosja (since 01/01/2018) | Cyprus (since 01/01/2018)","1","0","CARVINA SHIPPING CO LTD (since 26/01/2018)","","False","False","Rosja"
"9211999","SOFIA","Crude Oil Tanker","(Rosja)","UBFX5","","2000","62569","113424","In Service/Commission","SUNOR ILLC","ROSEWOOD SHIPPING LLC","NEW SHIPPING COMPANY LLC","Rosjan Maritime Register of Shipping","","21","","","SOFIA (since 01/03/2025) | Sanar-7 (since 01/07/2013) | Valbruna (during 2000)","Rosja (since 01/03/2025) | Rosja (since 01/05/2022) | Malta (since 01/06/2013)","2","2","SUNOR ILLC (since 11/06/2013) | NAVIGAZIONE MONTANARI SPA (since 13/03/2008) | NAVIGAZIONE MONTANARI SPA (during 2000)","","False","False","Rosja"
"9212008","VICTORIA","Crude Oil Tanker","(Rosja)","UBFX8","","2000","62569","113424","Laid-Up","SUNOR ILLC","SUNOR ILLC","NEW SHIPPING COMPANY LLC","Rosjan Maritime Register of Shipping","","21","","","VICTORIA (since 01/03/2025) | Sanar-8 (since 01/05/2013) | Vallombrosa (during 2000)","Rosja (since 01/03/2025) | Rosja (since 01/05/2022) | Malta (since 01/05/2013)","2","2","SUNOR ILLC (since 23/05/2013) | NAVIGAZIONE MONTANARI SPA (since 13/03/2008) | NAVIGAZIONE MONTANARI SPA (since 29/07/2000)","","False","False","Rosja"
"9397559","ARIA","Chemical/Oil Products Tanker","(Rosja)","UAZC4","","2008","29967","50956","In Service/Commission","NORTH FLEET LTD","NORTH FLEET LTD","NORTH FLEET LTD","Rosjan Maritime Register of Shipping","","26","","","ARIA (since 01/11/2024) | SCF Angara (since 01/09/2016) | Prisco Ekaterina (since 01/12/2008)","Rosja (since 01/05/2025) | Barbados (since 01/11/2024) | Gabon (since 01/02/2024) | Liberia (since 01/09/2016) | Cyprus (since 01/12/2008)","4","2","NORTH FLEET LTD (since 28/05/2025) | BURGUNDY SHIPPING CORP (since 08/11/2024) | SCOPS NAVIGATION SA (since 20/09/2016)","","False","False","Rosja"
"9742120","GENNADIY NEVELSKOY","Offshore Supply Ship","(Rosja)","UDFS","","2017","8362","3259","In Service/Commission","NADELLE SHIPPING CO LTD","SCF TM LTD","SCF TM LTD","Rosjan Maritime Register of Shipping","","0","","","GENNADIY NEVELSKOY (since 01/03/2017)","Rosja (since 01/04/2017)","0","0","NADELLE SHIPPING CO LTD (since 02/03/2017)","","False","False","Rosja"
"9876359","IVAN AIVAZOVSKY","Chemical/Oil Products Tanker","(Rosja)","UATA4","","2025","30723","49053","In Service/Commission","SCF ATLANTIC LLC","SCF TM LTD","SCF TM LTD","Rosjan Maritime Register of Shipping","","0","","","IVAN AIVAZOVSKY (since 01/11/2025)","Rosja (since 01/11/2025)","0","0","SCF ATLANTIC LLC (since 23/11/2025)","","False","False","Rosja"
"9333682","KIRILL LAVROV","Crude Oil Tanker","(Rosja)","UBOL9","","2010","49866","70053","In Service/Commission","SCF PRIRAZLOMNOYE OOO","SCF TM LTD","SCF TM LTD","Rosjan Maritime Register of Shipping","","4","","","KIRILL LAVROV (since 01/09/2010)","Rosja (since 01/06/2014) | Cyprus (since 01/09/2010)","1","0","SCF PRIRAZLOMNOYE OOO (since 07/02/2022) | NOSTALGIC MOON SHIPPING CO LTD (before 12/2017)","","False","False","Rosja"
"9837547","MIKHAIL LAZAREV","Crude Oil Tanker","(Rosja)","UBZS8","","2019","44457","41012","In Service/Commission","SCF NOVY PORT OOO","SCF TM LTD","SCF TM LTD","Rosjan Maritime Register of Shipping","","0","","","MIKHAIL LAZAREV (since 01/09/2019)","Rosja (since 01/05/2022) | Cyprus (since 01/09/2019) | Rosja (since 01/09/2019)","2","0","SCF NOVY PORT OOO (since 16/05/2022) | SOVCOMFLOT (since 30/09/2019) | BALENIA SHIPPING CO LTD (since 30/09/2019)","","False","False","Rosja"
"9333670","MIKHAIL ULYANOV","Crude Oil Tanker","(Rosja)","UBAL3","","2010","49866","69830","In Service/Commission","SCF PRIRAZLOMNOYE OOO","SCF TM LTD","SCF TM LTD","Rosjan Maritime Register of Shipping","","15","","","MIKHAIL ULYANOV (since 01/02/2010)","Rosja (since 01/03/2014) | Cyprus (since 01/02/2010)","1","0","SCF PRIRAZLOMNOYE OOO (since 21/02/2022) | BLUEWARD SHIPPING CO LTD (since 26/02/2010)","","False","False","Rosja"
"9322956","PROSPERITY","Chemical/Oil Products Tanker","(Rosja)","UAZC3","","2006","25467","40119","In Service/Commission","NEW FLEET LTD","NEW FLEET LTD","NEW FLEET LTD","Rosjan Maritime Register of Shipping","","29","","","PROSPERITY (since 01/11/2024) | NS Pride (since 01/04/2006)","Rosja (since 01/05/2025) | Not Known (since 01/03/2025) | Barbados (since 01/11/2024) | Gabon (since 01/01/2024) | Liberia (since 01/04/2006)","4","1","NEW FLEET LTD (since 28/05/2025) | HELIOS OCEANWAY LTD (since 20/11/2024) | WATERMARK MARITIME INC (since 27/04/2006)","","False","False","Rosja"
"9309576","SILVER","Chemical/Oil Products Tanker","(MALI FALSE)","UNKNOWN","","2005","27357","47197","In Service/Commission","BRIGANTINE SHIPPING INC","STREAM SHIP MANAGEMENT FZCO","UNKNOWN","May 2026","","51","","","SILVER (since 01/09/2025) | Sapphire (since 01/01/2025) | NS Silver (since 01/06/2005)","MALI FALSE (since 01/09/2025) | Comoros (since 01/06/2025) | Barbados (since 01/01/2025) | Panama (since 01/12/2023) | Liberia (since 01/06/2005)","4","2","BRIGANTINE SHIPPING INC (since 06/01/2025) | BETHANY CARRIERS LTD (since 27/06/2005)","","False","False","Rosja"
"9630028","PERLE","LNG Tanker","(Oman)","A4HA6","","2014","113876","93152","In Service/Commission","NEPHRITE SHIPPING INC","DREAMER SHIPMANAGEMENT LLC-FZ","DREAMER SHIPMANAGEMENT LLC-FZ","Indian Register of Shipping (IACS)","","9","","","PERLE (since 01/05/2025) | Pearl (since 01/02/2025) | Pskov (since 01/08/2014)","Oman (since 01/11/2025) | Comoros FALSE (since 01/08/2025) | Comoros (since 01/05/2025) | Barbados (since 01/09/2024) | Gabon (since 01/01/2024) | Liberia (since 01/08/2014)","5","2","NEPHRITE SHIPPING INC (since 03/09/2024) | SCALPAY SHIPPING LTD (since 29/08/2014)","","False","False","Rosja"
"9590137","MEGION","Chemical/Oil Products Tanker","(Rosja)","UBAI2","","2011","1764","2679","In Service/Commission","GAZPROMNEFT SHIPPING LLC","GAZPROMNEFT SHIPPING LLC","GAZPROMNEFT SHIPPING LLC","Rosjan Maritime Register of Shipping","","2","","","MEGION (since 01/12/2024) | Gazpromneft Nordwest (since 01/12/2011) | Omega 2 (since 01/11/2011)","Rosja (since 01/12/2011) | Turkey (since 01/11/2011)","1","2","GAZPROMNEFT SHIPPING LLC (before 06/2020) | GAZPROMNEFT MARINE BUNKER LTD (during 12/2011)","","False","False","Rosja"
"9537109","GAZPROMNEFT ZUID EAST","Oil Products Tanker","(Rosja)","UCSK","","2012","3953","6879","In Service/Commission","GAZPROMNEFT SHIPPING LLC","GAZPROMNEFT SHIPPING LLC","GAZPROMNEFT SHIPPING LLC","Rosjan Maritime Register of Shipping","","3","","","GAZPROMNEFT ZUID EAST (since 01/12/2012) | Kaitank (since 01/06/2012)","Rosja (since 01/12/2012) | Cyprus (since 01/06/2012)","1","1","GAZPROMNEFT SHIPPING LLC (before 06/2020) | GAZPROMNEFT MARINE BUNKER LTD (during 12/2012) | MEDFORUM SHIPPING LTD (since 30/06/2012)","","False","False","Rosja"
"9312872","PROVIDER","Crude Oil Tanker","(Rosja)","UAGF2","","2007","57325","105571","In Service/Commission","RPTD SOLD UNDISCLOSED INTEREST","RPTD SOLD UNDISCLOSED INTEREST","DOMINANT SHIPPING LLC","Rosjan Maritime Register of Shipping","","19","","","PROVIDER (since 01/04/2026) | Xd Leo (since 01/09/2025) | Huihai Atlantic (since 01/07/2022) | Almi Spirit (since 01/05/2009) | Cork Spirit (since 01/05/2007)","Rosja (since 01/04/2026) | Malawi False (since 01/06/2025) | Not Known (since 01/01/2025) | Panama (since 01/12/2022) | Hong Kong, China (since 01/07/2022) | Liberia (since 01/05/2009) | Bahamas (since 01/05/2007)","6","4","RPTD SOLD UNDISCLOSED INTEREST (since 07/03/2026) | CHONG HING ENERGY SHIPPING CO (since 10/09/2025) | HUIHAI HONG KONG SHIPPING CO (since 05/12/2022) | HANWANG HONGKONG TRADE CO LTD (since 13/07/2022) | ELVINA MARINE CO (since 18/05/2009) | CORK SPIRIT LLC (since 07/05/2007)","","False","False","Rosja"
"9337133","IVY","Crude Oil Tanker","(Vietnam)","XVJI7","","2007","157245","300325","In Service/Commission","SAO VIET PETROL TRANSPORTATION","SAO VIET PETROL TRANSPORTATION","SAO VIET PETROL TRANSPORTATION","Bureau Veritas (IACS)","","18","","","IVY (since 01/06/2021) | Bunga Kasturi Empat (since 01/04/2007)","Vietnam (since 01/06/2021) | Malaysia (since 01/04/2007)","1","1","SAO VIET PETROL TRANSPORTATION (since 30/06/2021) | AET PETROLEUM TANKER M (during 07/2011) | MISC BHD (since 19/04/2007)","","False","False","Rosja"
"9217979","LOTTA","FSO, Oil","(Rosja)","UBDQ5","","2001","157883","309327","In Service/Commission","RPTD SOLD UNDISCLOSED INTEREST","RPTD SOLD UNDISCLOSED INTEREST","UNKNOWN","Rosjan Maritime Register of Shipping","","20","","","LOTTA (since 01/07/2025) | Fair Trader (since 01/10/2024) | Kola (since 01/12/2017) | Fair Trader (since 01/05/2017) | DHT Ann (since 01/06/2011) | Overseas Ann (since 01/08/2001)","Rosja (since 01/06/2025) | Palau (Republic of) (since 01/06/2025) | Rosja (since 01/10/2024) | Palau (Republic of) (since 01/10/2024) | Rosja (since 01/10/2023) | Marshall Islands (since 01/10/2023) | Rosja (since 01/12/2017) | Marshall Islands (since 01/05/2017) | Hong Kong, China (since 01/08/2015) | Marshall Islands (during 2001)","9","5","RPTD SOLD UNDISCLOSED INTEREST (since 10/01/2025)","","False","False","Rosja"
"9231212","XANTHOS EOS","Crude Oil Tanker","(Curacao False)","UNKNOWN","","2002","62247","112661","In Service/Commission","MERLUZA GROUP LTD","MERLUZA GROUP LTD","OCEAN ANEMONE SHIP MANAGEMENT","Lloyd's Register (IACS)","","50","","","XANTHOS EOS (since 01/02/2025) | Mermar (since 01/09/2021) | Seafalcon (since 01/07/2011) | Dubai Legend (since 01/05/2006) | Oinoussian Spirit (since 01/02/2002) | Golden Sea (during 2002)","Curacao False (since 01/11/2025) | Guyana False (since 01/01/2025) | Panama (since 01/09/2021) | Malta (since 01/07/2011) | Bahamas (since 01/02/2002)","4","5","MERLUZA GROUP LTD (since 27/01/2022) | GLOBAL ENGINEERING & TRDG HK (since 03/09/2021) | DOLPHIN BAY MARINE SA (since 13/07/2011) | LEGEND MARITIME INC (since 22/05/2006) | GOLDEN SEA INVESTMENTS LTD (during 2002)","","False","False","Rosja"
"9286463","OLANGA","Oil Products Tanker","(Rosja)","UBVH4","","2004","1875","2813","In Service/Commission","MENKAB LLC","MENKAB LLC","MENKAB LLC","Rosjan Maritime Register of Shipping","","26","","","OLANGA (since 01/06/2024) | Gazpromneft Zuid West (since 01/10/2011) | Oralake (since 01/01/2006) | Baltic Swan (since 01/02/2005) | Oralake (since 01/04/2004) | Elka-S (since 01/09/2003)","Rosja (since 01/10/2011) | Cyprus (since 01/01/2005) | Curacao (since 01/03/2004)","2","5","MENKAB LLC (since 13/07/2024) | GAZPROMNEFT MARINE BUNKER LTD (during 08/2011)","","False","False","Rosja"
"9418509","OMSK","Oil Products Tanker","(Rosja)","UBZU","","2008","3606","5373","In Service/Commission","GAZPROMNEFT SHIPPING LLC","GAZPROMNEFT SHIPPING LLC","GAZPROMNEFT SHIPPING LLC","Rosjan Maritime Register of Shipping","","16","","","OMSK (since 01/08/2022) | Gazpromneft Omsk (since 01/12/2014) | Aksaz C (since 01/02/2013) | Aksaz-C (since 01/01/2008) | Trefin Adam (since 01/01/2008)","Rosja (since 01/12/2014) | Malta (since 01/01/2008)","1","4","GAZPROMNEFT SHIPPING LLC (since 31/12/2014)","","False","False","Rosja"
"9236640","AZALEA","Chemical/Oil Products Tanker","(Rosja)","UACF3","","2003","29998","46159","In Service/Commission","GLOBAL SEAWAY LLC","GLOBAL SEAWAY LLC","GLOBAL SEAWAY LLC","Rosjan Maritime Register of Shipping","","46","","","AZALEA (since 01/02/2026) | Onyx (since 01/02/2024) | Own Ii (since 01/08/2022) | Crown Ii (since 01/12/2014) | Nefeli (since 01/04/2003) | High Nefeli (since 01/04/2003)","Rosja (since 01/02/2026) | Guinea False (since 01/05/2025) | Not Known (since 01/03/2025) | Gabon (since 01/02/2024) | Liberia (since 01/08/2022) | Malta (since 01/12/2014) | Greece (during 2002)","6","5","GLOBAL SEAWAY LLC (since 26/02/2026) | JOSHUA CARGO LLC-FZ (since 07/02/2024) | AREZZO OWNING CO LTD (since 23/11/2015)","","False","False","Rosja"
"9620633","FINVAL","Bulk Carrier","(Rosja)","UAAF6","","2012","41963","78095","In Service/Commission","TALAUS LLC","TALAUS LLC","TALAUS LLC","Rosjan Maritime Register of Shipping","","37","","","FINVAL (since 01/01/2026) | Orient Harmony (since 01/05/2023) | Dennisan (since 01/08/2021) | Nord Sirius (since 01/11/2012)","Rosja (since 01/01/2026) | Not Known (since 01/11/2025) | Gambia (since 01/09/2025) | Comoros FALSE (since 01/03/2025) | Not Known (since 01/01/2025) | Panama (since 01/05/2023) | Liberia (since 01/08/2021) | Panama (since 01/10/2012)","7","3","TALAUS LLC (since 30/01/2026) | EAST WISE HONG KONG LTD (since 02/05/2023) | LONDRA MARINE SA (since 23/08/2021) | TATEYAMA NAVIERA SA (since 30/11/2012)","","False","False","Rosja"
"9673202","LEGENDA","Bulk Carrier","(Rosja)","UAAF5","","2014","41963","78162","In Service/Commission","TALAUS LLC","TALAUS LLC","TALAUS LLC","Rosjan Maritime Register of Shipping","","33","","","LEGENDA (since 01/01/2026) | Orient Vision (since 01/05/2023) | Integrale (since 01/08/2021) | Orient Genesis (since 01/01/2014)","Rosja (since 01/01/2026) | Not Known (since 01/11/2025) | Gambia (since 01/08/2025) | Comoros (since 01/04/2025) | Barbados (since 01/02/2025) | Panama (since 01/05/2023) | Liberia (since 01/08/2021) | Panama (since 01/06/2015) | Singapore (since 01/01/2014)","8","3","TALAUS LLC (since 07/02/2026) | EAST OASIS HONG KONG LTD (since 15/05/2023) | INTEGRALE MARINE SA (since 31/08/2021) | TOTO GENESIS NAVIGATION SA (since 04/06/2015) | OMC SHIPPING PTE LTD (since 24/01/2014)","","False","False","Rosja"
"9223540","RAINE","LPG Tanker","(Nicaragua False)","UNKNOWN","","2001","44694","49995","In Service/Commission","HUNG PHAT MARITIME TRADING","HUNG PHAT MARITIME TRADING","UNKNOWN","Bureau Veritas (IACS)","","20","","","RAINE (since 01/01/2025) | Owens (since 01/12/2021) | Opec Neptune (since 01/03/2019) | Ocean Orchid (during 2001)","Nicaragua False (since 01/05/2026) | Guinea False (since 01/01/2025) | Panama (since 01/03/2019) | Singapore (since 01/01/2001)","3","3","HUNG PHAT MARITIME TRADING (since 31/12/2024) | SAO VIET PETROL TRANSPORTATION (since 24/07/2022) | EAST SEA SHIPPING SERVICES LTD (since 03/12/2021) | FGAS PETROL JSC (since 11/03/2019) | KUMIAI NAVIGATION PTE LTD (since 19/03/2001)","","False","False","Rosja"
"9276028","PEGASUS","Chemical/Oil Products Tanker","(Rosja)","UAKE2","","2004","29327","46654","In Service/Commission","NEW FLEET LTD","NEW FLEET LTD","NEW FLEET LTD","Rosjan Maritime Register of Shipping","","43","","","PEGASUS (since 01/10/2024) | Pamir (since 01/04/2004)","Rosja (since 01/01/2026) | Not Known (since 01/12/2025) | Gambia (since 01/09/2025) | Comoros (since 01/06/2025) | Not Known (since 01/03/2025) | Barbados (since 01/10/2024) | Gabon (since 01/01/2024) | Liberia (since 01/05/2021) | Malta (since 01/04/2004)","8","1","NEW FLEET LTD (since 19/01/2026) | BORMIDA SHIPPING CO LTD (since 02/10/2024) | JUPITER NAVIGATION LTD (since 12/04/2004)","","False","False","Rosja"
"9409467","PRAVASI","Oil Products Tanker","(Guinea False)","UNKNOWN","","2008","40975","74994","In Service/Commission","PRESTIGE TRANSPORTS LLC-FZ","AVISION SHIPPING SERVICES PVT","AVISION SHIPPING SERVICES PVT","May 2026","","23","","","PRAVASI (since 01/02/2024) | Sharkfin (since 01/05/2023) | Bowfin (since 01/01/2015) | Holy Victoria (since 01/10/2008)","Guinea False (since 01/05/2025) | Not Known (since 01/03/2025) | Gabon (since 01/02/2024) | Liberia (since 01/05/2023) | Marshall Islands (since 01/01/2015) | Panama (since 01/10/2008)","5","3","PRESTIGE TRANSPORTS LLC-FZ (since 17/02/2024) | BOWFIN SOLUTIONS INC (since 05/01/2015) | SHINTOKU PANAMA SA (since 17/10/2008)","","False","False","Rosja"
"9329655","PROXIMA","Chemical/Oil Products Tanker","(Rosja)","UAZC2","","2008","25467","40149","In Service/Commission","NEW FLEET LTD","NEW FLEET LTD","NEW FLEET LTD","Rosjan Maritime Register of Shipping","","27","","","PROXIMA (since 01/10/2024) | NS Point (since 01/08/2008)","Rosja (since 01/06/2025) | Not Known (since 01/03/2025) | Barbados (since 01/10/2024) | Gabon (since 01/01/2024) | Liberia (since 01/08/2008)","4","1","NEW FLEET LTD (since 30/11/2025) | MILTONIA NAVIGATION CO (since 17/10/2024) | NS POINT SHIPPING INC (since 01/09/2008)","","False","False","Rosja"
"9653068","RN AMUR","Tug","(Rosja)","UIZU","","2013","191","76","In Service/Commission","ROSNEFTEFLOT JSC","ROSNEFTEFLOT JSC","UNKNOWN","May 2026","","0","","","RN AMUR (since 01/09/2013)","Rosja (since 01/09/2013)","0","0","ROSNEFTEFLOT JSC (since 01/09/2013)","","False","False","Rosja"
"9653070","RN USSURI","Tug","(Rosja)","UBTK3","","2015","191","72","In Service/Commission","ROSNEFTEFLOT JSC","ROSNEFTEFLOT JSC","UNKNOWN","May 2026","","0","","","RN USSURI (since 01/05/2015)","Rosja (since 01/05/2015)","0","0","ROSNEFTEFLOT JSC (since 23/07/2015)","","False","False","Rosja"
"9335678","SCF ENDEAVOUR","Offshore Supply Ship","(Rosja)","UIHP","","2006","4992","4373","In Service/Commission","VOLIMAR SHIPPING CO LTD","SCF SWIRE OFFSHORE PTE LTD","SCF TM LTD","Rosjan Maritime Register of Shipping","","0","","","SCF ENDEAVOUR (since 01/10/2016) | Pacific Endeavour (since 01/03/2006)","Rosja (since 01/10/2016) | Rosja (since 01/04/2009) | Rosja (since 01/06/2006) | Cyprus (since 01/04/2006)","3","1","VOLIMAR SHIPPING CO LTD (since 03/10/2016) | SWIRE PACIFIC OFFSHORE CYPRUS (since 15/06/2007) | TIDEWATER OFFSHORE OPERATIONS (since 04/04/2006)","","False","False","Rosja"
"9335680","SCF ENDURANCE","Offshore Supply Ship","(Rosja)","UIPN","","2006","4992","4373","In Service/Commission","SCF SAKHALIN SUPPORT VESSELS","SCF SWIRE OFFSHORE PTE LTD","SCF TM LTD","Rosjan Maritime Register of Shipping","","1","","","SCF ENDURANCE (since 01/10/2016) | Pacific Endurance (since 01/07/2006)","Rosja (during 2016) | Rosja (since 01/08/2006) | Cyprus (since 01/07/2006)","2","1","SCF SAKHALIN SUPPORT VESSELS (since 18/07/2006) | SWIRE PACIFIC OFFSHORE CYPRUS (since 05/07/2006)","","False","False","Rosja"
"9335692","SCF ENTERPRISE","Offshore Supply Ship","(Rosja)","UFHH2","","2006","4992","4373","In Service/Commission","RIATOKA SHIPPING CO LTD","SCF TM LTD","SCF TM LTD","Rosjan Maritime Register of Shipping","","2","","","SCF ENTERPRISE (since 01/09/2016) | Pacific Enterprise (since 01/10/2006)","Rosja (since 01/09/2016) | Rosja (since 01/09/2009) | Cyprus (since 01/04/2009) | Rosja (since 01/11/2006) | Cyprus (since 01/10/2006)","4","1","RIATOKA SHIPPING CO LTD (during 09/2016) | SWIRE PACIFIC OFFSHORE CYPRUS (since 18/06/2009) | SCF SWIRE OFFSHORE PTE LTD (since 09/10/2006)","","False","False","Rosja"
"9307724","SCF SAKHALIN","Offshore Supply Ship","(Rosja)","UHME","","2005","6882","4298","In Service/Commission","SCF SAKHALIN VESSELS LTD","SCF TM LTD","SCF TM LTD","Rosjan Maritime Register of Shipping","","1","","","SCF SAKHALIN (since 01/08/2010) | FESCO Sakhalin (during 2005)","Rosja (since 01/07/2015) | Rosja (since 01/09/2005) | Cyprus (since 01/06/2005)","2","1","SCF SAKHALIN VESSELS LTD (since 25/08/2010)","","False","False","Rosja"
"9752084","SHTURMAN ALBANOV","Crude Oil Tanker","(Rosja)","UBXO2","","2016","44354","41455","In Service/Commission","TEMPIO SHIPPING CO LTD","SCF TM LTD","SCF TM LTD","Rosjan Maritime Register of Shipping","","1","","","SHTURMAN ALBANOV (since 01/08/2016)","Rosja (since 01/08/2016)","0","0","TEMPIO SHIPPING CO LTD (since 16/08/2016)","","False","False","Rosja"
"9759939","SHTURMAN KOSHELEV","Crude Oil Tanker","(Rosja)","UCMR","","2017","44354","41457","In Service/Commission","SHTURMAN KOSHELEV LLC","GAZPROMNEFT SHIPPING LLC","GAZPROMNEFT SHIPPING LLC","Rosjan Maritime Register of Shipping","","0","","","SHTURMAN KOSHELEV (since 01/06/2017)","Rosja (since 01/06/2017)","0","0","SHTURMAN KOSHELEV LLC (before 06/2020) | GAZPROMNEFT SHIPPING LLC (since 13/06/2017)","","False","False","Rosja"
"9752096","SHTURMAN MALYGIN","Crude Oil Tanker","(Rosja)","UHBP","","2016","44354","41542","In Service/Commission","AIZAR SHIPPING CO LTD","SCF TM LTD","SCF TM LTD","Rosjan Maritime Register of Shipping","","0","","","SHTURMAN MALYGIN (since 01/10/2016)","Rosja (since 01/10/2016) | Rosja (since 01/10/2016)","1","0","AIZAR SHIPPING CO LTD (since 07/10/2016)","","False","False","Rosja"
"9752101","SHTURMAN OVTSYN","Crude Oil Tanker","(Rosja)","UBEP3","","2016","44354","41551","In Service/Commission","AIZAR SHIPPING CO LTD","SCF TM LTD","SCF TM LTD","Rosjan Maritime Register of Shipping","","1","","","SHTURMAN OVTSYN (since 01/12/2016)","Rosja (since 01/12/2016)","0","0","AIZAR SHIPPING CO LTD (since 08/12/2016)","","False","False","Rosja"
"9759927","SHTURMAN SHCHERBININ","Crude Oil Tanker","(Rosja)","UEXZ","","2017","44354","41401","In Service/Commission","SHTURMAN SCHERBININ LLC","GAZPROMNEFT SHIPPING LLC","GAZPROMNEFT SHIPPING LLC","Rosjan Maritime Register of Shipping","","0","","","SHTURMAN SHCHERBININ (since 01/04/2017)","Rosja (since 01/04/2017)","0","0","SHTURMAN SCHERBININ LLC (before 06/2020) | GAZPROMNEFT SHIPPING LLC (since 03/04/2017)","","False","False","Rosja"
"9759915","SHTURMAN SKURATOV","Crude Oil Tanker","(Rosja)","UBFP4","","2017","44354","41401","In Service/Commission","SHTURMAN SKURATOV LLC","GAZPROMNEFT SHIPPING LLC","GAZPROMNEFT SHIPPING LLC","Rosjan Maritime Register of Shipping","","1","","","SHTURMAN SKURATOV (since 01/02/2017)","Rosja (since 01/02/2017)","0","0","SHTURMAN SKURATOV LLC (since 16/02/2017)","","False","False","Rosja"
"9378618","PIONER 1","Crude Oil Tanker","(Rosja)","UAJD6","","2008","59172","109996","In Service/Commission","LOENGO SHIPPING & TRADER LTD","LOENGO SHIPPING & TRADER LTD","FIRST SKYLINES LLC","Rosjan Maritime Register of Shipping","","37","","","PIONER 1 (since 01/07/2025) | Si He (since 01/07/2023) | Pioneer Bay (since 01/07/2021) | Lr2 Pioneer (since 01/08/2008)","Rosja (since 01/07/2025) | Guyana False (since 01/03/2025) | Not Known (since 01/01/2025) | Panama (since 01/07/2023) | Singapore (since 01/07/2021) | Hong Kong, China (since 01/08/2008)","5","3","LOENGO SHIPPING & TRADER LTD (since 17/07/2023) | PIONEER BAY SHIPPING PTE LTD (since 12/07/2021) | HEROIC ARIES INC (since 20/08/2008)","","False","False","Rosja"
"9753727","STEPAN MAKAROV","Standby-Safety Vessel","(Rosja)","UAOZ","","2017","9394","3880","In Service/Commission","KANDILIO SHIPPING CO LTD","SCF TM LTD","SCF TM LTD","Rosjan Maritime Register of Shipping","","1","","","STEPAN MAKAROV (since 01/06/2017)","Rosja (since 01/06/2017)","0","0","KANDILIO SHIPPING CO LTD (before 10/2017) | KANDILIO SHIPPING CO LTD (since 15/06/2017) | NADELLE SHIPPING CO LTD (since 15/06/2017)","","False","False","Rosja"
"9678238","SVYATOY KNYAZ VLADIMIR","Passenger Ship","(Rosja)","UBUP4","","2017","332","20","In Service/Commission","ROSNEFTEFLOT JSC","ROSNEFTEFLOT JSC","ROSNEFTEFLOT JSC","Rosjan Maritime Register of Shipping","","0","","","SVYATOY KNYAZ VLADIMIR (since 01/08/2017) | Svyatoy Arseniy Konevskiy (since 01/04/2017) | Hanneke (since 01/04/2017)","Rosja (since 01/06/2017) | Not Known (since 01/04/2017)","1","2","ROSNEFTEFLOT JSC (since 25/04/2017)","","False","False","Rosja"
"9292058","TANGO","Oil Products Tanker","(Rosja)","UAGE3","","2006","27725","46697","In Service/Commission","RPTD SOLD UNDISCLOSED INTEREST","RPTD SOLD UNDISCLOSED INTEREST","UNKNOWN","Rosjan Maritime Register of Shipping","","42","","","TANGO (since 01/09/2024) | Teatralny Bridge (since 01/05/2006)","Rosja (since 01/12/2025) | Gambia (since 01/09/2025) | Comoros (since 01/03/2025) | Barbados (since 01/09/2024) | Gabon (since 01/01/2024) | Liberia (since 01/05/2006)","5","1","RPTD SOLD UNDISCLOSED INTEREST (since 04/02/2026) | NORTH FLEET LTD (since 15/12/2025) | CLIO NAVIGATION LTD (since 24/09/2024) | CANFIELD MARINE CO LTD (since 17/05/2006)","","False","False","Rosja"
"9817779","TIS","Tug","(Rosja)","UBXP4","","2017","296","156","In Service/Commission","RPK NORD LLC","RPK NORD LLC","UNKNOWN","February 2026","","0","","","TIS (since 01/05/2017)","Rosja (since 01/06/2017) | St Vincent and Grenadines (since 01/05/2017)","1","0","RPK NORD LLC (since 29/06/2017) | DAMEN SHIPYARDS GORINCHEM (since 26/05/2017)","","False","False","Rosja"
"9292034","TOPAZ","Crude Oil Tanker","(Rosja)","UAEE7","","2004","27725","47199","In Service/Commission","NORTH FLEET LTD","NORTH FLEET LTD","NORTH FLEET LTD","Rosjan Maritime Register of Shipping","","50","","","TOPAZ (since 01/10/2024) | Tower Bridge (since 01/12/2004)","Rosja (since 01/12/2025) | Gambia FALSE (since 01/10/2025) | Comoros FALSE (since 01/08/2025) | Comoros (since 01/07/2025) | Barbados (since 01/09/2024) | Gabon (since 01/01/2024) | Liberia (since 01/12/2004)","6","1","NORTH FLEET LTD (since 10/12/2025) | CALADIUM TRANSPORT INC (since 18/10/2024) | BRIDGETON MARITIME CO (during 2004)","","False","False","Rosja"
"9344033","TRIUM","Oil Products Tanker","(MALI FALSE)","UNKNOWN","","2007","27725","46564","In Service/Commission","EPHESUS MARINE INC","ORCHID SHIPMANAGEMENT LLC-FZ","ORCHID SHIPMANAGEMENT LLC-FZ","May 2026","","41","","","TRIUM (since 01/09/2025) | Triumph (since 01/10/2024) | Tverskoy Bridge (since 01/08/2007)","MALI FALSE (since 01/09/2025) | Not Known (since 01/03/2025) | Barbados (since 01/10/2024) | Gabon (since 01/01/2024) | Liberia (since 01/08/2007)","4","2","EPHESUS MARINE INC (since 02/10/2024) | RURAL SHIPPING LTD (since 24/08/2007)","","False","False","Rosja"
"9422653","GAZPROMNEFT NORDEAST","Chemical/Oil Products Tanker","(Rosja)","UBIK8","","2008","1921","2959","In Service/Commission","GAZPROMNEFT MARINE BUNKER LTD","GAZPROMNEFT MARINE BUNKER LTD","GAZPROMNEFT SHIPPING LLC","Rosjan Maritime Register of Shipping","","14","","","GAZPROMNEFT NORDEAST (since 01/08/2013) | Oralake (since 01/11/2011) | Australis (since 01/06/2008)","Rosja (since 01/08/2013) | Cyprus (since 01/06/2008)","1","2","GAZPROMNEFT MARINE BUNKER LTD (during 08/2013)","","False","False","Rosja"
"9196620","UMBA","FSO, Oil","(Rosja)","UEIW","","2001","159397","300259","In Service/Commission","RPK NORD LLC","RPK NORD LLC","RPK NORD LLC","Rosjan Maritime Register of Shipping","","23","","","UMBA (since 01/11/2015) | Sasa (since 01/02/2013) | Sarah Glory (since 01/06/2001) | Berge Kyoto (during 2001)","Rosja (since 01/11/2015) | Panama (since 01/06/2001)","1","3","RPK NORD LLC (since 11/11/2015) | SOVCOMFLOT (since 11/11/2015) | SARAH MARITIME LTD-PAN (since 11/06/2001)","","False","False","Rosja"
"9384306","UNIVERSAL","Chemical/Oil Products Tanker","(Rosja)","UAPD7","","2009","29967","50923","In Service/Commission","NORTH FLEET LTD","NORTH FLEET LTD","NORTH FLEET LTD","Rosjan Maritime Register of Shipping","","28","","","UNIVERSAL (since 01/09/2024) | SCF Ussuri (since 01/08/2016) | Prisco Irina (since 01/03/2009)","Rosja (since 01/05/2025) | Comoros (since 01/04/2025) | Barbados (since 01/09/2024) | Gabon (since 01/01/2024) | Liberia (since 01/08/2016) | Cyprus (since 01/03/2009)","5","2","NORTH FLEET LTD (since 22/05/2025) | GARNET MARITIME INC-SEY (since 16/09/2024) | PALOMAR TRANSPORT SA (since 12/08/2016)","","False","False","Rosja"
"9885879","VALENTIN PIKUL","Crude Oil Tanker","(Rosja)","UAAA2","","2024","50531","69323","In Service/Commission","ROSNEFTEFLOT JSC","ROSNEFTEFLOT JSC","ROSNEFTEFLOT JSC","Rosjan Maritime Register of Shipping","","0","","","VALENTIN PIKUL (since 01/12/2024)","Rosja (since 01/12/2024)","0","0","ROSNEFTEFLOT JSC (since 25/12/2024)","","False","False","Rosja"
"9372547","VASILY DINKOV","Crude Oil Tanker","(Rosja)","UEVN","","2008","49597","72722","In Service/Commission","LOTERIA SHIPPING CO LTD","SCF TM LTD","SCF TM LTD","Rosjan Maritime Register of Shipping","","4","","","VASILY DINKOV (since 01/01/2008)","Rosja (since 01/01/2008)","0","0","LOTERIA SHIPPING CO LTD (since 01/01/2008)","","False","False","Rosja"
"9613549","VITUS BERING","Offshore Supply Ship","(Rosja)","UBGJ9","","2012","7487","4715","In Service/Commission","DAFNE LINE SHIPPING CO LTD","SCF TM LTD","SCF TM LTD","Rosjan Maritime Register of Shipping","","1","","","VITUS BERING (since 01/12/2012)","Rosja (since 01/12/2012)","0","0","DAFNE LINE SHIPPING CO LTD (since 21/12/2012) | SOVCOMFLOT (since 01/12/2012)","","False","False","Rosja"
"9538115","VYACHESLAV TIKHONOV","Research Vessel","(Rosja)","UBSH6","","2011","4711","2250","In Service/Commission","SCF GEO OOO","SCF GEO OOO","SCF TM LTD","Rosjan Maritime Register of Shipping","","8","","","VYACHESLAV TIKHONOV (since 01/09/2011) | Polarcus Selma (since 01/08/2011)","Rosja (since 01/06/2023) | Bahamas (since 01/06/2023) | Rosja (since 01/11/2016) | Rosja (since 01/08/2011) | Bahamas (since 01/08/2011)","4","1","SCF GEO OOO (since 06/06/2023) | PXGEO 1 LTD (during 07/2013)","","False","False","Rosja"
"9804057","ELM","Tug","(Rosja)","UBXQ5","","2018","293","156","In Service/Commission","RPK NORD LLC","RPK NORD LLC","UNKNOWN","April 2026","","0","","","ELM (since 01/08/2018) | Vyaz (since 01/05/2018)","Rosja (since 01/06/2018) | St Vincent and Grenadines (since 01/05/2018)","1","1","RPK NORD LLC (since 31/07/2018) | DAMEN SHIPYARDS GORINCHEM (since 22/05/2018)","","False","False","Rosja"
"9169421","MASAL","Crude Oil Tanker","(Iran)","EPHO6","","1998","81265","159211","Broken Up","OCEAN GLORY GIANT OGG SA","OCEAN GLORY GIANT OGG SA","UNKNOWN","November 2025","","33","","","MASAL (since 01/06/2019) | Galaxy Royal (since 01/03/2019) | True Ocean (since 01/12/2015)","Iran (since 01/06/2019) | Togo (since 01/03/2019) | Panama (since 01/12/2015)","2","2","OCEAN GLORY GIANT OGG SA (since 13/03/2019)","","False","False","Rosja"
"9198317","MAJESTIC X","Crude Oil Tanker","(Guyana False)","UNKNOWN","","2001","149274","281501","In Service/Commission","RPTD SOLD UNDISCLOSED INTEREST","RPTD SOLD UNDISCLOSED INTEREST","UNKNOWN","May 2026","","20","","","MAJESTIC X (since 01/12/2025) | Phonix (since 01/04/2023) | Luna Lake (since 01/11/2019) | Pacific Challenger (since 01/05/2019) | Formosapetro Challenger (during 2001)","Guyana False (since 01/01/2025) | Not Known (since 01/02/2024) | Panama (since 01/05/2019) | Liberia (since 01/06/2004) | Panama (during 2001)","4","4","RPTD SOLD UNDISCLOSED INTEREST (since 30/09/2024) | FAITH ENTERPRISE LTD (since 27/04/2023) | FORMOSA CHALLENGER MARINE CORP (since 01/01/2004) | FORMOSA PLASTICS MARINE CORP (during 2001)","","False","False","Rosja"
"9326055","VERONICA III","Crude Oil Tanker","(Panama False)","UNKNOWN","","2006","156933","298522","In Service/Commission","VOLANS DELTA LTD","SHANGHAI FUTURE SHIP MGMT CO","SHANGHAI FUTURE SHIP MGMT CO","Bureau Veritas (IACS)","","18","","","VERONICA III (since 01/02/2023) | Veronica (since 01/01/2021) | White Nova (since 01/08/2018) | Symphonic (since 01/03/2006)","Panama False (since 01/12/2024) | Panama (since 01/02/2023) | Liberia (since 01/08/2018) | Greece (since 01/02/2006)","3","3","VOLANS DELTA LTD (since 28/02/2023) | TINATO MARITIME INC (since 22/08/2018) | PONTOS ENE (since 01/07/2006)","","False","False","Rosja"
"9258167","AKAR WEST","Crude Oil Tanker","(Cameroon)","TJMC232","","2003","27725","47199","In Service/Commission","SAPPHIRE MARITIME LTD","WESTANKER DENIZCILIK VE TIC","","May 2026","","45","","","AKAR WEST (since 01/09/2024) | Troitsky Bridge (since 01/11/2003)","Cameroon (since 01/11/2025) | Gambia (since 01/05/2025) | Barbados (since 01/09/2024) | Gabon (since 01/01/2024) | Liberia (since 01/11/2003)","4","1","SAPPHIRE MARITIME LTD (since 28/09/2024) | RAMVIK SHIPPING CO LTD (during 2003)","","False","False","Rosja"
"9292046","NERO","Oil Products Tanker","(Cameroon)","TJMOV6","","2005","27725","46697","In Service/Commission","RPTD SOLD UNDISCLOSED INTEREST","RPTD SOLD UNDISCLOSED INTEREST","UNKNOWN","May 2026","","42","","","NERO (since 01/01/2026) | Nova Crest (since 01/09/2025) | Hasan East (since 01/09/2024) | Torgovy Bridge (since 01/09/2005)","Cameroon (since 01/01/2026) | Not Known (since 01/10/2025) | Barbados (since 01/09/2024) | Gabon (since 01/01/2024) | Liberia (since 01/09/2005)","4","3","RPTD SOLD UNDISCLOSED INTEREST (since 24/10/2025) | COUNT MARITIME LTD (since 27/09/2024) | APPLEWOOD SHIPPING CO LTD (since 02/09/2005)","","False","False","Rosja"
"9329667","PACIFIC","Chemical/Oil Products Tanker","(Cameroon)","TJM0168","","2008","25467","40119","In Service/Commission","TAPIOCA MARITIME LTD","VOV DENIZCILIK VE TICARET LTD","VOV DENIZCILIK VE TICARET LTD","May 2026","","25","","","PACIFIC (since 01/11/2024) | NS Parade (since 01/11/2008)","Cameroon (since 01/11/2025) | Gambia (since 01/08/2025) | Comoros FALSE (since 01/05/2025) | Comoros (since 01/04/2025) | Barbados (since 01/11/2024) | Gabon (since 01/01/2024) | Liberia (since 01/11/2008)","6","1","TAPIOCA MARITIME LTD (since 12/11/2024) | NS PARADE SHIPPING INC (since 25/07/2023) | NS POINT SHIPPING INC (since 06/04/2009) | NS PARADE SHIPPING INC (since 10/11/2008)","","False","False","Rosja"
"9333412","ENIGMA","Oil Products Tanker","(Cameroon)","TJMY10","","2007","29844","47187","In Service/Commission","KENTIA CARRIERS LTD","AURINA SHIPPING AND TRADING","","Rosjan Maritime Register of Shipping","","33","","","ENIGMA (since 01/10/2024) | SCF Yenisei (since 01/11/2007)","Cameroon (since 01/11/2025) | Gambia (since 01/06/2025) | Barbados (since 01/10/2024) | Gabon (since 01/01/2024) | Liberia (since 01/02/2018) | Rosja (since 01/07/2014) | Liberia (since 01/11/2007)","6","1","KENTIA CARRIERS LTD (since 15/10/2024) | MACHANTER SHIPPING CORP (since 08/02/2018) | MACHANTER SHIPPING CORP (since 21/11/2007)","","False","False","Rosja"
"9198082","GLOBAL STAR","Crude Oil Tanker","(Tonga False)","UNKNOWN","","1999","58125","104556","In Service/Commission","GOZOSO GROUP LTD","OCEAN DOLPHIN SHIP MANAGEMENT","OCEAN DOLPHIN SHIP MANAGEMENT","Korean Register (IACS)","","24","","","GLOBAL STAR (since 01/05/2025) | Gioiosa (since 01/10/2021) | Eagle Seville (since 01/03/2008)","Tonga False (since 01/08/2025) | Sint Maarten False (since 01/05/2025) | Guyana False (since 01/02/2025) | Panama (since 01/10/2021) | Singapore (since 01/03/2008) | Greece (since 01/11/2002)","5","2","GOZOSO GROUP LTD (since 14/10/2021)","","False","False","Rosja"
"9237632","STAR FOREST","Crude Oil Tanker","(Not Known)","UNKNOWN","","2003","160889","318692","In Service/Commission","SKYROCKET TRADING LTD","SKYROCKET TRADING LTD","UNKNOWN","American Bureau of Shipping (IACS)","","23","","","STAR FOREST (since 01/03/2024) | Galaxy Star (since 01/12/2022) | Forest Eagle (since 01/08/2021) | Maran Triton (since 01/06/2013) | Samco Asia (since 01/07/2003)","Not Known (since 01/03/2025) | Hong Kong, China (since 01/03/2024) | Panama (since 01/12/2022) | Djibouti (since 01/08/2021) | Greece (since 01/06/2013) | Marshall Islands (since 01/07/2003)","5","4","SKYROCKET TRADING LTD (since 13/03/2024) | SOARING INTERNATIONAL CO LTD (since 13/12/2022) | DIONE SHIPPING INC (since 07/06/2013) | SAMCO BETA LTD (since 01/07/2003)","","False","False","Rosja"
"9402732","URAN","Crude Oil Tanker","(Rosja)","UAEF7","","2008","164680","318068","In Service/Commission","RPTD SOLD Rosja","RPTD SOLD Rosja","FLEET SYNERGY LLC","Rosjan Maritime Register of Shipping","","7","","","URAN (since 01/03/2026) | Jewel 1 (since 01/08/2025) | Sea Jewel (since 01/06/2025) | Saathi (since 01/12/2024) | Onrim (since 01/01/2023) | Poros (since 01/01/2021) | Hua San (since 01/10/2008)","Rosja (since 01/03/2026) | Sierra leone (since 01/02/2026) | Gambia (since 01/08/2025) | Malawi False (since 01/06/2025) | Panama (since 01/12/2024) | Gabon (since 01/04/2023) | St.Kitts and Nevis (since 01/01/2023) | Liberia (since 01/01/2021) | Singapore (since 01/10/2008)","8","6","RPTD SOLD Rosja (since 11/03/2026) | DAVAO SHIPPING INC (since 18/06/2025) | OBSIDIAN SHIPPING INC-SEY (since 01/03/2024) | POROS SHIPPING CO (since 12/01/2021) | HUA AN SHIPPING PTE LTD (since 28/10/2008)","","False","False","Rosja"
"9330604","NACHOS","Crude Oil Tanker","(Sierra leone)","9LS2062","","2007","58442","104611","In Service/Commission","CORVANYX LANES LTD","TITAN MARINE MANAGEMENT' LLC","TITAN MARINE MANAGEMENT' LLC","Rosjan Maritime Register of Shipping","","27","","","NACHOS (since 01/09/2024) | Emerald I (since 01/05/2023) | Afrapearl (since 01/06/2021) | Capricorn Voyager (since 01/02/2007)","Sierra leone (since 01/09/2024) | Liberia (since 01/06/2021) | Bahamas (since 01/02/2007)","2","3","CORVANYX LANES LTD (since 01/01/2026) | EGEMEN SHIPPING CORP (since 06/09/2024) | STONEBLACK INVESTMENTS (since 03/05/2023) | AFRA SERVICES WORLDWIDE-LIB (since 25/06/2021)","","False","False","Rosja"
"9252333","VASLATI","Crude Oil Tanker","(Cameroon)","TJMA15","","2003","153911","306093","In Service/Commission","SPLENDID LEXY TRADING CO LTD","FLUID SHIPPING LTD","FLUID SHIPPING LTD","Registro Italiano Navale (IACS)","","24","","","VASLATI (since 01/12/2025) | Sprite (since 01/02/2024) | Takma (since 01/07/2023) | Sao Paulo (since 01/02/2022) | Coron (since 01/12/2021) | Maran Corona (since 01/05/2009) | Astro Corona (since 01/07/2003)","Cameroon (since 01/12/2025) | Antigua and Barbuda (since 01/02/2024) | Liberia (since 01/04/2023) | Cyprus (since 01/02/2022) | Liberia (since 01/12/2021) | Greece (during 2003)","5","6","SPLENDID LEXY TRADING CO LTD (since 09/12/2025) | MARINERMINDS MARITIME LTD (since 23/02/2024) | ROTIMO HOLDINGS LTD (since 22/02/2022) | CORONA ENE (since 01/01/2007) | TITAN MARITIME LTD-LIB (since 11/07/2003)","","False","False","Rosja"
"9290323","LOUISE 1","Crude Oil Tanker","(Panama)","3E5890","","2004","81074","159092","In Service/Commission","AQUARIUS MARITIME VENTURES SA","AQUARIUS MARITIME VENTURES SA","ANAGHA SHIP MANAGEMENT","Bureau Veritas (IACS)","","32","","","LOUISE 1 (since 01/03/2026) | Lady Louise (since 01/12/2024) | Angelica I (since 01/04/2024) | Aegean Angel (since 01/07/2004)","Panama (since 01/04/2024) | Greece (since 01/02/2003) | Liberia (since 01/02/2003)","2","3","AQUARIUS MARITIME VENTURES SA (since 05/03/2026) | MATI SHIPPING SA (since 24/12/2024) | ANGELICA SHIPPING SA (since 05/04/2024) | CAPE MED CORPORATION LTD (since 15/12/2021) | OCEAN TANKERS INTL CO (since 29/07/2004)","","False","False","Rosja"
"9259733","YI TONG","Crude Oil Tanker","(Panama)","3E2208","","2004","84855","159149","In Service/Commission","PACIFIC SHIPMANAGEMENT CO-MAI","PACIFIC SHIPMANAGEMENT CO-MAI","PACIFIC SHIPMANAGEMENT CO-MAI","Registro Italiano Navale (IACS)","","28","","","YI TONG (since 01/10/2024) | Snow Lotus (since 01/10/2022) | Lila Guangzhou (since 01/05/2022) | Da Yuan Hu (since 01/06/2004)","Panama (since 01/10/2022) | Liberia (since 01/05/2022) | China Peoples's Republic (since 01/08/2021) | China Peoples's Republic (since 01/06/2004)","3","3","PACIFIC SHIPMANAGEMENT CO-MAI (since 19/06/2025) | CL SHIPPING LTD (since 19/10/2022) | SANFORD SHIPPING LLC (since 29/05/2022) | COSCO SHIPPING ENERGY HAINAN (since 31/08/2021)","","False","False","Rosja"
"9282041","KAVIZ","Crude Oil Tanker","(Comoros FALSE)","UNKNOWN","","2004","62929","115392","In Service/Commission","RPTD SOLD UNDISCLOSED INTEREST","RPTD SOLD UNDISCLOSED INTEREST","UNKNOWN","Bureau Veritas (IACS)","","38","","","KAVIZ (since 01/02/2026) | Abhra (since 01/05/2024) | Monvos (since 01/03/2023) | Pintus (since 01/04/2022) | Axel Spirit (since 01/04/2004)","Comoros FALSE (since 01/02/2026) | Not Known (since 01/08/2025) | Panama (since 01/04/2022) | Bahamas (since 01/04/2004)","3","4","RPTD SOLD UNDISCLOSED INTEREST (since 30/07/2025) | MONTALOP INC (since 30/03/2023) | AXEL SPIRIT LLC (since 27/04/2004)","","False","False","Rosja"
"9294331","LILY","Crude Oil Tanker","(Mozambique False)","UNKNOWN","","2005","160296","311110","In Service/Commission","CONFIDENT APEX LTD","CONFIDENT APEX LTD","QILIN SHIPPING LTD","Nippon Kaiji Kyokai (IACS)","","21","","","LILY (since 01/03/2025) | Daban (since 01/01/2025) | Dangla (since 01/05/2024) | Phoebe (since 01/09/2022) | Altair Trader (since 01/05/2005)","Mozambique False (since 01/08/2025) | Malawi False (since 01/07/2025) | Panama (since 01/09/2019) | Isle of Man (since 01/06/2010) | Panama (since 01/05/2005)","4","4","CONFIDENT APEX LTD (since 03/01/2025) | SMILING COURAGE LTD (since 07/05/2024) | NILWALA LINES INC (since 12/09/2022) | FORTITUDE SHIPPING NAVIGATION (since 27/05/2005)","","False","False","Rosja"
"9298492","TOA PAYOH","Chemical/Oil Products Tanker","(Madagascar False)","UNKNOWN","","2005","30083","50922","In Service/Commission","RPTD SOLD UNDISCLOSED INTEREST","RPTD SOLD UNDISCLOSED INTEREST","UNKNOWN","Bureau Veritas (IACS)","","50","","","TOA PAYOH (since 01/11/2022) | Northern Ocean (since 01/05/2011) | North Point (since 01/05/2005)","Madagascar False (since 01/03/2026) | Guinea False (since 01/10/2025) | Not Known (since 01/08/2025) | Panama (since 01/11/2022) | Marshall Islands (since 01/05/2011) | Italy (since 01/05/2005)","5","2","RPTD SOLD UNDISCLOSED INTEREST (since 30/07/2025) | TOA PAYOH LINES INC (since 22/11/2022) | PANDEIRO MARINE LTD (since 12/05/2011)","","False","False","Rosja"
"9321677","DAPHNE V","Crude Oil Tanker","(Not Known)","UNKNOWN","","2006","61653","114523","In Service/Commission","RPTD SOLD UNDISCLOSED INTEREST","RPTD SOLD UNDISCLOSED INTEREST","UNKNOWN","Korean Register (IACS)","","30","","","DAPHNE V (since 01/10/2022) | Kronviken (since 01/09/2006)","Not Known (since 01/04/2026) | Panama (since 01/10/2022) | Norway (NIS) (since 01/09/2006)","2","1","RPTD SOLD UNDISCLOSED INTEREST (since 15/04/2026) | WHITE CORAL CORP (since 03/05/2024) | MAZDA LINES INC (since 20/10/2022) | VIKEN CRUDE AS (since 04/01/2016) | VIKEN FLEET I AS (since 29/06/2007)","","False","False","Rosja"
"9328170","AETHER","Crude Oil Tanker","(Madagascar False)","UNKNOWN","","2007","63440","113849","In Service/Commission","RPTD SOLD UNDISCLOSED INTEREST","RPTD SOLD UNDISCLOSED INTEREST","UNKNOWN","Lloyd's Register (IACS)","","8","","","AETHER (since 01/01/2023) | Lila Fujairah (since 01/05/2022) | Wafrah (since 01/10/2007)","Madagascar False (since 01/03/2026) | Guinea False (since 01/10/2025) | Not Known (since 01/08/2025) | Panama (since 01/11/2022) | Liberia (since 01/05/2022) | Kuwait (since 01/10/2007)","5","2","RPTD SOLD UNDISCLOSED INTEREST (since 30/07/2025) | AETHER LINES INC (since 19/01/2023) | NORA SEAWAY LLC (since 09/05/2022) | KUWAIT OIL TANKER CO SAK (since 23/10/2007)","","False","False","Rosja"
"9332171","VIRENT","Chemical/Oil Products Tanker","(Panama)","3E3834","","2007","29278","47128","In Service/Commission","PLATINUM KNIGHTS LTD","PLATINUM KNIGHTS LTD","FLEET TANQO PVT LTD","Lloyd's Register (IACS)","","53","","","VIRENT (since 01/11/2024) | Ellora (since 01/11/2022) | JO Ask (since 01/02/2018) | Atlantic Diana (since 01/11/2007)","Panama (since 01/11/2022) | Norway (NIS) (since 01/01/2018) | Hong Kong, China (since 01/11/2007)","2","3","PLATINUM KNIGHTS LTD (since 03/05/2024) | ELLORA LINES INC (since 09/12/2022) | HASSEL SHIPPING 2 AS (since 31/01/2018)","","False","False","Rosja"
"9332614","BELLARIS","Oil Products Tanker","(Cameroon False)","UNKNOWN","","2008","42893","74996","In Service/Commission","FLEET ARMADA PVT LTD","FLEET ARMADA PVT LTD","UNKNOWN","Bureau Veritas (IACS)","","27","","","BELLARIS (since 01/09/2024) | Srini (since 01/09/2022) | Arctic Char (since 01/11/2021) | Sunny Leopard (since 01/08/2021) | Marika (since 01/07/2008)","Cameroon False (since 01/04/2026) | Panama (since 01/09/2022) | Marshall Islands (since 01/08/2021) | Norway (NIS) (since 01/07/2008)","3","4","FLEET ARMADA PVT LTD (since 16/04/2026) | SRINI LINES INC (since 12/09/2022) | ARCTIC CHAR SHIPPING LLC (since 19/11/2021) | SUNNY LEOPARD SHIPPING LLC (since 26/08/2021)","","False","False","Rosja"
"9379301","VERSA","Crude Oil Tanker","(Not Known)","UNKNOWN","","2008","41696","74401","In Service/Commission","RPTD SOLD UNDISCLOSED INTEREST","RPTD SOLD UNDISCLOSED INTEREST","UNKNOWN","Korean Register (IACS)","","30","","","VERSA (since 01/07/2024) | Scylla (since 01/09/2022) | Alpine Penelope (since 01/04/2008)","Not Known (since 01/04/2026) | Panama (since 01/09/2022) | Liberia (since 01/04/2008)","2","2","RPTD SOLD UNDISCLOSED INTEREST (since 15/04/2026) | DREWA LTD (since 04/06/2024) | KOSHI LINES INC (since 05/09/2022)","","False","False","Rosja"
"9390587","ONEIROI","Crude Oil Tanker","(Not Known)","UNKNOWN","","2008","57142","105585","In Service/Commission","RPTD SOLD UNDISCLOSED INTEREST","RPTD SOLD UNDISCLOSED INTEREST","UNKNOWN","Bureau Veritas (IACS)","","25","","","ONEIROI (since 01/03/2023) | Keros Voyager (since 01/06/2022) | Phoenix Hope (since 01/11/2008)","Not Known (since 01/04/2026) | Panama (since 01/03/2023) | Liberia (since 01/06/2022) | Panama (since 01/11/2008)","3","2","RPTD SOLD UNDISCLOSED INTEREST (since 24/04/2026) | GOLDEN DORADO CO (since 26/12/2023) | ONEIROI LINES INC (since 03/03/2023) | PHOENIX HOPE INC (since 20/11/2008)","","False","False","Rosja"
"9413004","HORAE","Crude Oil Tanker","(Not Known)","UNKNOWN","","2009","55898","105419","In Service/Commission","RPTD SOLD UNDISCLOSED INTEREST","RPTD SOLD UNDISCLOSED INTEREST","UNKNOWN","Lloyd's Register (IACS)","","28","","","HORAE (since 01/09/2022) | Stavanger Falcon (since 01/01/2019) | Eagle Sydney (since 01/02/2009)","Not Known (since 01/04/2026) | Panama (since 01/02/2009)","1","2","RPTD SOLD UNDISCLOSED INTEREST (since 15/04/2026) | SCALLOP MARINE LTD (since 27/12/2023) | HELIOS LINES INC (since 30/10/2022) | EAGLE SYDNEY KS (before 04/2013) | DSD SHIPPING AS (since 20/07/2009) | EAGLE SYDNEY KS (since 06/02/2009)","","False","False","Rosja"
"9433016","APATE","Oil Products Tanker","(Madagascar False)","UNKNOWN","","2009","42340","74862","In Service/Commission","RPTD SOLD UNDISCLOSED INTEREST","RPTD SOLD UNDISCLOSED INTEREST","UNKNOWN","May 2026","","19","","","APATE (since 01/11/2022) | Liberty (since 01/04/2022) | Tectus (since 01/12/2012) | FPMC P Duke (since 01/07/2009)","Madagascar False (since 01/02/2026) | Guinea False (since 01/09/2025) | Not Known (since 01/08/2025) | Panama (since 01/11/2022) | Marshall Islands (since 01/04/2022) | Liberia (since 01/07/2009)","5","3","RPTD SOLD UNDISCLOSED INTEREST (since 30/07/2025) | APATE LINES INC (since 01/11/2022) | LIBERTY MARITIME LTD (since 27/04/2022) | FPMC DUKE MARINE CORP (since 09/07/2009)","","False","False","Rosja"
"9258026","EDERRA","Oil Products Tanker","(Cameroon)","TJM0162","","2003","28529","47149","In Service/Commission","ORVANTYR FLAGLINE LTD","ORVANTYR FLAGLINE LTD","NEBULON STEELVEIL LLC","Rosjan Maritime Register of Shipping","","63","","","EDERRA (since 01/06/2023) | Sea Horizon (since 01/01/2013) | Eskden (since 01/06/2011) | Eland (since 01/09/2003)","Cameroon (since 01/03/2025) | Palau (Republic of) (since 01/06/2023) | Marshall Islands (since 01/09/2021) | Malta (since 01/01/2013) | Panama (since 01/09/2003) | Philippines (since 01/09/2003) | Panama (since 01/09/2003)","6","3","ORVANTYR FLAGLINE LTD (since 09/12/2025) | KINGS & QUEENS MARINE CORP (since 27/06/2023) | HUDSON MARITIME CO LTD (since 17/09/2021) | HESPEROS MARITIME CO LTD (since 23/01/2013) | RATU SHIPPING CO SA (before 04/2011) | SAFEMARINE CORPORATION SA (since 01/10/2003)","","False","False","Rosja"
"9307815","FLORA 1","Chemical/Oil Products Tanker","(Cameroon)","TJM54Y","","2005","30053","50921","In Service/Commission","ANKANG LTD","ANKANG LTD","LONG MEN SHIPMANAGEMENT CO LTD","Registro Italiano Navale (IACS)","","64","","","FLORA 1 (since 01/06/2025) | Tasta (since 01/04/2025) | Rudra (since 01/01/2025) | Electra (since 01/01/2023) | Atlantica Bridge (since 01/07/2018) | Arctic Bridge (since 01/10/2007) | South Point (since 01/12/2005)","Cameroon (since 01/01/2026) | Sierra leone (since 01/12/2025) | Benin False (since 01/08/2025) | Palau (Republic of) (since 01/05/2025) | Djibouti (since 01/02/2025) | Panama (since 01/01/2025) | Gabon (since 01/05/2023) | St.Kitts and Nevis (since 01/01/2023) | Liberia (since 01/07/2018) | Germany (since 01/07/2018) | Malta (since 01/10/2007) | Germany (since 01/10/2007) | Italy (since 01/12/2005)","12","6","ANKANG LTD (since 30/12/2025) | NARMADA MARITIME INC (since 27/05/2025) | KATARINA SHIPPING INC-SEY (since 26/01/2024) | GORDIAN SHIPPING & MARINE INC (since 16/03/2023) | ATLANTIC BRIDGE AS (since 31/07/2018) | ARCTIC BRIDGE (since 17/10/2007)","","False","False","Rosja"
"9368235","NEVAH","Crude Oil Tanker","(Cameroon)","TJM21C","","2008","62863","108936","In Service/Commission","LAI JING SHIPPING LTD","LAI JING SHIPPING LTD","TAO HUA JIANG SHIPMANAGEMENT","May 2026","","27","","","NEVAH (since 01/05/2025) | Fu Hai Wan (since 01/09/2024) | Osgood (since 01/06/2021) | Ocean Taipan (since 01/05/2008)","Cameroon (since 01/11/2025) | Comoros FALSE (since 01/05/2025) | Djibouti (since 01/04/2025) | Panama (since 01/09/2024) | Liberia (since 01/09/2024) | Singapore (since 01/10/2022) | Liberia (since 01/10/2022) | Singapore (since 01/05/2008)","7","3","LAI JING SHIPPING LTD (since 13/09/2024) | MINSHENG ZHIRUI TIANJIN SHPG (since 21/10/2022) | PETER 9 PTE LTD (since 30/06/2021) | NAN GUANG MARITIME PTE LTD (since 29/05/2008)","","False","False","Rosja"
"9384459","ONEGA","Chemical/Oil Products Tanker","(Rosja)","UARD4","","2010","19986","30720","In Service/Commission","LUENA AQUATIC INC","LUENA AQUATIC INC","NORTH VECTOR' LLC","Rosjan Maritime Register of Shipping","","11","","","ONEGA (since 01/08/2025) | Ji Xiang (since 01/05/2024) | Rn Privodino (since 01/03/2010)","Rosja (since 01/08/2025) | Not Known (since 01/03/2025) | Panama (since 01/02/2023) | Cyprus (since 01/03/2010)","3","2","LUENA AQUATIC INC (since 09/05/2024) | RUBIO HOLDINGS LTD (since 09/04/2012)","","False","False","Rosja"
"9599341","JUPITER I","Oil Products Tanker","(Rosja)","UBDL5","","2010","4812","7111","In Service/Commission","RPTD SOLD Rosja","RPTD SOLD Rosja","PRIME SHIPPING LLC-RUS","Rosjan Maritime Register of Shipping","","23","","","JUPITER I (since 01/02/2023) | Svl Pride (since 01/11/2010)","Rosja (since 01/11/2024) | Panama (since 01/10/2024) | Palau (Republic of) (since 01/02/2023) | Malta (since 01/02/2023) | Rosja (since 01/04/2014) | Malta (since 01/11/2010)","5","1","RPTD SOLD Rosja (since 12/11/2024) | YUN HAI MARITIME LTD (since 01/10/2024) | OCEANEDGE ENGINEERING FZE (since 01/03/2024) | SVL MARITIME A LTD (since 21/11/2010)","","False","False","Rosja"
"9286073","RCELEBRA","Crude Oil Tanker","(Cameroon)","TJMQ3","","2005","161379","308829","In Service/Commission","CAPITAL FLAT INTL TRADING","AGILITY SHIPPING LTD","AGILITY SHIPPING LTD","Bureau Veritas (IACS)","","24","","","RCELEBRA (since 01/06/2025) | T Cereal (since 01/01/2025) | Rolin (since 01/01/2024) | Caroline (since 01/02/2023) | Adventure (since 01/10/2005)","Cameroon (since 01/06/2025) | Hong Kong, China (since 01/01/2025) | Vietnam (since 01/02/2023) | Greece (since 01/09/2007) | Malta (since 01/10/2005)","4","4","CAPITAL FLAT INTL TRADING (since 25/07/2025) | RPTD SOLD UNDISCLOSED INTEREST (since 20/06/2025) | YOUNG HONEST SHIPPING LTD (since 12/01/2025) | VIETMY TRANS CO LTD (since 14/02/2023) | DYNAMIC SHIPPING ENTERPRISES (since 14/09/2007) | GENTLE OCEAN SHIPPING (since 21/10/2005)","","False","False","Rosja"
"9326885","ANAYA","Oil Products Tanker","(Not Known)","UNKNOWN","","2008","42835","74997","In Service/Commission","RPTD SOLD UNDISCLOSED INTEREST","RPTD SOLD UNDISCLOSED INTEREST","UNKNOWN","Korean Register (IACS)","","32","","","ANAYA (since 01/09/2022) | George B (since 01/12/2021) | Sunny Lynx (since 01/09/2021) | Mari Ugland (since 01/02/2008) | Marietta (since 01/09/2007)","Not Known (since 01/04/2026) | Panama (since 01/09/2022) | Marshall Islands (since 01/09/2021) | Norway (NIS) (since 01/02/2008)","3","4","RPTD SOLD UNDISCLOSED INTEREST (since 15/04/2026) | ZAFFERANO TRADING LTD (since 27/12/2023) | ANAYA LINES INC (since 26/09/2022) | TEODOR SHIPPING LLC (since 21/09/2022) | GB SHIPPING LLC (since 11/12/2021) | SUNNY LYNX SHIPPING LLC (since 15/09/2021)","","False","False","Rosja"
"9264283","MELANIA","Chemical/Oil Products Tanker","(Sierra leone)","9LS2157","","2004","25108","40293","In Service/Commission","PULSAR INVESTMENTS CO LLC","XENA DMCC","XENA DMCC","Registro Italiano Navale (IACS)","","49","","","MELANIA (since 01/12/2025) | Pm Bacton (since 01/02/2023) | Cape Bacton (since 01/08/2005) | Celebes Wind (since 01/04/2005) | Chabua Amiredjibi (since 01/04/2004)","Sierra leone (since 01/05/2025) | Panama (since 01/02/2023) | Marshall Islands (since 01/08/2005) | Germany (since 01/08/2005) | Marshall Islands (since 01/04/2004) | Germany (since 01/04/2004)","5","4","PULSAR INVESTMENTS CO LLC (since 06/02/2023) | CL QINHUANGDAO LTD (since 23/12/2021)","","False","False","Rosja"
"9352195","SANDHYA","Chemical/Oil Products Tanker","(Cameroon)","TJM2R4","","2007","23304","37159","In Service/Commission","CHATURBUJA SHIPPING PVT LTD","CHATURBUJA SHIPPING PVT LTD","CHATURBUJA SHIPPING PVT LTD","Lloyd's Register (IACS)","","40","","","SANDHYA (since 01/12/2024) | Lagoon (since 01/11/2022) | Lugano (since 01/06/2021) | Nord Hummock (since 01/01/2011) | Payal (since 01/05/2009) | Jag Payal (since 01/03/2007)","Cameroon (since 01/04/2026) | Sierra leone (since 01/01/2026) | Malawi False (since 01/06/2025) | Not Known (since 01/05/2025) | Panama (since 01/12/2024) | Gabon (since 01/11/2022) | Germany (since 01/11/2022) | Liberia (since 01/06/2021) | Germany (since 01/06/2021) | Denmark (DIS) (since 01/01/2011) | Malta (since 01/03/2010) | Portugal (MAR) (since 01/08/2009) | Malta (since 01/08/2009) | India (since 01/03/2007)","13","5","CHATURBUJA SHIPPING PVT LTD (since 28/01/2026) | TUNASAN SHIPPING INC (since 01/03/2024) | NEPTUNE SHIPPING & MARINE INC (since 07/11/2022) | ZUG CONDOR 233 SCHIFFFAHRTS (since 08/06/2021) | NORDEN AS DAMPSKIBSSELSKABET (since 04/02/2020) | SYNERGY MARINE COPENHAGEN AS (since 31/01/2011) | MOTIA COMPAGNIA DI NAVIGAZIONE (since 17/08/2009) | GREAT EASTERN SHIPPING CO LTD (since 19/03/2007)","","False","False","Rosja"
"9328716","SKYWAVE","Crude Oil Tanker","(Botswana False)","UNKNOWN","","2005","159860","302481","In Service/Commission","RPTD SOLD UNDISCLOSED INTEREST","RPTD SOLD UNDISCLOSED INTEREST","UNKNOWN","May 2026","","7","","","SKYWAVE (since 01/04/2025) | Blue Gulf (since 01/06/2024) | Sharp Ocean (since 01/06/2023) | Jilhan (since 01/06/2023) | Yio (since 01/05/2020) | Yugawasan (since 01/08/2005)","Botswana False (since 01/12/2025) | Comoros FALSE (since 01/05/2025) | Comoros (since 01/04/2025) | Palau (Republic of) (since 01/06/2024) | Panama (since 01/06/2023) | Liberia (since 01/05/2020) | Panama (since 01/08/2005)","6","5","RPTD SOLD UNDISCLOSED INTEREST (since 12/03/2025) | SUN ENTERPRISES SERVICES LTD (since 13/05/2020) | NEW GRACE MARITIME SA (since 31/08/2005)","","False","False","Rosja"
"8710730","CELEBES","Tug","(Indonesia)","YDA3301","","1986","185","0","In Service/Commission","BINTANG SAMUDRA UTAMA PT","BINTANG SAMUDRA UTAMA PT","UNKNOWN","April 2026","","0","","","CELEBES (since 01/02/2013)","Indonesia (since 01/02/2013)","0","0","BINTANG SAMUDRA UTAMA PT (since 01/09/2022) | SMPL INDONESIA (since 06/02/2013)","","False","False","Rosja"
"9276573","FABULE","Crude Oil Tanker","(Malawi False)","UNKNOWN","","2004","58156","103622","In Service/Commission","SUN SCIENCE INTERNATIONAL","SUN SCIENCE INTERNATIONAL","PAX GLORIA SHIPPING LTD","Overseas Marine Certification Services","","43","","","FABULE (since 01/07/2025) | Corona Fun (since 01/05/2024) | Minerva Eleonora (during 2004)","Malawi False (since 01/07/2025) | Not Known (since 01/03/2025) | Panama (since 01/05/2024) | Liberia (since 01/07/2022) | Greece (since 01/03/2004)","4","2","SUN SCIENCE INTERNATIONAL (since 03/05/2024) | ELEONORA SHIPOWNING SA (since 11/07/2022) | ELEONORA ENE (since 12/05/2004) | OATH ENTERPRISES SA (since 12/05/2004)","","False","False","Rosja"
"9203277","LEXIE","Crude Oil Tanker","(Botswana False)","UNKNOWN","","2001","157831","298911","In Service/Commission","LOGISTIC UNITS NV","LOGISTIC UNITS NV","UNKNOWN","May 2026","","20","","","LEXIE (since 01/02/2026) | Lexi (since 01/08/2022) | Dante (since 01/07/2019) | Victory I (since 01/09/2014) | DS Victory (since 01/07/2014) | Pluto Glory (since 01/02/2001)","Botswana False (since 01/02/2026) | Comoros FALSE (since 01/05/2025) | Comoros (since 01/09/2022) | Cameroon (since 01/08/2022) | Samoa FALSE (since 01/09/2020) | Not Known (since 01/01/2020) | Panama (since 01/07/2019) | Marshall Islands (since 01/09/2014) | Germany (since 01/09/2014) | Panama (since 01/04/2005) | Germany (since 01/04/2005) | Panama (since 01/02/2001)","11","5","LOGISTIC UNITS NV (since 25/02/2026) | SEA SERVICES PROVIDERS NV (since 03/08/2022) | PRINCETON MARITIME LTD (since 27/09/2014) | PLUTO MARITIME (during 2001)","","False","False","Rosja"
"9179921","MALILI","Tug","(Indonesia)","YBEN","","1997","358","0","In Service/Commission","SMPL INDONESIA","SMPL INDONESIA","UNKNOWN","April 2026","","3","","","MALILI (since 01/10/2014)","Indonesia (since 01/10/2014)","0","0","SMPL INDONESIA (during 10/2014)","","False","False","Rosja"
"8106109","MARINA VISION","Tug","(Indonesia)","YDA3415","","1981","244","0","In Service/Commission","GIANIRA ADHINUSA SENATAMA PT","GIANIRA ADHINUSA SENATAMA PT","UNKNOWN","May 2026","","0","","","","","","","","","False","False","Rosja"
"9257149","NESO","Crude Oil Tanker","(Not Known)","UNKNOWN","","2004","153970","306229","In Service/Commission","RPTD SOLD UNDISCLOSED INTEREST","RPTD SOLD UNDISCLOSED INTEREST","UNKNOWN","Registro Italiano Navale (IACS)","","27","","","NESO (since 01/04/2024) | Statice (since 01/01/2024) | Elizabeth I.A. (since 01/06/2009) | Elizabeth I. Angelicoussi (during 2004)","Not Known (since 01/03/2025) | Panama (since 01/01/2024) | Panama (since 01/01/2024) | Marshall Islands (since 01/12/2023) | Greece (during 2004)","4","3","RPTD SOLD UNDISCLOSED INTEREST (since 12/03/2025) | ONDINE MARINE CO (since 04/12/2023) | ELIZABETH ENE (since 25/10/2004)","","False","False","Rosja"
"9272694","POLARIS 1","Chemical/Oil Products Tanker","(Iran)","EPXT5","","2005","28131","45694","In Service/Commission","FALLON SHIPPING CO LTD","FALLON SHIPPING CO LTD","AREN SHIP MANAGEMENT","December 2023","","17","","","POLARIS 1 (since 01/10/2012) | Aquila (since 01/04/2012) | Polaris (since 01/11/2010) | Formosa Fourteen (since 01/05/2005)","Iran (since 01/06/2022) | Panama (since 01/09/2012) | Tuvalu (since 01/04/2012) | Barbados (since 01/11/2010) | Liberia (since 01/05/2005)","4","3","FALLON SHIPPING CO LTD (during 09/2012) | OYSTER CARGO & SHIPPING LLC (since 18/11/2010)","","False","False","Rosja"
"9237797","TIMA","Crude Oil Tanker","(Guyana False)","UNKNOWN","","2003","164292","316507","In Service/Commission","RPTD SOLD UNDISCLOSED INTEREST","RPTD SOLD UNDISCLOSED INTEREST","UNKNOWN","April 2026","","26","","","TIMA (since 01/06/2025) | Shannon II (since 01/02/2024) | Youxia (since 01/08/2023) | Mega (since 01/07/2023) | Lulu (since 01/08/2014) | Capricorn Star (since 01/07/2003)","Guyana False (since 01/06/2025) | Barbados (since 01/08/2024) | Cook islands (since 01/02/2024) | Panama (since 01/08/2023) | Liberia (since 01/07/2023) | Saudi Arabia (since 01/08/2017) | Liberia (since 01/07/2003)","6","5","RPTD SOLD UNDISCLOSED INTEREST (since 12/03/2025) | SHANNON MARINE INC (since 21/02/2024) | YOUXIA SHIPPING INC (since 16/08/2023) | EPIC MARINE LTD (since 17/07/2023) | NATIONAL SHPG CO SAUDI ARABIA (since 07/08/2014) | BAHRI OIL TRANSPORTATION (during 12/2010)","","False","False","Rosja"
"9181194","ASTERIX","Crude Oil Tanker","(Not Known)","UNKNOWN","","2000","159187","308491","In Service/Commission","OCEANEND SHIPPING LTD","OCEANEND SHIPPING LTD","UNKNOWN","May 2026","","23","","","ASTERIX (since 01/07/2022) | Phoenix (since 01/08/2020) | Lerax (since 01/06/2020) | Marina M (since 01/01/2008) | Else Maersk (since 01/02/2000)","Not Known (since 01/11/2025) | Gambia (since 01/11/2024) | Not Known (since 01/09/2022) | Cameroon (since 01/07/2022) | Not Known (since 01/05/2021) | Tanzania (since 01/08/2020) | St.Kitts and Nevis (since 01/06/2020) | Malta (since 01/01/2008) | Denmark (DIS) (since 01/02/2000)","8","4","OCEANEND SHIPPING LTD (since 28/07/2022) | MARUSKA SHIPPING LTD (since 07/01/2008) | MOLLER-MAERSK A/S (since 28/02/2000)","","True","False","Iran"
"9271406","LBS","Crude Oil Tanker","(Comoros FALSE)","UNKNOWN","","2003","56477","105817","In Service/Commission","CELESTIAL OVERSEAS CO LTD","TRIVIALITY SHIPPING LLC","TRIVIALITY SHIPPING LLC","January 2026","","45","","","LBS (since 01/05/2025) | Yuan Qi (since 01/03/2025) | Meng Xin (since 01/02/2024) | Altus (since 01/03/2023) | Astrid I (since 01/12/2021) | Ornella (since 01/11/2020) | Minerva Concert (since 01/05/2003)","Comoros FALSE (since 01/05/2025) | Curacao False (since 01/03/2025) | Panama (since 01/06/2023) | Gabon (since 01/03/2023) | Gabon (since 01/03/2023) | Panama (since 01/12/2021) | Togo (since 01/11/2020) | Greece (since 01/09/2003)","7","6","CELESTIAL OVERSEAS CO LTD (since 02/05/2025) | YI LING HEXIE LTD (since 09/02/2024) | ORNELLA SHIPPING INC (during 11/2020) | CONCERT ENE (since 19/07/2004)","","False","False","Rosja"
"9236248","FENGHUANG","Crude Oil Tanker","(Mozambique False)","UNKNOWN","","2002","59693","105851","In Casualty Or Repairing","CELESTIAL OVERSEAS CO LTD","TRIVIALITY SHIPPING LLC","TRIVIALITY SHIPPING LLC","May 2026","","36","","","FENGHUANG (since 01/03/2025) | Phoenix I (since 01/10/2020) | Burgundy Star (since 01/08/2020) | Minerva Zenia (since 01/04/2002) | Torness (during 2002)","Mozambique False (since 01/03/2026) | Cameroon False (since 01/03/2026) | Madagascar False (since 01/01/2026) | Comoros FALSE (since 01/05/2025) | Curacao False (since 01/03/2025) | Cook islands (since 01/07/2024) | Panama (since 01/10/2020) | Liberia (since 01/08/2020) | Greece (since 01/04/2003) | Malta (during 2002)","9","4","CELESTIAL OVERSEAS CO LTD (since 02/05/2025) | REPOSTER SHIPPING LTD (since 22/10/2020) | ZENIA SPECIAL MTME ENTERPRISE (since 17/06/2004)","","False","False","Rosja"
"8230663","VOLGONEFT","Oil Products Tanker","(Rosja)","UIDE","","1973","3463","4190","In Service/Commission","MIDDLE VOLGA SHIPPING CO","MIDDLE VOLGA SHIPPING CO","UNKNOWN","November 2025","","0","","","VOLGONEFT-111 (during 1973)","Rosja (since 01/03/2009) | St.Kitts and Nevis (since 01/03/2007)","1","0","","","False","False","Rosja"
"8727915","VOLGONEFT","Oil Products Tanker","(Rosja)","UNKNOWN","","1972","3463","4190","In Service/Commission","MIDDLE VOLGA SHIPPING CO","MIDDLE VOLGA SHIPPING CO","UNKNOWN","November 2025","","0","","","VOLGONEFT-105 (since 01/01/1972)","Rosja (since 01/03/2009) | St.Kitts and Nevis (since 01/03/2007)","1","0","","","False","False","Rosja"
"8892007","IGOR ORLOV","Oil Products Tanker","(Rosja)","UBIM","","1979","3515","4626","In Service/Commission","ARTNER MANAGEMENT CORP","MIDDLE VOLGA SHIPPING CO","MIDDLE VOLGA SHIPPING CO","Rosjan Maritime Register of Shipping","","4","","","IGOR ORLOV (since 01/03/2025) | Volgoneft-147 (since 01/06/2013) | Inline 147 (since 01/04/2009)","Rosja (since 01/08/2017) | Rosja (since 01/06/2013) | Sierra leone (since 01/06/2013) | Rosja (since 01/04/2009) | Rosja (since 01/04/2009) | Sierra leone (since 01/04/2009) | Rosja (since 01/01/2004)","6","2","ARTNER MANAGEMENT CORP (before 05/2017) | MIDDLE VOLGA SHIPPING CO (since 20/06/2013) | ARTNER MANAGEMENT CORP (during 2009)","","False","False","Rosja"
"8925414","VOLGONEFT","Oil Products Tanker","(Rosja)","UIBF","","1970","3463","4150","In Service/Commission","MIDDLE VOLGA SHIPPING CO","MIDDLE VOLGA SHIPPING CO","UNKNOWN","May 2026","","0","","","VOLGONEFT-217 (during 1970)","Rosja (since 01/03/2009) | St.Kitts and Nevis (since 01/03/2007)","1","0","","","False","False","Rosja"
"8925426","VOLGONEFT","Oil Products Tanker","(Rosja)","UIHR","","1974","3566","4100","In Service/Commission","MIDDLE VOLGA SHIPPING CO","MIDDLE VOLGA SHIPPING CO","UNKNOWN","November 2025","","0","","","VOLGONEFT-117 (during 1974)","Rosja (since 01/03/2009) | St.Kitts and Nevis (since 01/03/2007)","1","0","","","False","False","Rosja"
"9330599","LUMIN","Crude Oil Tanker","(Cameroon)","TJMG2","","2006","58088","104866","In Service/Commission","AVELINE CO LTD","SEA CHERISHER CO LTD","SEA CHERISHER CO LTD","Rosjan Maritime Register of Shipping","","40","","","LUMIN (since 01/10/2024) | Lambada (since 01/07/2022) | Martha (since 01/06/2021) | Castor (since 01/02/2021) | Castor Voyager (since 01/07/2006)","Cameroon (since 01/10/2025) | Maldive Islands FALSE (since 01/09/2025) | Not Known (since 01/07/2025) | Panama (since 01/10/2024) | Marshall Islands (since 01/07/2022) | Liberia (since 01/06/2021) | Bahamas (since 01/07/2006)","6","4","AVELINE CO LTD (since 21/07/2025) | TANGO SHIPPING CO (since 18/07/2022) | ASIANNA MARINE INC (since 29/04/2021) | OMC SHIPPING PTE LTD (since 02/02/2021) | CM PACIFIC MARITIME (since 28/07/2006)","","False","False","Rosja"
"9384992","MARS 6","Crude Oil Tanker","(Sierra leone)","9LS1914","","2007","57462","106045","In Service/Commission","BENGO AQUATIC INC","PING DING SHAN SHIPMANAGEMENT","PING DING SHAN SHIPMANAGEMENT","Indian Register of Shipping (IACS)","","38","","","MARS 6 (since 01/03/2025) | Sousta (since 01/02/2022) | Guanabara (since 01/11/2007)","Sierra leone (since 01/10/2025) | Panama (since 01/03/2025) | Marshall Islands (since 01/02/2022) | Singapore (since 01/04/2013) | Bahamas (since 01/11/2007)","4","2","BENGO AQUATIC INC (since 04/10/2025) | YUVA SHIPPING LTD (since 05/03/2025) | SOUSTA SHIPPING CO (since 03/02/2022) | MOL ENERGIA PTE LTD (since 01/04/2013)","","False","False","Rosja"
"9311751","HITIT","Chemical/Oil Products Tanker","(Turkey)","TCA8658","","2006","23246","36993","Broken Up","HITIT TANKER GEMI ISLET","BLACK SEA TANKERS GEMI","UNKNOWN","March 2026","","34","","","HITIT (since 01/07/2025) | Antiochia Ka (since 01/11/2023) | Esen Ka (since 01/05/2022) | Maersk Arctic (since 01/11/2015) | Elbtank Italy (since 01/10/2008) | Ravi Spirit (since 01/08/2007) | Rhine (since 01/02/2006)","Turkey (since 01/07/2025) | Liberia (since 01/11/2023) | Turkey (since 01/05/2022) | Singapore (since 01/11/2015) | Germany (since 01/11/2015) | Liberia (since 01/10/2008) | Germany (since 01/10/2008) | Bahamas (since 01/08/2007) | Marshall Islands (since 01/02/2006)","8","6","HITIT TANKER GEMI ISLET (since 07/07/2025) | ESEN SHIPPING LTD (since 15/11/2023) | WHITE TANKERS GEMI ISLET (since 26/05/2022) | MAERSK TANKERS SINGAPORE PTE (since 16/11/2015) | ELBTANK ITALY SCHIFFAHRTS (since 01/10/2008)","","False","False","Rosja"
"9585924","KALUGA","Chemical/Oil Products Tanker","(Rosja)","UBWV6","","2021","4701","7033","In Service/Commission","TRINITY SHIPPING LLC-RUS","TRINITY SHIPPING LLC-RUS","TRINITY SHIPPING LLC-RUS","Rosjan Maritime Register of Shipping","","3","","","KALUGA (since 01/12/2021)","Rosja (since 01/12/2021)","0","0","TRINITY SHIPPING LLC-RUS (since 10/12/2021)","","False","False","Rosja"
"9323314","ADITYA","Chemical/Oil Products Tanker","(Cameroon)","TJM21Z","","2006","30681","52622","In Service/Commission","CENTAURI SERVICES LLC","CENTAURI SERVICES LLC","CHARAI SEA SHIPPING PVT LTD","Rosjan Maritime Register of Shipping","","35","","","ADITYA (since 01/03/2024) | Ane (since 01/07/2022) | Ance (since 01/07/2006)","Cameroon (since 01/12/2025) | Not Known (since 01/10/2025) | Sao Tome and Principe (since 01/01/2025) | Gabon (since 01/03/2024) | Liberia (since 01/07/2022) | Marshall Islands (since 01/07/2006)","5","2","CENTAURI SERVICES LLC (since 01/06/2025) | DUKE LOGISTICS LLC-FZ (since 06/03/2024) | SLOKA NAVIGATION INC (since 07/07/2006)","","False","False","Rosja"
"9313498","JACKLYN","Crude Oil Tanker","(Cameroon)","TJMU5","","2008","57657","105773","In Service/Commission","EVERGREEN CO LTD","PACIFIC STAR MANAGEMENT LTD","PROSPERITY PEAK LTD","Rosjan Maritime Register of Shipping","","32","","","JACKLYN (since 01/02/2025) | Nemo (since 01/03/2021) | Navigator Spirit (since 01/02/2014) | SPT Navigator (since 01/03/2008)","Cameroon (since 01/10/2025) | Not Known (since 01/07/2025) | Panama (since 01/02/2025) | Liberia (since 01/03/2021) | Bahamas (since 01/03/2008)","4","3","EVERGREEN CO LTD (since 22/10/2025) | NEMO MANAGEMENT INC (since 18/03/2021) | NAVIGATOR SPIRIT LLC (since 19/11/2020) | XIANG CH31 HK INTERNATIONAL (since 02/11/2018) | NAVIGATOR SPIRIT LLC (during 11/2014)","","False","False","Rosja"
"8878374","BETA","General Cargo Ship","(Rosja)","UBDH2","","1979","2463","3022","In Service/Commission","TRAVELER SHIPPING LTD","TRAVELER SHIPPING LTD","TRAVELER SHIPPING LTD","Rosjan Maritime Register of Shipping","","41","","","BETA (since 01/07/2018) | Alioth (since 01/09/2010)","Rosja (since 01/07/2018) | Palau (Republic of) (since 01/04/2017) | St.Kitts and Nevis (since 01/04/2017) | Rosja (since 01/05/2011) | St.Kitts and Nevis (since 01/09/2010)","4","1","TRAVELER SHIPPING LTD (since 20/07/2018) | ALIOTH SHIPPING SA (since 24/08/2010)","","False","False","Rosja"
"9208124","SKY RIDER","Chemical/Oil Products Tanker","(Not Known)","UNKNOWN","","2000","23235","37418","In Service/Commission","DILAN SHIPPING LTD","DILAN SHIPPING LTD","UNKNOWN","May 2026","","55","","","SKY RIDER (since 01/10/2022) | Toro (since 01/11/2020) | Bella (since 01/10/2019) | Baltic Chief I (since 01/12/2001) | Baltic Chief (since 01/05/2001) | Baltic Carrier (during 2000) | Armodius (during 2000)","Not Known (since 01/05/2026) | Cameroon (since 01/08/2025) | Not Known (since 01/05/2025) | Palau (Republic of) (since 01/10/2022) | Liberia (since 01/10/2019) | Germany (since 01/06/2016) | Portugal (MAR) (since 01/06/2016) | Cyprus (since 01/12/2001) | Germany (since 01/12/2001)","8","6","DILAN SHIPPING LTD (since 08/11/2024) | PENINSULA ENERGY FZE (since 20/10/2022) | BALTIC CHIEF SCHIFFAHRTS (since 10/06/2004)","","False","False","Rosja"
"9259745","ETERNAL PEACE","Crude Oil Tanker","(Not Known)","UNKNOWN","","2004","84855","159549","In Service/Commission","HONG KONG ZHONGTUO GROUP CO","HONG KONG ZHONGTUO GROUP CO","UNKNOWN","China Classification Society (IACS)","","26","","","ETERNAL PEACE (since 01/11/2022) | Lila Shenzhen (since 01/08/2022) | Da Li Hu (since 01/12/2004)","Not Known (since 01/05/2025) | Panama (since 01/11/2022) | Liberia (since 01/08/2022) | China Peoples's Republic (since 01/08/2021) | China Peoples's Republic (since 01/12/2004)","4","2","HONG KONG ZHONGTUO GROUP CO (since 25/11/2022) | DELTONA MARINE LLC (since 06/09/2022) | COSCO SHIPPING ENERGY HAINAN (since 31/08/2021)","","False","False","Rosja"
"9260275","KATRAN","Chemical/Oil Products Tanker","(Sierra leone)","9LS2060","","2004","25127","39999","In Service/Commission","OMNI TORRENT LTD","OMNI TORRENT LTD","NAUTICAL UNITY SHIPMANAGEMENT","Indian Register of Shipping (IACS)","","51","","","KATRAN (since 01/08/2024) | Blue Sun (since 01/03/2023) | Sw Monaco I (since 01/10/2015) | Cape Bruny (since 01/01/2004)","Sierra leone (since 01/08/2024) | Panama (since 01/10/2015) | Germany (since 01/10/2015) | Marshall Islands (since 01/01/2004) | Germany (since 01/01/2004)","4","3","OMNI TORRENT LTD (since 20/08/2024) | HUNG PHAT MARITIME TRADING (since 01/03/2023) | SW MONACO SHIPPING LLC (since 21/10/2015) | CAPE BRUNY TANKSCHIFFAHRTS (since 15/01/2004)","","False","False","Rosja"
"9261619","HANNAH","Crude Oil Tanker","(Cameroon)","TJMG4","","2003","57314","105869","In Service/Commission","RPTD SOLD UNDISCLOSED INTEREST","RPTD SOLD UNDISCLOSED INTEREST","UNKNOWN","Rosjan Maritime Register of Shipping","","29","","","HANNAH (since 01/02/2025) | Sea Luck Iii (since 01/08/2010) | Livia (since 01/07/2003)","Cameroon (since 01/09/2025) | Mozambique False (since 01/08/2025) | Malawi False (since 01/06/2025) | Panama (since 01/02/2025) | Malta (since 01/08/2009) | Marshall Islands (during 2003)","5","2","RPTD SOLD UNDISCLOSED INTEREST (since 24/03/2026) | VERITAS EDGE CO LTD (since 14/07/2025) | SPHINX SHIPPING LTD (since 30/07/2010)","","False","False","Rosja"
"9265873","KAMELOT","Oil Products Tanker","(Sierra leone)","9LS2108","","2004","30036","46248","In Service/Commission","LIBRA FRAME LTD","LIBRA FRAME LTD","CASPIRON STARHELM LLC","Indian Register of Shipping (IACS)","","56","","","KAMELOT (since 01/05/2023) | Symphony (since 01/12/2021) | Karema (since 01/04/2018) | Seaways Alcmar (since 01/04/2017) | Overseas Alcmar (since 01/05/2006) | Alcmar (since 01/01/2004)","Sierra leone (since 01/02/2025) | Cook islands (since 01/04/2024) | Palau (Republic of) (since 01/05/2023) | Marshall Islands (since 01/05/2006) | Cyprus (since 01/01/2004)","4","5","LIBRA FRAME LTD (since 22/08/2025) | BLUE SEA NAVIGATION LTD (since 09/05/2023) | KAREMA SHIPPING CO LTD (since 25/04/2018) | ALCMAR LTD (since 26/05/2004)","","False","False","Rosja"
"9289532","URSUS","Chemical/Oil Products Tanker","(Barbados)","8PZQ4","","2005","30053","53148","In Service/Commission","OLYRIS FAIRWIND CORP","OLYRIS FAIRWIND CORP","ZEYTHRA GROUP LLC-FZ","May 2026","","50","","","URSUS (since 01/03/2026) | Bridget (since 01/03/2025) | Lupus Two (since 01/02/2023) | Apollon (since 01/05/2006) | Western Pacific (since 01/05/2005)","Barbados (since 01/03/2025) | Honduras (since 01/11/2024) | Cook islands (since 01/02/2023) | Bahamas (since 01/05/2005)","3","4","OLYRIS FAIRWIND CORP (since 20/03/2026) | SYNCMAR LOGISTICS LTD (since 10/03/2025) | KURCHAN MARITIME LTD (since 28/02/2023) | SEA PIONEER SA (since 02/05/2006)","","False","False","Rosja"
"9296597","PROMETEI","Oil Products Tanker","(Sierra leone)","9LU2181","","2005","28059","45897","In Service/Commission","SOPERION DRIFTVEIL LTD","SOPERION DRIFTVEIL LTD","SEAFARING SAVANTS LLC","Indian Register of Shipping (IACS)","","55","","","PROMETEI (since 01/05/2023) | Odori (since 01/05/2019) | Challenge Premier (since 01/08/2005)","Sierra leone (since 01/08/2025) | Palau (Republic of) (since 01/05/2023) | Marshall Islands (since 01/10/2018) | Singapore (since 01/03/2018) | Marshall Islands (since 01/03/2018) | Singapore (since 01/08/2005)","5","2","SOPERION DRIFTVEIL LTD (since 02/04/2026) | LENVER ORG LTD (since 29/08/2025) | SEA JOURNEY MARINE LTD (since 12/05/2023) | ODORI SHIPPING CORP (since 27/06/2022) | HASHIHAMA SHIPPING PTE LTD (since 29/03/2018) | NYK BULKSHIP ASIA PTE LTD (since 12/08/2005)","","False","False","Rosja"
"9420617","ZANGAZUR","Crude Oil Tanker","(Azerbaijan)","4JUD","","2010","60379","107507","In Service/Commission","SA ZANGAZUR SHIPHOLDINGS","SA MARITIME AFEZCO","ASCO SHIPMANAGEMENT AFEZCO","Lloyd's Register (IACS)","","31","","","ZANGAZUR (since 01/11/2023) | Silver (since 01/11/2021) | Zarifa Aliyeva (since 01/12/2018) | Shah Deniz (since 01/07/2010) | Solea (since 01/03/2009)","Azerbaijan (since 01/11/2023) | Malta (since 01/10/2010) | Panama (since 01/07/2010)","2","4","SA ZANGAZUR SHIPHOLDINGS (since 08/11/2023) | UML NAVIGATION 5 LTD (since 12/01/2017)","","False","False","Rosja"
"9308821","BERRA","Crude Oil Tanker","(Sierra leone)","9LU2254","","2005","58678","105188","In Service/Commission","DRANION PORT LTD","DRANION PORT LTD","STELLAR SHIP SOLUTIONS LLC","Rosjan Maritime Register of Shipping","","37","","","BERRA (since 01/05/2024) | Zuma (since 01/11/2006) | Corcovado (since 01/01/2005)","Sierra leone (since 01/06/2025) | Panama (since 01/10/2024) | Cook islands (since 01/05/2024) | Liberia (since 01/12/2022) | Greece (since 01/02/2007) | Malta (since 01/06/2005)","5","2","DRANION PORT LTD (since 09/12/2025) | OPULENT HAVEN CORP (since 13/05/2024) | OCEANUS OWNING CO LTD (since 21/02/2007)","","False","False","Rosja"
"9439400","BRAVIS","Crude Oil Tanker","(Barbados)","8PZX3","","2010","60185","108870","In Service/Commission","ELARZAN STORMKEEL LTD","CROWN NAVIGATION SERVICES FZE","CROWN NAVIGATION SERVICES FZE","Korean Register (IACS)","","13","","","BRAVIS (since 01/03/2026) | Orsa (since 01/10/2025) | Mylasa (since 01/07/2025) | Casper (since 01/10/2023) | Ps Venezia (since 01/02/2020) | Totonno Bottiglieri (since 01/08/2010)","Barbados (since 01/07/2025) | Vietnam (since 01/10/2023) | Italy (since 01/08/2010)","2","5","ELARZAN STORMKEEL LTD (since 01/03/2026) | WATERSITE FORTUNE LTD (since 19/10/2025) | IRFEX LADING CORP (since 30/06/2025) | PHUONG DONG PETROL TRANSPORT (since 13/10/2023) | NORMA REOCO SRL (since 16/01/2020) | RIZZO BOTTIGLIERI DE CARLINI (since 25/08/2010)","","False","False","Rosja"
"9810513","KARABAKH","Crude Oil Tanker","(Azerbaijan)","4JUC","","2018","63487","106999","In Service/Commission","SA KARABAKH SHIPHOLDINGS","SA KARABAKH SHIPHOLDINGS","ASCO SHIPMANAGEMENT AFEZCO","Nippon Kaiji Kyokai (IACS)","","7","","","KARABAKH (since 01/06/2023) | Sperchios (since 01/02/2018)","Azerbaijan (since 01/06/2023) | Liberia (since 01/02/2018)","1","1","SA KARABAKH SHIPHOLDINGS (since 08/06/2023) | JASMINE SHIPHOLDINGS INC (since 09/02/2018)","","False","False","Rosja"
"9288954","D BAYERO","Chemical/Oil Products Tanker","(Malta)","9HVA7","","2005","25364","40099","In Service/Commission","ODEKU MARINE LTD","ODEKU MARINE LTD","GRANDER SHIP MANAGEMENT LLP","Lloyd's Register (IACS)","","47","","","D BAYERO (since 01/03/2026) | Dawha Spirit (since 01/03/2026) | Mariner A (since 01/03/2005)","Malta (since 01/02/2005)","0","2","ODEKU MARINE LTD (since 13/03/2026) | ADELE OWNING CO LTD (since 01/09/2015) | CENATA SHIPPING CO LTD (since 21/02/2005)","","False","False","Rosja"
"9325831","MINERVA PACIFICA","Oil Products Tanker","(Malta)","9HA3888","","2006","28059","45822","In Service/Commission","PLUS SHIPMANAGEMENT CORP","MINERVA MARINE INC","MINERVA MARINE INC","DNV (IACS)","","52","","","MINERVA PACIFICA (since 01/03/2015) | Challenge Plus (since 01/10/2006)","Malta (since 01/03/2015) | Singapore (since 01/10/2006)","1","1","PLUS SHIPMANAGEMENT CORP (since 16/03/2015) | MELODIA MARITIME PTE LTD (since 16/10/2006)","","False","False","Rosja"
"9868821","ANATOLIY NIKOLAEV","General Cargo Ship","(Rosja)","UAQJ","","2019","4982","6330","In Service/Commission","NAVIS-1 LLC","UNITED SHIPPING CO LTD","NAVIS-1 LLC","Rosjan Maritime Register of Shipping","","10","","","ANATOLIY NIKOLAEV (since 01/12/2019)","Rosja (since 01/12/2019)","0","0","NAVIS-1 LLC (since 20/12/2019)","","False","False","Rosja"
"8932302","CORAL","General Cargo Ship","(Rosja)","UBKJ","","1986","2456","3128","In Service/Commission","BLUE WAVE SHIPPING LTD-MTA","BLUE WAVE SHIPPING INC","BLUE WAVE SHIPPING LTD-RUS","Rosjan Maritime Register of Shipping","","40","","","CORAL (since 01/08/2004)","Rosja (since 01/03/2023) | Malta (since 01/03/2023) | Rosja (since 01/08/2004) | Malta (since 01/08/2004)","3","0","BLUE WAVE SHIPPING LTD-MTA (since 19/08/2004)","","False","False","Rosja"
"8728048","DUNE","General Cargo Ship","(Rosja)","UBET9","","1983","2516","3472","In Service/Commission","MARINE CARGO SHIP LLC","OSS LTD","OSS LTD","Rosjan Maritime Register of Shipping","","40","","","DUNE-2 (since 01/06/2007)","Rosja (since 01/10/2019) | St Vincent and Grenadines (since 01/08/2007)","1","0","MARINE CARGO SHIP LLC (since 02/10/2019) | SAND BRIDGE HOLDING LTD (during 02/2018)","","False","False","Rosja"
"8935407","FORTIS","General Cargo Ship","(Rosja)","UDYW","","1985","2879","3734","In Service/Commission","BLUE WAVE SHIPPING LTD-MTA","BLUE WAVE SHIPPING INC","BLUE WAVE SHIPPING LTD-RUS","Rosjan Maritime Register of Shipping","","39","","","FORTIS (since 01/04/2026) | Emerald (since 01/04/2003) | Star Light (since 01/09/2000)","Rosja (since 01/04/2026) | Palau (Republic of) (since 01/04/2026) | St Vincent and Grenadines (since 01/04/2026) | Rosja (since 01/01/2004) | St Vincent and Grenadines (since 01/04/2003) | Cambodia (since 01/09/2000)","5","2","BLUE WAVE SHIPPING LTD-MTA (since 15/10/2003) | BLUE WAVE SHIPPING LTD-BAH (during 09/2000)","","False","False","Rosja"
"8332796","KAPITAN AVESHNIKOV","General Cargo Ship","(Rosja)","UEDP","","1985","2466","3346","In Service/Commission","DONMASTER SHIPPING CO","DONMASTER SHIPPING CO","DONMASTER SHIPPING CO","Rosjan Maritime Register of Shipping","","51","","","KAPITAN AVESHNIKOV (since 01/01/2013)","Rosja (since 01/01/2013)","0","0","DONMASTER SHIPPING CO (since 28/12/2012)","","False","False","Rosja"
"8957132","LAZURIT","General Cargo Ship","(Rosja)","UGBV","","1988","2597","3100","In Service/Commission","BLUE WAVE SHIPPING LTD-MTA","BLUE WAVE SHIPPING LTD-RUS","BLUE WAVE SHIPPING LTD-RUS","Rosjan Maritime Register of Shipping","","28","","","LAZURIT (since 01/06/2009)","Rosja (since 01/09/2022) | Palau (Republic of) (since 01/09/2022) | Dominica (since 01/09/2022) | Rosja (since 01/03/2016) | Dominica (since 01/03/2016) | Cambodia (since 01/04/2009) | Rosja (since 01/07/2006)","6","0","BLUE WAVE SHIPPING LTD-MTA (since 05/06/2009) | BLUE WAVE SHIPPING LTD-RUS (since 01/07/2006)","","False","False","Rosja"
"9481738","OMMAX","General Cargo Ship","(Comoros)","D6GD2","","2010","3298","3662","In Service/Commission","BLUE WAVE SHIPPING LTD-MTA","BLUE WAVE SHIPPING INC","BLUE WAVE SHIPPING INC","May 2026","","42","","","OMMAX (since 01/12/2010)","Comoros (since 01/12/2010) | St.Kitts and Nevis (since 01/11/2010)","1","0","","","False","False","Rosja"
"8936798","OMSKIY","General Cargo Ship","(Rosja)","UBCF4","","1986","2454","3201","In Service/Commission","BRANDEX GROUP LTD","METSHIP CO LTD","METSHIP CO LTD","Rosjan Maritime Register of Shipping","","29","","","OMSKIY-86 (since 01/02/2018) | Sailcountess (since 01/10/2007) | Davenport (since 01/12/2005) | Rigel (since 01/12/2004)","Rosja (since 01/11/2017) | Malta (since 01/08/2016) | Rosja (since 01/07/2008) | Malta (since 01/12/2005) | Rosja (since 01/12/2004) | Mongolia (since 01/01/2004)","5","3","BRANDEX GROUP LTD (during 11/2017) | STILAN (since 01/01/2005) | WESTOFLEX SA (during 2004)","","False","False","Rosja"
"8943478","ONIX","General Cargo Ship","(Rosja)","UAXO","","1982","2463","3197","In Service/Commission","BLUE WAVE SHIPPING LTD-MTA","BLUE WAVE SHIPPING INC","BLUE WAVE SHIPPING LTD-RUS","Rosjan Maritime Register of Shipping","","32","","","ONIX (since 01/08/2004)","Rosja (since 01/03/2023) | Malta (since 01/03/2023) | Rosja (since 01/08/2004) | Malta (since 01/08/2004)","3","0","BLUE WAVE SHIPPING LTD-MTA (since 31/08/2004)","","False","False","Rosja"
"8853570","OREL","General Cargo Ship","(Rosja)","UHTE","","1989","2571","3104","In Service/Commission","DON LTD","DON LTD","DON LTD","Rosjan Maritime Register of Shipping","","26","","","OREL-1 (during 1989)","Rosja (since 01/11/2013) | Malta (since 01/01/2010) | Ukraine (since 01/01/2010) | Malta (since 01/12/2009) | Ukraine (before 2004) | Cyprus (since 01/01/2001)","5","0","DON LTD (since 25/05/2021) | VOLGA LLC-MOSCOW (since 26/12/2017)","","False","False","Rosja"
"8873336","OMSKIY","General Cargo Ship","(Rosja)","UIWR","","1988","2528","3070","In Service/Commission","VOLGA SHIPPING JOINT STOCK","VOLGA SHIPPING JOINT STOCK","VOLGA SHIPPING JOINT STOCK","Rosjan Maritime Register of Shipping","","36","","","OMSKIY-133 (during 1988)","Rosja (since 01/01/1992)","0","0","VOLGA SHIPPING JOINT STOCK (before 01/2021)","","False","False","Rosja"
"8989214","PETR HAMITOV","General Cargo Ship","(Panama)","3FOO7","","1987","4972","5354","In Service/Commission","SALUTA SHIPPING LTD","RIVERWIND TRADE LTD","RIVERWIND TRADE LTD","Phoenix Register of Shipping","","33","","","PETR HAMITOV (since 01/08/2010) | Pyotr Khamitov (since 01/07/2006) | Petr Hamitov (since 01/09/2005)","Panama (since 01/08/2015) | Belize (since 01/04/2011) | Comoros (since 01/08/2010) | Rosja (since 01/07/2006) | Comoros (since 01/09/2005)","4","2","SALUTA SHIPPING LTD (since 01/04/2022) | PAN NAVIGATOR LTD (since 01/11/2021) | SALUTA SHIPPING LTD (since 05/04/2011)","","False","False","Rosja"
"8897198","PANO","General Cargo Ship","(Rosja)","UEAO","","1985","2453","3197","In Service/Commission","PANOMARIX LLC","PANOMARIX LLC","PANOMARIX LLC","Rosjan Maritime Register of Shipping","","30","","","PANO-02 (since 01/11/2022) | Ruby (since 01/02/2004) | Thunder (since 01/02/2003)","Rosja (since 01/02/2004) | St Vincent and Grenadines (since 01/02/2003)","1","2","PANOMARIX LLC (since 29/11/2022) | BLUE WAVE SHIPPING LTD-MTA (since 06/02/2004) | BLUE WAVE SHIPPING LTD-BAH (during 02/2003)","","False","False","Rosja"
"8230522","STAROPOLYE","General Cargo Ship","(Rosja)","UIDA","","1982","2892","4263","In Service/Commission","TRANSOPTIMAL SPB CO LTD","TRANSOPTIMAL SHIPPING","TRANSOPTIMAL SPB CO LTD","Rosjan Maritime Register of Shipping","","46","","","STAROPOLYE (since 01/11/2011)","Rosja (since 01/04/2013) | St Vincent and Grenadines (since 01/11/2011)","1","0","TRANSOPTIMAL SPB CO LTD (since 28/04/2013)","","False","False","Rosja"
"9297369","URSUS ARCTOS","Crude Oil Tanker","(Liberia)","5LIP9","","2006","63462","113553","In Service/Commission","ALBA SA","DIS LOGISTICS DMCC","COUGAR NAUTIC INC","Registro Italiano Navale (IACS)","","36","","","URSUS ARCTOS (since 01/11/2022) | Aristodimos (since 01/12/2018) | British Falcon (since 01/04/2006)","Liberia (since 01/11/2022) | Marshall Islands (since 01/12/2018) | Isle of Man (since 01/04/2006)","2","2","ALBA SA (since 01/11/2022) | ARISTODIMOS CRUDE CARRIER SA (since 03/12/2018)","","False","False","Rosja"
"9253234","SATNA","Chemical/Oil Products Tanker","(Cameroon)","TJMK3","","2003","23217","39575","In Service/Commission","HAJRAH MARITIME INC","HAJRAH MARITIME INC","UNKNOWN","May 2026","","39","","","SATNA (since 01/07/2025) | Gurudev (since 01/10/2024) | Glyfada (since 01/02/2023) | Berenike (since 01/04/2013) | Kaltene (since 01/06/2004) | Pink Star (since 01/04/2003)","Cameroon (since 01/11/2025) | Malawi False (since 01/07/2025) | Not Known (since 01/05/2025) | Panama (since 01/12/2024) | Gabon (since 01/02/2023) | Marshall Islands (since 01/06/2004) | Norway (NIS) (since 01/04/2003)","6","5","HAJRAH MARITIME INC (since 03/10/2024) | GLYFADA SHIPPING & MARINE INC (since 28/02/2023) | AVANTI SHIPPING CO (since 16/04/2013) | PINK STAR SHIPPING LTD (during 2003)","","False","False","Rosja"
"9314882","RUNA","Chemical/Oil Products Tanker","(Cameroon)","TJMR08","","2006","23325","39378","In Service/Commission","SHOMPEN SHIPPING LTD","SHOMPEN SHIPPING LTD","TULUVAI SHIPPING PVT LTD","Rosjan Maritime Register of Shipping","","41","","","RUNA (since 01/06/2025) | Himalaya (since 01/11/2024) | Mystras (since 01/02/2023) | Amphitrite (since 01/12/2009) | Antares (since 01/05/2006)","Cameroon (since 01/11/2025) | Benin False (since 01/08/2025) | Palau (Republic of) (since 01/06/2025) | Not Known (since 01/05/2025) | Panama (since 01/11/2024) | Gabon (since 01/12/2023) | Liberia (since 01/12/2009) | Greece (since 01/05/2006)","7","4","SHOMPEN SHIPPING LTD (since 30/06/2025) | ELMENTEITA SHIPPING INC (since 26/01/2024) | TSUI SHIPPING & MARINE INC (since 22/02/2023) | APOLLO HONOUR SA (since 26/05/2006)","","False","False","Rosja"
"9299123","SOFIA K","Oil Products Tanker","(Panama)","3E4989","","2005","36106","65125","In Service/Commission","FARASAN MARITIME INC","FARASAN MARITIME INC","CHARAI SEA SHIPPING PVT LTD","Indian Register of Shipping (IACS)","","54","","","SOFIA K (since 01/11/2022) | Tango A (since 01/09/2022) | Stena Paris (since 01/12/2005)","Panama (since 01/05/2023) | Not Known (since 01/04/2023) | St.Kitts and Nevis (since 01/11/2022) | Liberia (since 01/09/2022) | Bermuda (since 01/12/2005)","4","2","FARASAN MARITIME INC (since 01/02/2024) | PRINCESS MARINE & SHIPPING INC (since 28/11/2022) | CM P-MAX I LTD (since 14/12/2005)","","False","False","Rosja"
"9315757","HACI KEMAL KA","Chemical/Oil Products Tanker","(Turkey)","TCA6729","","2006","23343","37627","In Service/Commission","AKBASOGLU FOREIGN TRADE & SHIP","TRANS KA TANKER","TRANS KA TANKER","American Bureau of Shipping (IACS)","","49","","","HACI KEMAL KA (since 01/12/2021) | Seaways Bodie (since 01/08/2021) | Arionas (since 01/11/2006) | Adonis (since 01/09/2006)","Turkey (since 01/12/2021) | Marshall Islands (since 01/11/2006)","1","3","AKBASOGLU FOREIGN TRADE & SHIP (since 10/12/2021) | CARNATION SHIPPING CO (since 02/11/2006)","","False","False","Rosja"
"9251456","BOLTARIS","Chemical/Oil Products Tanker","(Cameroon)","TJME17","","2003","25530","38875","In Service/Commission","TRIDENT SERENITY LTD","TRIDENT SERENITY LTD","MARITIME MAVEN MANAGEMENT LTD","Bureau Veritas (IACS)","","45","","","BOLTARIS (since 01/08/2025) | Daphne I (since 01/04/2021) | Trident Serenity (since 01/03/2020) | Port S (since 01/11/2019) | Port Stewart (since 01/06/2004) | Meriom Jade (since 01/06/2003)","Cameroon (since 01/02/2026) | Benin False (since 01/08/2025) | Not Known (since 01/05/2025) | Panama (since 01/03/2020) | Malta (since 01/10/2019) | Not Known (since 01/10/2019) | Germany (since 01/10/2019) | Marshall Islands (since 01/06/2004) | Germany (since 01/06/2004) | Malta (during 2002)","9","5","TRIDENT SERENITY LTD (since 04/03/2020) | MERCANTILE & MARITIME TRADING (since 25/10/2019) | NOVELLAS ST LUKAS (since 08/09/2014)","","False","False","Rosja"
"9326861","DUKE OF PEACE","Oil Products Tanker","(Liberia)","5LBR2","","2006","42835","74898","In Service/Commission","AHOY SA","SOLID ENERGY SOLUTIONS","COUGAR NAUTIC INC","Registro Italiano Navale (IACS)","","31","","","DUKE OF PEACE (since 01/12/2022) | Lila Gothenburg (since 01/07/2021) | Marilee (since 01/09/2006)","Liberia (since 01/07/2021) | Norway (NIS) (since 01/09/2006)","1","2","AHOY SA (since 15/12/2022) | AVR SHIPPING LLC (since 07/07/2021)","","False","False","Rosja"
"9446427","ALTAI","Crude Oil Tanker","(Marshall Islands)","V7XL4","","2011","61248","115952","In Service/Commission","ALTAI SHIPPING LTD","COLUMBIA SHIPMANAGEMENT-GEU","COLUMBIA SHIPMANAGEMENT-GEU","DNV (IACS)","","25","","","ALTAI (since 01/12/2011) | Neverland Star (since 01/03/2011)","Marshall Islands (since 01/12/2011) | Italy (since 01/03/2011)","1","1","ALTAI SHIPPING LTD (since 01/12/2011) | FINAVAL SPA (since 24/03/2011)","","False","False","Rosja"
"9380673","CENTURION","Crude Oil Tanker","(Sierra leone)","9LU2058","","2008","55909","105392","In Service/Commission","CASCADE COLLECTIVE CORP","CASCADE COLLECTIVE CORP","NIGHT MOON NAVIGATION LLC","Indian Register of Shipping (IACS)","","25","","","CENTURION (since 01/05/2024) | Nippon Princess (since 01/11/2008)","Sierra leone (since 01/06/2025) | Barbados (since 01/11/2024) | Cook islands (since 01/05/2024) | Marshall Islands (since 01/10/2014) | Greece (since 01/11/2008)","4","1","CASCADE COLLECTIVE CORP (since 11/06/2025) | RADIANT RISE CORP (since 29/05/2024) | GLOBAL TRIUMPH SA (since 12/11/2008)","","False","False","Rosja"
"9399480","LLEVANT","Crude Oil Tanker","(Panama)","3E6898","","2010","84160","156719","In Service/Commission","LLEVANT SHIPPING LTD","GRACE ENERGY SHIPPING DMCC","CYMARE NAVIGATION FZC","American Bureau of Shipping (IACS)","","30","","","LLEVANT (since 01/09/2024) | Front Thor (since 01/12/2014) | Northia (since 01/01/2010)","Panama (since 01/09/2024) | Marshall Islands (since 01/12/2009) | Norway (since 01/11/2009)","2","2","LLEVANT SHIPPING LTD (since 24/10/2024) | SCRAMBLED SHIPPING LTD (since 10/10/2024) | FRONT THOR INC (since 09/01/2010)","","False","False","Rosja"
"9327396","BALTIC STAR","Chemical/Oil Products Tanker","(Liberia)","5LOT9","","2006","23337","37048","In Service/Commission","SKY-2 LTD","SKY-2 LTD","COUGAR NAUTIC INC","Registro Italiano Navale (IACS)","","44","","","BALTIC STAR (since 01/12/2023) | Baltic Freedom (since 01/09/2006)","Liberia (since 01/12/2023) | Malta (since 01/12/2015) | Cyprus (since 01/09/2006)","2","1","SKY-2 LTD (since 27/12/2023) | BALTIC FREEDOM LLC (since 26/11/2019) | BALTIC FREEDOM SHIPPING CO (since 04/12/2015)","","False","False","Rosja"
"9297199","ASLAN KHADARCEV","Oil Products Tanker","(Rosja)","UHAP","","2004","4539","6477","In Service/Commission","SBK DOLINA LLC","SBK DOLINA LLC","ENEYA LLC","Rosjan Maritime Register of Shipping","","5","","","ASLAN KHADARCEV (since 01/06/2021) | Armada Trader (since 01/05/2004)","Rosja (since 01/11/2013) | Malta (since 01/11/2013) | Rosja (since 01/05/2004) | Malta (since 01/05/2004)","3","1","SBK DOLINA LLC (since 09/06/2021) | PALMALI CO LTD (before 08/2017)","","False","False","Rosja"
"9460576","SAFEEN BARONESS","Crude Oil Tanker","(Marshall Islands)","V7A5891","","2011","55909","105335","In Service/Commission","SAFEEN TANKERS 21 LTD","NGM ENERGY SA","COLUMBIA SHIPMANAGEMENT-GEU","DNV (IACS)","","37","","","SAFEEN BARONESS (since 01/11/2022) | Baroness (since 01/01/2021) | Pamisos (since 01/01/2011)","Marshall Islands (since 01/11/2022) | Liberia (since 01/01/2011)","1","2","SAFEEN TANKERS 21 LTD (since 02/11/2022) | AIGLI MARITIME LTD (since 11/01/2021) | LORELLE SHIPPING INC (since 21/01/2011)","","False","False","Rosja"
"9334557","BLUE TALU","Oil Products Tanker","(Cameroon)","TJM17E","","2007","40865","73919","In Service/Commission","SAIHAT MARITIME INC","SAIHAT MARITIME INC","UNKNOWN","May 2026","","27","","","BLUE TALU (since 01/01/2025) | Lydia (since 01/02/2023) | Megali (since 01/02/2022) | Polar Cod (since 01/04/2015) | STI Harmony (since 01/06/2010) | Sanko Harmony (since 01/10/2007)","Cameroon (since 01/10/2025) | Comoros FALSE (since 01/05/2025) | Panama (since 01/01/2025) | Guinea-Bissau (since 01/11/2024) | Gabon (since 01/02/2023) | Malta (since 01/02/2022) | Marshall Islands (since 01/02/2011) | Liberia (since 01/10/2007)","7","5","SAIHAT MARITIME INC (since 01/10/2025) | ALICA SHIPPING & MARINE INC (since 17/02/2023) | ANEMONE SHIPTRADE SA (since 18/02/2022) | POLAR COD SHIPPING LLC (since 07/04/2015)","","False","False","Rosja"
"9779941","SHUSHA","Crude Oil Tanker","(Azerbaijan)","4JUB","","2017","61032","113838","In Service/Commission","SA SHUSHA SHIPHOLDINGS","ASCO SHIPMANAGEMENT AFEZCO","ASCO SHIPMANAGEMENT AFEZCO","May 2026","","16","","","SHUSHA (since 01/06/2023) | Aristoklis (since 01/01/2017)","Azerbaijan (since 01/06/2023) | Marshall Islands (since 01/01/2017)","1","1","SA SHUSHA SHIPHOLDINGS (since 17/07/2023) | SCORPIO CRUDE CARRIER SA (since 25/01/2017)","","False","False","Rosja"
"9488011","SAFEEN ELONA","Crude Oil Tanker","(Marshall Islands)","V7A7141","","2012","59024","105258","In Service/Commission","SAFEEN TANKERS 22 LTD","COLUMBIA SHIPMANAGEMENT-GEU","COLUMBIA SHIPMANAGEMENT-GEU","DNV (IACS)","","26","","","SAFEEN ELONA (since 01/05/2023) | Elona (since 01/01/2021) | Champion Prince (since 01/01/2012)","Marshall Islands (since 01/05/2023) | Malta (since 01/01/2021) | Singapore (since 01/01/2012)","2","2","SAFEEN TANKERS 22 LTD (since 09/05/2023) | FAIR SEAS CO LTD (since 25/01/2021) | NAGASAKI SHIPHOLDING PTE LTD (since 05/01/2012)","","False","False","Rosja"
"9289738","GENJI","Oil Products Tanker","(Cameroon)","TJMW24","","2005","30074","46994","In Service/Commission","CHARAI SEA SHIPPING PVT LTD","CHARAI SEA SHIPPING PVT LTD","CHARAI SEA SHIPPING PVT LTD","Rosjan Maritime Register of Shipping","","69","","","GENJI (since 01/10/2024) | Sappho (since 01/03/2023) | Atoll (since 01/12/2021) | High Valor (since 01/02/2005)","Cameroon (since 01/11/2025) | Comoros FALSE (since 01/05/2025) | Gabon (since 01/01/2024) | Liberia (since 01/02/2005)","3","3","CHARAI SEA SHIPPING PVT LTD (since 29/11/2025) | NAGA SHIPPING INC (since 14/02/2024) | D'AMICO TANKERS DAC (since 28/02/2005)","","False","False","Rosja"
"9393668","WALER","Chemical/Oil Products Tanker","(Panama)","3E4653","","2008","5612","7279","In Service/Commission","SYNERGY SHIPPING LTD","SYNERGY SHIPPING LTD","UNKNOWN","Registro Italiano Navale (IACS)","","30","","","WALER (since 01/05/2023) | Anuket Ruby (since 01/06/2008)","Panama (since 01/05/2023) | Malta (since 01/01/2021) | Panama (since 01/06/2008)","2","1","SYNERGY SHIPPING LTD (since 28/05/2023) | COMBE III SHIPPING LTD (since 12/06/2008)","","False","False","Rosja"
"9391402","MESTRAL","Chemical/Oil Products Tanker","(Panama)","3E7074","","2008","23403","37554","In Service/Commission","MESTRAL SHIPPING LTD","CYMARE SHIPMANAGEMENT LTD","CYMARE NAVIGATION FZC","Bureau Veritas (IACS)","","40","","","MESTRAL (since 01/11/2024) | Grace Felix (since 01/01/2023) | Cape Guinea (since 01/07/2018) | Conti Guinea (since 01/11/2008)","Panama (since 01/11/2024) | Liberia (since 01/01/2023) | Marshall Islands (since 01/07/2018) | Germany (since 01/07/2018) | Liberia (since 01/11/2008) | Germany (since 01/11/2008)","5","3","MESTRAL SHIPPING LTD (since 30/01/2023) | PARTANKERS XI AS (since 18/07/2018)","","False","False","Rosja"
"8862935","SANRAYZ","Oil Products Tanker","(Rosja)","UCIA","","1986","1904","2754","In Service/Commission","LINTER LLC","LINTER LLC","RODNIE POLYA LLC","Rosjan Maritime Register of Shipping","","16","","","SANRAYZ (since 01/12/2022) | Roschem-2 (since 01/05/2016) | Roskem 2 (since 01/07/2005)","Rosja (since 01/12/2013) | Rosja (since 01/07/2005) | Not Known (since 01/12/2004)","2","2","LINTER LLC (since 09/12/2022) | UVAS-TRANSROSS LLC (since 16/10/2013)","","False","False","Rosja"
"9250737","AVERO","Crude Oil Tanker","(Barbados)","8PZY2","","2003","79668","151736","In Service/Commission","ZORATYN CRESTWAVE LTD","CROWN NAVIGATION SERVICES FZE","CROWN NAVIGATION SERVICES FZE","Registro Italiano Navale (IACS)","","44","","","AVERO (since 01/05/2026) | Oryx (since 01/09/2025) | Ijemo (since 01/10/2023) | Kriti Breeze (since 01/10/2018) | African Spirit (since 01/11/2003)","Barbados (since 01/09/2025) | Panama (since 01/02/2023) | Liberia (since 01/10/2018) | Bahamas (since 01/02/2004) | Liberia (during 2004)","4","4","ZORATYN CRESTWAVE LTD (since 05/05/2026) | ORDO VOYAGE LTD (since 01/09/2025) | IJEMO SA (since 10/02/2023) | GOLDENROD SHIPMANAGEMENT SA (since 09/10/2018) | GALAXY SHIPPING (during 2004)","","False","False","Rosja"
"9416551","ALATAU","Crude Oil Tanker","(Marshall Islands)","V7XM9","","2009","61248","115896","In Service/Commission","ALATAU SHIPPING LTD","COLUMBIA SHIPMANAGEMENT-GEU","COLUMBIA SHIPMANAGEMENT-GEU","DNV (IACS)","","31","","","ALATAU (since 01/12/2011) | Neverland Sun (since 01/03/2009)","Marshall Islands (since 01/12/2011) | Italy (since 01/03/2009)","1","1","ALATAU SHIPPING LTD (since 06/12/2011) | FINAVAL SPA (since 11/03/2009)","","False","False","Rosja"
"9299862","TENDUA","Oil Products Tanker","(Sierra leone)","9LS1902","","2006","23257","37332","In Service/Commission","RAGANG SHIPPING INC","RAGANG SHIPPING INC","CHARAI SEA SHIPPING PVT LTD","Rosjan Maritime Register of Shipping","","38","","","TENDUA (since 01/10/2025) | Amatra (since 01/07/2025) | Tendua (since 01/09/2024) | Irbis (since 01/11/2022) | Baltic Advance (since 01/02/2006)","Sierra leone (since 01/10/2025) | Malawi False (since 01/07/2025) | Not Known (since 01/05/2025) | Panama (since 01/11/2024) | Gabon (since 01/05/2023) | Mongolia (since 01/05/2023) | St.Kitts and Nevis (since 01/11/2022) | Cyprus (since 01/02/2006)","7","4","RAGANG SHIPPING INC (since 14/02/2024) | B ADVANCE SHIPPING CO LTD (since 28/12/2007)","","False","False","Rosja"
"9314894","INDRAS","Chemical/Oil Products Tanker","(Sierra leone)","9LU2026","","2006","23325","39378","In Service/Commission","HONG HU SHIPPING LTD","HONG HU SHIPPING LTD","CHARAI SEA SHIPPING PVT LTD","Rosjan Maritime Register of Shipping","","39","","","INDRAS (since 01/12/2024) | Mythos (since 01/02/2023) | Arion (since 01/10/2006)","Sierra leone (since 01/08/2025) | Not Known (since 01/05/2025) | Panama (since 01/12/2024) | Gabon (since 01/12/2023) | Liberia (since 01/10/2009) | Greece (since 01/10/2006)","5","2","HONG HU SHIPPING LTD (since 26/12/2024) | CASPIANWAVE LOGISTICS LTD (since 13/02/2024) | SEVENTH SHIPPING & MARINE INC (since 22/02/2023) | FORTUNE FAITH SA (since 11/10/2006)","","False","False","Rosja"
"9266750","SEAHORSE","Crude Oil Tanker","(Cameroon)","TJM23X","","2004","39307","70246","In Service/Commission","FIST HOLDING J SA","SPIKOIL DMCC","SPIKOIL DMCC","Nippon Kaiji Kyokai (IACS)","","44","","","SEAHORSE (since 01/06/2025) | Seabass (since 01/01/2025) | Magic Lady (since 01/03/2023) | Yong Xing Shun Hang (since 01/08/2021) | Super Lotus (since 01/01/2019) | FPMC P Alpine (since 01/02/2016) | Turris (since 01/12/2012) | Formosaproduct Alpine (since 01/11/2004)","Cameroon (since 01/10/2025) | Comoros FALSE (since 01/06/2025) | Barbados (since 01/07/2024) | Liberia (since 01/03/2023) | Panama (since 01/01/2019) | Liberia (since 01/11/2004)","5","7","FIST HOLDING J SA (since 18/03/2026) | FIST HOLDING A SA (since 29/10/2025) | EASTERN SAIL HOLDINGS LTD (since 19/01/2019) | FORMOSA ALPINE MARINE CORP (during 2004)","","False","False","Rosja"
"8813087","CLAUDIA GAS","LPG Tanker","(Liberia)","D5JU2","","1990","11822","16137","In Casualty Or Repairing","CLAUDIA GAS SHIPPING SA","ZEUS LINES MANAGEMENT SA","ZEUS LINES MANAGEMENT SA","Korean Register (IACS)","","43","","","CLAUDIA GAS (since 01/11/2015)","Liberia (since 01/11/2015)","0","0","CLAUDIA GAS SHIPPING SA (since 02/11/2015)","","False","False","Rosja"
"9105114","NOBEL","Chemical/Oil Products Tanker","(Cameroon)","TJM0042","","1997","26218","46144","In Service/Commission","RPTD SOLD UNDISCLOSED INTEREST","RPTD SOLD UNDISCLOSED INTEREST","UNKNOWN","Rosjan Maritime Register of Shipping","","55","","","NOBEL (since 01/07/2022) | Neatis (since 01/04/2019) | Nina Victory (since 01/08/2011)","Cameroon (since 01/09/2022) | Rosja (since 01/01/2020) | Moldova (since 01/04/2019) | Norway (NIS) (since 01/08/2011)","3","2","RPTD SOLD UNDISCLOSED INTEREST (since 31/07/2025) | RUSPRIMEEXPORT LLC (since 26/02/2021) | CORENTINE SHIPPING LTD (since 11/04/2019) | NINA VICTORY AS (since 19/08/2011)","","False","False","Rosja"
"9161871","VICTORY LIGHT","Chemical/Oil Products Tanker","(Panama)","3E6059","","1998","11951","19508","In Service/Commission","QUICK PEAK LTD","BL MARINE SDN BHD","UNKNOWN","Overseas Marine Certification Services","","70","","","VICTORY LIGHT (since 01/09/2020) | Ocean Spirit (since 01/08/2019) | SC Shantou (since 01/04/2011)","Panama (since 01/10/2023) | Hong Kong, China (since 01/04/2011)","1","2","QUICK PEAK LTD (since 02/03/2021) | SHENZE VESSEL LEASING SHANGHAI (since 17/08/2020) | LUNA FLOWER SHIPPING HOLDING (since 26/01/2016) | SEA WEALTH SHIPPING CO LTD (since 15/04/2011)","","False","False","Rosja"
"9220926","BERNICE","Chemical/Oil Products Tanker","(Bahamas)","C6HP3","","2001","25063","42721","In Service/Commission","BERNICE SHIPPING LTD","BERNICE SHIPPING LTD","BERNICE SHIPPING LTD","Registro Italiano Navale (IACS)","","56","","","BERNICE (since 01/07/2023) | Ginza (since 01/08/2020) | Valle Di Castiglia (during 2001)","Bahamas (since 01/04/2024) | Gabon (since 01/07/2023) | Liberia (since 01/08/2020) | Italy (since 01/06/2001)","3","2","BERNICE SHIPPING LTD (since 03/07/2023) | GINZA SHIPPING CO LTD (since 19/08/2020) | NAVIGAZIONE MONTANARI SPA (since 01/03/2007) | NAVIGAZIONE MONTANARI SPA (since 04/06/2001)","","False","False","Rosja"
"9227479","DELLA","Crude Oil Tanker","(Equatorial Guinea)","3CAN26","","2001","153934","306317","In Service/Commission","ARIES GLOBAL INVESTMENT LTD","ARIES GLOBAL INVESTMENT LTD","MOST BRIGHT INVESTMENT LTD","Rosjan Maritime Register of Shipping","","24","","","","","","","","","False","False","Rosja"
"9286059","MILANO","Chemical/Oil Products Tanker","(Liberia)","5LKQ4","","2005","23235","37305","In Service/Commission","OLIVE TRADING SA","IMS SA","IMS SA","Bureau Veritas (IACS)","","51","","","MILANO (since 01/03/2023) | Baltic Sun Ii (since 01/01/2005) | Baltic Sun (during 2005)","Liberia (since 01/03/2023) | Germany (since 01/03/2023) | Malta (since 01/01/2005) | Germany (since 01/01/2005)","3","2","OLIVE TRADING SA (since 09/03/2023) | BALTIC SUN (since 21/01/2005)","","False","False","Rosja"
"9273088","OKYROE","Oil Products Tanker","(Marshall Islands)","V7KH9","","2004","42486","74999","In Service/Commission","PST ENERGY 8 SHIPPING LLC","PRODUCT SHIPPING & TRADING SA","PRODUCT SHIPPING & TRADING SA","Bureau Veritas (IACS)","","46","","","OKYROE (since 01/09/2013) | Juniper 8 (since 01/03/2013) | Omega King (since 01/06/2006) | Everhard Schulte (since 01/09/2004)","Marshall Islands (since 01/06/2006) | Hong Kong, China (since 01/01/2004) | Cyprus (during 2004)","2","3","PST ENERGY 8 SHIPPING LLC (since 06/09/2013)","","False","False","Rosja"
"9274666","KOCATEPE","Chemical/Oil Products Tanker","(Panama)","3E4795","","2005","26662","37082","In Service/Commission","KOCATEPE SHIPPING LTD","BESIKTAS LIKID TASIMACILIK","BESIKTAS LIKID TASIMACILIK","Bureau Veritas (IACS)","","36","","","KOCATEPE (since 01/10/2022) | Furevik (since 01/05/2008) | Bro Erik (since 01/06/2005) | Leinestern (since 01/10/2003)","Panama (since 01/03/2024) | Marshall Islands (since 01/10/2022) | Faroe Islands (since 01/09/2009) | Norway (NIS) (since 01/05/2008) | Isle of Man (since 01/06/2005)","4","3","KOCATEPE SHIPPING LTD (since 27/10/2022) | NOLSO SHIPPING SP/F (since 10/09/2009)","","False","False","Rosja"
"9292591","GEA","Chemical/Oil Products Tanker","(Malta)","9HAF8","","2005","25364","39999","In Service/Commission","GEA MARITIME SA","IONIA MANAGEMENT SA","IONIA MANAGEMENT SA","Bureau Veritas (IACS)","","51","","","GEA (since 01/06/2005)","Malta (since 01/06/2005)","0","0","GEA MARITIME SA (since 30/06/2005)","","False","False","Rosja"
"9293337","SATURN A","Oil Products Tanker","(Antigua and Barbuda)","V2YT3","","2004","21589","33610","In Service/Commission","ALY SHIPPING & TRADING LTD","ALY SHIPPING & TRADING LTD","UNKNOWN","Bureau Veritas (IACS)","","18","","","SATURN A (since 01/12/2023) | Nukar (since 01/03/2023) | Castillo De Trujillo (since 01/07/2004)","Antigua and Barbuda (since 01/10/2025) | Liberia (since 01/12/2023) | Panama (since 01/03/2023) | Malta (since 01/04/2021) | Spain (since 01/09/2004)","4","2","ALY SHIPPING & TRADING LTD (since 08/12/2023) | NUOVO FZCO (since 03/02/2023) | ELCANO PRODUCT TANKERS 2 SA (before 04/2011) | ELCANO PRODUCT TANKERS 2 SA (during 2004)","","False","False","Rosja"
"9299496","PHOENIX CROWN","Oil Products Tanker","(Indonesia)","YDAV4","","2005","24048","38512","In Service/Commission","WARUNA NUSA SENTANA PT","WARUNA NUSA SENTANA PT","WARUNA SHIP MANAGEMENT PT","Lloyd's Register (IACS)","","42","","","PHOENIX CROWN (since 01/05/2025) | Phoenix An (since 01/01/2013) | Lihou (since 01/07/2012) | Diana (since 01/06/2005)","Indonesia (since 01/05/2025) | Niue (since 01/04/2025) | Malta (since 01/01/2013) | Liberia (since 01/06/2005)","3","3","WARUNA NUSA SENTANA PT (since 14/04/2025) | MARE APOLLON SHIPPING LTD (since 17/06/2020) | PHOENIX AN SHIPPING LTD (since 07/01/2013) | MAGELLANO MARINE CV (since 21/06/2012) | NORTIDE SHIPPING LTD (during 2006)","","False","False","Rosja"
"9405057","JUN TONG","Crude Oil Tanker","(Cameroon)","TJMY9","","2008","62856","115406","In Service/Commission","JUNTONG SHIPPING LTD","JUNTONG SHIPPING LTD","UNKNOWN","May 2026","","34","","","JUN TONG (since 01/08/2025) | Tai Shan (since 01/01/2024) | Fair Seas (since 01/07/2008)","Cameroon (since 01/08/2025) | Not Known (since 01/06/2025) | Panama (since 01/01/2024) | Marshall Islands (since 01/07/2023) | Malta (since 01/07/2023) | Marshall Islands (since 01/07/2018) | Malta (since 01/07/2018) | Marshall Islands (since 01/07/2008)","7","2","JUNTONG SHIPPING LTD (since 01/08/2025) | FAIR SEAS NAVIGATION LTD (since 11/07/2023) | KLUBBHOLMEN SHIPPING LTD (since 12/07/2018) | FAIR SEAS NAVIGATION LTD (since 07/07/2008)","","False","False","Rosja"
"9451642","VENGERY","Offshore Tug/Supply Ship","(Rosja)","UBQU6","","2010","2736","2577","In Service/Commission","MORSEVLOGISTIC LTD","MORSEVLOGISTIC LTD","FEMCO-MANAGEMENT LTD","Rosjan Maritime Register of Shipping","","4","","","VENGERY (since 01/05/2020) | Posh Constant (since 01/08/2010)","Rosja (since 01/02/2026) | Rosja (since 01/10/2025) | Palau (Republic of) (since 01/10/2025) | Rosja (since 01/08/2024) | Palau (Republic of) (since 01/08/2024) | Liberia (since 01/12/2021) | Rosja (since 01/12/2021) | Rosja (since 01/06/2020) | Liberia (since 01/05/2020) | Panama (since 01/04/2017) | Indonesia (since 01/06/2013) | Singapore (since 01/08/2010)","11","1","MORSEVLOGISTIC LTD (since 22/01/2021) | SIBIRSKAYA LEASING COMPANY LLC (since 09/05/2020) | MANDIRI ABADI MARITIM PT (since 01/06/2013) | CONDOR SHIPPING PTE LTD (since 20/08/2010)","","False","False","Rosja"
"9299173","VELES","Chemical/Oil Products Tanker","(Rosja)","UAZH","","2004","4730","7087","In Service/Commission","KONTUR LLC","KONTUR-SPB OOO","KONTUR-SPB OOO","Rosjan Maritime Register of Shipping","","14","","","VELES (since 01/06/2021) | Baltic Eagle (since 01/08/2013) | Guildo (since 01/10/2004) | Besiktas Baltic (during 2004)","Rosja (since 01/06/2021) | Rosja (since 01/08/2013) | Rosja (since 01/08/2013) | St Vincent and Grenadines (since 01/08/2013) | Luxembourg (since 01/03/2013) | Italy (since 01/10/2004) | St Vincent and Grenadines (since 01/10/2004) | Turkey (during 2004)","7","3","KONTUR LLC (since 29/06/2021) | KD BUNKER (during 08/2013)","","False","False","Rosja"
"9151890","ODIN","Oil Products Tanker","(Rosja)","UIHY","","1998","5685","8269","In Service/Commission","KONTUR-SPB OOO","KONTUR-SPB OOO","KONTUR-SPB OOO","Rosjan Maritime Register of Shipping","","34","","","ODIN (since 01/07/2018) | Tarndal (since 01/10/2005)","Rosja (since 01/07/2018) | Denmark (DIS) (since 01/03/2014) | Norway (NIS) (since 01/10/2005)","2","1","KONTUR-SPB OOO (since 24/07/2018) | TERNTANK REDERI A/S (during 11/2014) | TERNTANK REDERI A/S (since 12/10/2005)","","False","False","Rosja"
"8821761","NIMBUS SPB","Oil Products Tanker","(Rosja)","UBQ19","","1991","4614","7070","In Service/Commission","LUKOIL-BUNKER","LUKOIL-BUNKER","SEA ENGINEERING LTD","May 2026","","21","","","NIMBUS SPB (since 01/05/2012) | Nimbus (since 01/01/2001)","Rosja (since 01/05/2012) | Belize (since 01/05/2012) | Denmark (DIS) (since 01/06/2011) | Sweden (since 01/01/2001)","3","1","LUKOIL-BUNKER (since 02/05/2012) | SIRIUS SHIPPING AB (since 29/01/2001)","","False","False","Rosja"
"9299161","KORD ATLANTIC","Chemical/Oil Products Tanker","(Rosja)","UBYS9","","2004","4730","6976","In Service/Commission","KORD CO LTD","KORD-BUNKER CO LTD","KORD-BUNKER CO LTD","Rosjan Maritime Register of Shipping","","8","","","KORD ATLANTIC (since 01/07/2019) | Syrtos (since 01/10/2015) | Gascogne (since 01/06/2004) | Besiktas Arctic (during 2004)","Rosja (since 01/07/2019) | Panama (since 01/10/2015) | Luxembourg (during 2004) | Turkey (since 01/12/2003)","3","3","KORD CO LTD (since 16/10/2019) | SEA TANKERS SHIPPING SASU (since 01/03/2011) | SEA TANKERS SHIPPING SASU (during 06/2004)","","False","False","Rosja"
"9327360","CROCO","Chemical/Oil Products Tanker","(Rosja)","UARE3","","2006","23356","37067","In Service/Commission","ROBIN MARINE CO","MARITIME SHIP TRADE CO","ESEA SHIP MANAGEMENT LLC","Rosjan Maritime Register of Shipping","","35","","","CROCO (since 01/10/2025) | Aria (since 01/06/2025) | Caria Ka (since 01/10/2023) | Advantage Party (since 01/06/2017) | Baltic Faith (since 01/01/2006)","Rosja (since 01/01/2026) | Gambia FALSE (since 01/10/2025) | Vanuatu (since 01/06/2025) | Liberia (since 01/10/2023) | Marshall Islands (since 01/06/2017) | Cyprus (since 01/01/2006)","5","4","ROBIN MARINE CO (since 09/06/2025) | CARIA SHIPPING LTD (since 25/10/2023) | OCEAN HORIZON LTD (since 01/02/2023) | RIVER PARTY LLC (since 14/06/2017)","","False","False","Rosja"
"9495832","PAXMARIS","Oil Products Tanker","(Cameroon)","TJM5G5","","2008","5036","7097","In Service/Commission","TRIDENT KING LTD","MARITIME MAVEN MANAGEMENT LTD","MARITIME MAVEN MANAGEMENT LTD","Bureau Veritas (IACS)","","25","","","PAXMARIS (since 01/10/2025) | Blacksea Eagle (since 01/03/2021) | Trident King (since 01/03/2020) | Zayn (since 01/05/2017) | Sara 2nd (since 01/04/2015) | Sara 2 (since 01/11/2013) | Menara Satu (since 01/12/2008)","Cameroon (since 01/02/2026) | Benin False (since 01/10/2025) | Not Known (since 01/06/2025) | Panama (since 01/03/2020) | Malta (since 01/12/2018) | Panama (since 01/04/2015) | Malaysia (since 01/11/2013) | Malaysia (since 01/12/2008)","7","6","TRIDENT KING LTD (since 05/03/2020) | MERCANTILE & MARITIME TRADING (during 05/2017)","","False","False","Rosja"
"9163764","ARNO BABAJANYAN","Oil Products Tanker","(Rosja)","UBSU3","","1999","8850","14369","In Service/Commission","UNIVERSAL LEASING CO JSC","MORSKOY STANDART-BUNKER LLC","MORSKOY STANDART-BUNKER LLC","Rosjan Maritime Register of Shipping","","19","","","ARNO BABAJANYAN (since 01/07/2020) | Lama (since 01/10/2008) | Bro Jupiter (since 01/05/2002) | Sichem America (since 01/03/2001)","Rosja (since 01/08/2020) | Panama (since 01/06/2020) | Chile (since 01/01/2009) | Panama (since 01/10/2008) | Sweden (since 01/05/2002)","4","3","UNIVERSAL LEASING CO JSC (since 01/04/2024) | PODRAVINA SHIPPING INC (since 04/06/2020) | ULTRANAV INTERNATIONAL SA (since 17/10/2008) | SITANK SINGAPORE PTE LTD (during 06/2001)","","False","False","Rosja"
"9164512","AVIOR","Oil Products Tanker","(Rosja)","UHFR","","1999","8829","13786","In Service/Commission","LUKOIL-BUNKER","LUKOIL-BUNKER","SEA ENGINEERING LTD","Rosjan Maritime Register of Shipping","","30","","","AVIOR (since 01/12/2017)","Rosja (since 01/11/2017)","0","0","LUKOIL-BUNKER (since 30/11/2017) | EKSHIPS AB (since 30/05/2006)","","False","False","Rosja"
"9056571","IMMANUEL","Oil Products Tanker","(Rosja)","UBLM2","","1995","5378","8492","In Service/Commission","IE BELOKUR OLGA FEDOROVNA","IE BELOKUR OLGA FEDOROVNA","UNKNOWN","Rosjan Maritime Register of Shipping","","27","","","IMMANUEL (since 01/09/2014) | Energizer (since 01/05/2009) | Betty Theresa (since 01/01/2006)","Rosja (since 01/06/2025) | Panama (since 01/06/2025) | Rosja (since 01/04/2018) | Rosja (since 01/11/2014) | Panama (since 01/05/2009) | Norway (NIS) (since 01/01/2006)","5","2","IE BELOKUR OLGA FEDOROVNA (since 18/07/2025) | IGWT PTE LTD (during 11/2020) | BAY GARDEN DEVELOPMENTS LTD (since 19/09/2014) | ENERGIZER SHIPPING APS (since 07/05/2009)","","False","False","Rosja"
"8700096","PARTIZANSK","Oil Products Tanker","(Rosja)","UCUK","","1988","2966","2976","In Service/Commission","ULISS CO LTD","ULISS CO LTD","UNKNOWN","May 2026","","2","","","PARTIZANSK (since 01/03/2013) | Trodos (since 01/11/2008)","Rosja (since 01/07/2009) | Cambodia (since 01/11/2008)","1","1","ULISS CO LTD (since 22/03/2013) | STUKITA SHIPPING CO LTD (since 01/11/2008)","","False","False","Rosja"
"9175078","ZAMBRA","Crude Oil Tanker","(Cameroon)","TJMF13","","1999","81565","157327","In Service/Commission","ZAMBRA SHIPPING GROUP LTD","STELLAR OCEAN LTD","STELLAR OCEAN LTD","May 2026","","41","","","ZAMBRA (since 01/06/2021) | New Trust (since 01/02/2014) | Oliver Jacob (since 01/06/2002)","Cameroon (since 01/11/2025) | Gambia (since 01/08/2025) | Not Known (since 01/06/2025) | Panama (since 01/06/2021) | Liberia (since 01/02/2014) | Germany (since 01/09/2009) | Liberia (since 01/09/2009) | Germany (since 01/09/2005) | Liberia (since 01/06/2002)","8","2","ZAMBRA SHIPPING GROUP LTD (since 04/06/2021) | AUDLEY MARITIME CORP (since 28/02/2014) | STOER SHIPPING CO LTD (since 07/06/2002)","","False","False","Rosja"
"9428358","SONA","Oil Products Tanker","(Sierra leone)","9LU2122","","2009","30006","49999","In Service/Commission","TUKAY SHIPPING INC","TAI SHAN YONG HENG SHIPMGMT","TAI SHAN YONG HENG SHIPMGMT","Rosjan Maritime Register of Shipping","","46","","","SONA (since 01/07/2025) | Xue Song (since 01/11/2024) | Mastic (since 01/03/2023) | Uog Andros (since 01/06/2022) | Uacc Sila (since 01/04/2011) | Banksy (since 01/03/2009) | Ionian Wave (since 01/03/2009)","Sierra leone (since 01/02/2026) | Malawi False (since 01/07/2025) | Not Known (since 01/05/2025) | Gabon (since 01/05/2023) | St.Kitts and Nevis (since 01/03/2023) | Marshall Islands (since 01/05/2013) | Liberia (since 01/04/2011) | Portugal (MAR) (since 01/03/2009) | Liberia (since 01/03/2009)","8","6","TUKAY SHIPPING INC (since 08/11/2024) | PEARL SHIPPING & MARINE-MAI (since 20/03/2023) | UOG ANDROS LLC (since 06/06/2022) | SILA TANKERS INC (during 04/2013)","","False","False","Rosja"
"9299886","JASPER","Chemical/Oil Products Tanker","(Cameroon)","TJMS52","","2005","29646","45956","In Service/Commission","JASPER MARITIME SERVICES TRDG","EMT GEMI ISLETMECILIGI AS","UNKNOWN","Bureau Veritas (IACS)","","37","","","JASPER (since 01/09/2025) | Wall (since 01/03/2024) | Beks Robin (since 01/11/2023) | NCC Hijaz (since 01/10/2005)","Cameroon (since 01/01/2026) | Not Known (since 01/12/2025) | Vanuatu (since 01/09/2025) | Not Known (since 01/06/2025) | Panama (since 01/03/2024) | Marshall Islands (since 01/11/2023) | Saudi Arabia (since 01/08/2008) | Panama (since 01/10/2005)","7","3","JASPER MARITIME SERVICES TRDG (since 04/09/2025) | WALL MARITIME & TRADING LTD (since 01/01/2025) | ROBIN MARITIME & TRADING INC (since 14/11/2023) | NATIONAL CHEMICAL CARRIERS CO (since 01/10/2005)","","False","False","Rosja"
"9308170","ESTELLA","Crude Oil Tanker","(Cameroon)","TJM3W","","2007","30965","50314","In Service/Commission","JUNN ISLAND INTERNATIONAL SFZ","JUNN ISLAND INTERNATIONAL SFZ","OSCAR REM COMMERCIAL BROKER","Registro Italiano Navale (IACS)","","38","","","ESTELLA (since 01/07/2025) | Ocean Jupiter (since 01/12/2007)","Cameroon (since 01/02/2026) | Aruba False (since 01/11/2025) | Gambia FALSE (since 01/08/2025) | Not Known (since 01/07/2025) | Panama (since 01/05/2022) | Singapore (since 01/12/2007)","5","1","JUNN ISLAND INTERNATIONAL SFZ (since 03/02/2026) | SEAGULL SHIPPING CO LTD (since 08/08/2025) | PHUONG DONG PETROL TRANSPORT (since 04/01/2025) | HUNG PHAT MARITIME TRADING (since 18/05/2022) | DA ZHONG TANKERS PTE LTD (since 03/12/2007)","","False","False","Rosja"
"9638197","TONG YUAN","Hopper Dredger","(China Peoples's Republic)","BQEC","","2012","12105","10898","In Service/Commission","TIANJIN INTERNATIONAL MARINE","TIANJIN INTERNATIONAL MARINE","TIANJIN INTERNATIONAL MARINE","China Classification Society (IACS)","","2","","","TONG YUAN (since 01/08/2012)","China Peoples's Republic (since 01/08/2012)","0","0","TIANJIN INTERNATIONAL MARINE (during 08/2020) | CCCC TIANJIN DREDGING CO LTD (since 05/08/2012)","","False","False","Rosja"
"9958303","NORTH MOON","LNG Tanker","(Singapore)","9V8192","","2024","115555","93286","In Service/Commission","ARCTIC EMERALD NO 2 LNG SHPG","MITSUI OSK LINES LTD","MOL GLOBAL SHIP MANAGEMENT PTE","Nippon Kaiji Kyokai (IACS)","","2","","","NORTH MOON (since 01/11/2024)","Singapore (since 01/11/2024)","0","0","ARCTIC EMERALD NO 2 LNG SHPG (since 12/11/2024)","","False","False","Rosja"
"9958315","NORTH OCEAN","LNG Tanker","(Singapore)","9V8193","","2024","115555","93214","In Service/Commission","ARCTIC RUBY NO 2 LNG SHPG","MITSUI OSK LINES LTD","MOL GLOBAL SHIP MANAGEMENT PTE","Nippon Kaiji Kyokai (IACS)","","0","","","NORTH OCEAN (since 01/12/2024)","Singapore (since 01/12/2024)","0","0","ARCTIC RUBY NO 2 LNG SHPG (since 13/12/2024)","","False","False","Rosja"
"9958298","NORTH LIGHT","LNG Tanker","(Singapore)","9V8191","","2024","115555","93286","In Service/Commission","ARCTIC DIAMOND NO 2 LNG SHPG","MITSUI OSK LINES LTD","MOL GLOBAL SHIP MANAGEMENT PTE","Nippon Kaiji Kyokai (IACS)","","0","","","NORTH LIGHT (since 01/11/2024)","Singapore (since 01/11/2024)","0","0","ARCTIC DIAMOND NO 2 LNG SHPG (since 01/11/2024)","","False","False","Rosja"
"9283306","FINA A","Crude Oil Tanker","(Equatorial Guinea)","3CAN15","","2004","62002","109637","In Service/Commission","SEASAILOR HOLDINGS LTD","SEASAILOR HOLDINGS LTD","SEASAILOR HOLDINGS LTD","May 2026","","39","","","FINA A (since 01/06/2025) | Buddha (since 01/06/2024) | Venice A (since 01/08/2017) | Venice (since 01/07/2007) | Maersk Pristine (since 01/11/2004)","Equatorial Guinea (since 01/03/2026) | Timor Leste FALSE (since 01/06/2025) | Antigua and Barbuda (since 01/06/2024) | Liberia (since 01/12/2022) | Malta (since 01/08/2017) | Greece (since 01/07/2007) | Singapore (since 01/11/2004)","6","4","SEASAILOR HOLDINGS LTD (since 14/06/2024) | HYPERION OWNING CO LTD (since 13/07/2007) | MOLLER-MAERSK A/S (since 19/11/2004)","","False","False","Rosja"
"9437983","CAI YUN","Crude Oil Tanker","(Sierra leone)","9LU2210","","2010","60237","109005","In Service/Commission","ACCERONIX LTD","ACCERONIX LTD","HUA GUO SHAN SHIPMANAGEMENT CO","Rosjan Maritime Register of Shipping","","29","","","CAI YUN (since 01/01/2025) | Nan Hai (since 01/07/2024) | Ocean Prince (since 01/05/2024) | Claret Prince (since 01/02/2020) | Oilmeda (since 01/06/2018) | SN Olivia (since 01/05/2011) | D. T. Vincenzo P. (since 01/01/2010)","Sierra leone (since 01/08/2025) | Malawi False (since 01/06/2025) | Not Known (since 01/05/2025) | Panama (since 01/05/2024) | Marshall Islands (since 01/06/2018) | Italy (since 01/05/2011) | Italy (since 01/01/2010)","6","6","ACCERONIX LTD (since 16/07/2024) | NOBEL COMMODITY TRADING LTD (since 07/05/2024) | PALM BAY ASSET CORP (since 29/06/2018) | DOLPHIN TANKER SRL (since 11/01/2010)","","False","False","Rosja"
"9424651","MANTA","Oil Products Tanker","(Sierra leone)","9LU2062","","2009","28231","46592","In Service/Commission","VALTRYS SEALANES LTD","VALTRYS SEALANES LTD","MARITIME MAVENS LLC","Rosjan Maritime Register of Shipping","","41","","","MANTA (since 01/08/2023) | Di Matteo (since 01/04/2019) | High Strength (since 01/10/2009)","Sierra leone (since 01/06/2025) | Vanuatu (since 01/05/2025) | Palau (Republic of) (since 01/09/2023) | Liberia (since 01/08/2023) | Singapore (since 01/10/2022) | Liberia (since 01/10/2022) | Singapore (since 01/04/2019) | Panama (since 01/10/2009)","7","2","VALTRYS SEALANES LTD (since 25/01/2026) | SOFT BREEZE NAVIGATION CORP (since 04/09/2023) | MINSHENG YANGJI TIANJIN SHPG (since 21/10/2022) | ROBERTO 16 PTE LTD (since 03/04/2019)","","False","False","Rosja"
"9259991","PERIDOT","Chemical/Oil Products Tanker","(Cameroon False)","UNKNOWN","","2003","23246","37300","In Service/Commission","PERIDOT MARITIME SERVICES TRDG","EMT GEMI ISLETMECILIGI AS","EMT GEMI ISLETMECILIGI AS","Registro Italiano Navale (IACS)","","43","","","PERIDOT (since 01/07/2025) | Sezar (since 01/03/2024) | Beks Tango (since 01/03/2023) | Baltic Wave (since 01/06/2005) | Prostar (since 01/05/2003)","Cameroon False (since 01/01/2026) | Not Known (since 01/10/2025) | Vanuatu (since 01/08/2025) | Angola False (since 01/07/2025) | Not Known (since 01/05/2025) | Panama (since 01/03/2024) | Marshall Islands (since 01/03/2023) | Germany (since 01/03/2023) | Malta (since 01/06/2005) | Germany (since 01/06/2005) | Greece (since 01/05/2003)","10","4","PERIDOT MARITIME SERVICES TRDG (since 29/07/2025) | SEZAR MARITIME & TRADING LTD (since 01/01/2025) | TANGO MARITIME & TRADING INC (since 10/03/2023) | BALTIC WAVE SCHIFFAHRTS (since 13/06/2005)","","False","False","Rosja"
"9384447","BARENTS","Chemical/Oil Products Tanker","(Rosja)","UARD2","","2009","19986","30720","In Service/Commission","BENGO AQUATIC INC","BENGO AQUATIC INC","NORTH VECTOR' LLC","Rosjan Maritime Register of Shipping","","15","","","BARENTS (since 01/08/2025) | Ji Shun (since 01/06/2024) | Shanghai (since 01/05/2024) | Rn Murmansk (since 01/03/2009)","Rosja (since 01/08/2025) | Sierra leone (since 01/07/2025) | Panama (since 01/02/2023) | Cyprus (since 01/03/2009)","3","3","BENGO AQUATIC INC (since 12/06/2024) | RUBIO HOLDINGS LTD (since 06/07/2011)","","False","False","Rosja"
"9255244","WHITE CONDOR I","Oil Products Tanker","(Cameroon)","TJM22G","","2003","28517","47047","In Service/Commission","PORTOISE SHIPMANAGEMENT INC","PORTOISE SHIPMANAGEMENT INC","UNKNOWN","American Bureau of Shipping (IACS)","","17","","","WHITE CONDOR I (since 01/07/2025) | Bolognia Falcon (since 01/06/2023) | Maersk Michigan (since 01/09/2008) | Marco (since 01/08/2008) | St. Marco (since 01/07/2003)","Cameroon (since 01/01/2026) | Aruba False (since 01/07/2025) | Panama (since 01/06/2023) | United States of America (since 01/09/2008) | Panama (since 01/06/2006) | Liberia (since 01/01/2003)","5","4","PORTOISE SHIPMANAGEMENT INC (since 29/01/2026) | SEAKING MANAGEMENT LTD (since 04/02/2025) | MAERSK LINE LTD-USA (since 22/06/2008)","","False","False","Rosja"
"9273442","BLUE EMBER","Oil Products Tanker","(Sao Tome and Principe)","S9A3194","","2004","41503","72652","In Service/Commission","BLUE MARITIME SERVICES & TRDG","EMT GEMI ISLETMECILIGI AS","EMT GEMI ISLETMECILIGI AS","May 2026","","35","","","BLUE EMBER (since 01/07/2025) | Pier (since 01/03/2024) | Beks Lotus (since 01/05/2023) | Sauger (since 01/06/2015) | Kaspar Schulte (during 2004)","Sao Tome and Principe (since 01/01/2026) | Not Known (since 01/11/2025) | Gambia (since 01/08/2025) | Malawi False (since 01/07/2025) | Barbados (since 01/05/2025) | Guinea-Bissau (since 01/03/2024) | Marshall Islands (since 01/06/2015) | Germany (since 01/06/2015) | Liberia (since 01/03/2006) | Germany (since 01/03/2006) | Cyprus (since 01/02/2004)","10","4","BLUE MARITIME SERVICES & TRDG (since 09/04/2025) | PIER MARITIME & TRADING LTD (since 01/12/2024) | LOTUS MARITIME & TRADING INC (since 02/05/2023) | SAUGER SOLUTIONS INC (since 24/06/2015)","","False","False","Rosja"
"9286023","OPAL","Crude Oil Tanker","(Cameroon)","TJMS40","","2004","41526","72515","In Service/Commission","OPAL MARITIME SERVICES & TRDG","EMT GEMI ISLETMECILIGI AS","EMT GEMI ISLETMECILIGI AS","Registro Italiano Navale (IACS)","","42","","","","","","","","","False","False","Rosja"
"9310707","AGATE","Oil Products Tanker","(Guyana False)","UNKNOWN","","2005","28823","48658","In Service/Commission","AGATE MARITIME SERVICES","EAST GEMI ISLETMECILIGI AS","EAST GEMI ISLETMECILIGI AS","May 2026","","47","","","AGATE (since 01/08/2025) | Vault (since 01/03/2024) | Beks Bodrum (since 01/02/2023) | Challenge Passage (since 01/04/2005)","Guyana False (since 01/05/2026) | Cameroon False (since 01/02/2026) | Not Known (since 01/12/2025) | Vanuatu (since 01/08/2025) | Not Known (since 01/06/2025) | Panama (since 01/03/2024) | Marshall Islands (since 01/02/2023) | Panama (since 01/04/2005)","7","3","AGATE MARITIME SERVICES (since 02/02/2026) | VAULT MARITIME & TRADING LTD (since 01/03/2025) | ASTERION MARITIME & TRADING (since 24/02/2023) | SONGA PASSAGE AS (since 29/05/2015) | NYK BULKSHIP ASIA PTE LTD (since 01/03/2011)","","False","False","Rosja"
"9142916","OKEAN","Oil Products Tanker","(Rosja)","UBQN2","","1996","3091","4653","In Service/Commission","SAKHOYLSERVIS OOO","SAKHOYLSERVIS OOO","NAYADA CO LTD","Rosjan Maritime Register of Shipping","","37","","","OKEAN (since 01/06/2007)","Rosja (since 01/07/2015) | Sierra leone (since 01/08/2013) | Cyprus (since 01/06/2007) | Rosja (since 01/01/2004)","3","0","SAKHOYLSERVIS OOO (during 07/2015) | NAKHODKATANKER JSC (since 01/01/2004)","","False","False","Rosja"
"9087714","OSTROV RUSSKIY","Chemical/Oil Products Tanker","(Rosja)","UBKY6","","1994","1180","1799","In Service/Commission","SKYGROUP LOGISTICS LTD","NAYADA CO LTD","NAYADA CO LTD","Rosjan Maritime Register of Shipping","","57","","","OSTROV RUSSKIY (since 01/04/2023) | Eastern Dream (since 01/09/2022) | Eiwa Maru 17 (since 01/07/2013) | Spring Cefiro (since 01/09/2005) | Sinar Merak (since 01/10/2000)","Rosja (since 01/04/2023) | Sierra leone (since 01/09/2022) | Korea (Republic of) (since 01/07/2013) | Panama (since 01/09/2005) | Indonesia (since 01/10/2000)","4","4","SKYGROUP LOGISTICS LTD (since 01/08/2022) | KEOYOUNG SHIPPING CO LTD (during 06/2016) | PALM SA (since 08/09/2005) | SAMUDERA SHIPPING SERVICES PT (since 16/10/2000)","","False","False","Rosja"
"9395379","FORTIS","Crude Oil Tanker","(Cameroon)","TJMD6","","2008","56355","105905","In Service/Commission","PACIFIC LOGISTIC & MARITIME","PACIFIC LOGISTIC & MARITIME","NORTH STAR SHIP MANAGEMENT","May 2026","","32","","","FORTIS (since 01/08/2025) | Pacific 01 (since 01/02/2024) | Koro Sea (since 01/06/2015) | Asian Jasper (since 01/07/2011) | Blue Jasper (since 01/02/2008)","Cameroon (since 01/08/2025) | Not Known (since 01/06/2025) | Panama (since 01/02/2024) | Liberia (since 01/05/2015) | Panama (since 01/07/2011) | Singapore (since 01/02/2008)","5","4","PACIFIC LOGISTIC & MARITIME (since 26/02/2024) | WONE SHIPPING SINGAPORE PTE (since 01/06/2015)","","False","False","Rosja"
"9330472","THORIN","Crude Oil Tanker","(Sierra leone)","9LU2038","","2007","55909","105374","In Service/Commission","GINA CORAL CORP","GINA CORAL CORP","NIGHT MOON NAVIGATION LLC","Rosjan Maritime Register of Shipping","","27","","","THORIN (since 01/04/2024) | Izumo Princess (since 01/03/2007)","Sierra leone (since 01/07/2025) | Panama (since 01/10/2024) | Cook islands (since 01/04/2024) | Cyprus (since 01/02/2024) | Greece (since 01/03/2007)","4","1","GINA CORAL CORP (since 04/12/2025) | NOBLE SPHERE CORP (since 09/04/2024) | VICTORY MARE SA (since 29/03/2007)","","False","False","Rosja"
"9384435","BELOMOR","Chemical/Oil Products Tanker","(Rosja)","UARD3","","2008","19986","30720","In Service/Commission","KASAI AQUATIC INC","KASAI AQUATIC INC","NORTH VECTOR' LLC","Rosjan Maritime Register of Shipping","","15","","","BELOMOR (since 01/08/2025) | Ji Li I (since 01/06/2024) | Rn Arkhangelsk (since 01/11/2008)","Rosja (since 01/08/2025) | Panama (since 01/02/2023) | Cyprus (since 01/11/2008)","2","2","KASAI AQUATIC INC (since 11/06/2024) | RUBIO HOLDINGS LTD (since 04/11/2010)","","False","False","Rosja"
"9277759","LARK","Oil Products Tanker","(Cameroon)","TJMC157","","2004","42432","74999","In Service/Commission","MARINE MAX SHIP MANAGEMENT","MARINE MAX SHIP MANAGEMENT","UNKNOWN","May 2026","","29","","","LARK (since 01/05/2025) | Lea I (since 01/08/2022) | Lea (since 01/04/2022) | Crystal 1 (since 01/01/2021) | Nordmars (since 01/04/2019) | N. Mars (since 01/03/2011) | Nordmars (since 01/04/2004)","Cameroon (since 01/01/2026) | Not Known (since 01/07/2025) | Palau (Republic of) (since 01/05/2025) | Liberia (since 01/09/2022) | Cameroon (since 01/04/2022) | Panama (since 01/01/2021) | Cyprus (since 01/04/2004)","6","6","MARINE MAX SHIP MANAGEMENT (since 19/06/2025) | N MARS SHIPPING MANAGEMENT BV (before 10/2015) | N MARS SHIPPING MANAGEMENT BV (since 24/07/2014)","","False","False","Rosja"
"9323974","MARBLE","Crude Oil Tanker","(Cameroon)","TJMOV2","","2006","56285","105445","In Service/Commission","SUNFLOWER MARINE INC","SUNFLOWER MARINE INC","YI CHUN HE SHIPMANAGEMENT","Bureau Veritas (IACS)","","19","","","MARBLE (since 01/04/2025) | CREATURE (since 01/11/2023) | Marta 1 (since 01/11/2023) | Lr2 Eternity (since 01/09/2018) | River Eternity (since 01/11/2006)","Cameroon (since 01/01/2026) | Benin False (since 01/08/2025) | Palau (Republic of) (since 01/06/2025) | Not Known (since 01/05/2025) | Panama (since 01/11/2023) | Liberia (since 01/09/2018) | Panama (since 01/11/2006)","6","4","SUNFLOWER MARINE INC (since 08/11/2023) | MOORING SHIPPING SA (since 07/09/2018) | WEALTH LINE INC (since 01/01/2007) | XING LONG MARITIME SA (since 14/11/2006)","","False","False","Rosja"
"9599353","VENUS III","Oil Products Tanker","(Rosja)","UBDL6","","2011","4800","7102","In Service/Commission","RUI LIN SHIPPING LTD","RUI LIN SHIPPING LTD","PRIME SHIPPING LLC-RUS","Rosjan Maritime Register of Shipping","","9","","","VENUS III (since 01/01/2025) | Venus I (since 01/02/2023) | Rn Tuapse (since 01/10/2014) | Svl Glory (since 01/05/2011)","Rosja (since 01/01/2025) | Palau (Republic of) (since 01/02/2023) | Malta (since 01/02/2023) | Rosja (since 01/10/2014) | Rosja (since 01/04/2014) | Malta (since 01/05/2011)","5","3","RUI LIN SHIPPING LTD (since 30/10/2024) | AQUASYNC TECHNOLOGIES FZE (since 01/03/2024) | SVL MARITIME B LTD (since 10/05/2011)","","False","False","Rosja"
"9419151","WU TAI","Crude Oil Tanker","(Sierra leone)","9LU2055","","2010","62775","112795","In Service/Commission","NAMAS MARITIME INC","GUI ZHOU FA ZHAN SHIP","GUI ZHOU FA ZHAN SHIP","Rosjan Maritime Register of Shipping","","19","","","WU TAI (since 01/01/2025) | Helga (since 01/02/2023) | Leo (since 01/09/2018) | United Honor (since 01/09/2010)","Sierra leone (since 01/01/2026) | Gambia FALSE (since 01/07/2025) | Palau (Republic of) (since 01/06/2025) | Panama (since 01/01/2025) | Palau (Republic of) (since 01/02/2023) | Liberia (since 01/09/2018) | Greece (since 01/09/2010)","6","3","NAMAS MARITIME INC (since 28/02/2024) | CONSTELLATION SHIPPING&MARINE (since 03/02/2023) | PACIFIC ENERGY INC (since 18/09/2018)","","False","False","Rosja"
"9335094","VARG","Chemical/Oil Products Tanker","(Myanmar union of)","XZY7577","","2006","29490","46891","In Service/Commission","NURON LTD","NURON LTD","TULUVAI SHIPPING PVT LTD","Rosjan Maritime Register of Shipping","","23","","","VARG (since 01/06/2025) | Wudi (since 01/05/2024) | Gulf Esprit (since 01/11/2006)","Myanmar union of (since 01/01/2026) | Cameroon (since 01/11/2025) | Palau (Republic of) (since 01/06/2025) | Panama (since 01/05/2024) | Bahamas (since 01/10/2006)","4","2","NURON LTD (since 07/11/2025) | DEVGAD MARITIME INC (since 24/06/2025) | RED LANTERN LTD (since 29/05/2024) | GULF ESPRIT SHIPPING LTD (since 08/11/2006)","","False","False","Rosja"
"9550682","XING CHEN","Crude Oil Tanker","(Cameroon)","TJMW2A","","2009","42010","73427","In Service/Commission","FAFANA LTD","FAFANA LTD","TULUVAI SHIPPING PVT LTD","Rosjan Maritime Register of Shipping","","35","","","XING CHEN (since 01/05/2024) | Uog Aeolos (since 01/12/2022) | UACC Falcon (since 01/12/2010) | Summit Australia (since 01/05/2009)","Cameroon (since 01/12/2025) | Palau (Republic of) (since 01/06/2025) | Not Known (since 01/05/2025) | Panama (since 01/01/2025) | Gabon (since 01/05/2024) | Marshall Islands (since 01/12/2010) | Cyprus (since 01/05/2009)","6","3","FAFANA LTD (since 24/05/2024) | UOG AEOLOS LLC (since 22/12/2022) | UACC ROSS TANKER II AS (since 15/12/2017) | UACC ROSS TANKER AS (since 30/12/2010)","","False","False","Rosja"
"9384095","RAGNAR","Chemical/Oil Products Tanker","(Sierra leone)","9LU2106","","2008","24112","38402","In Service/Commission","VELORYX SEAWAYS LTD","VELORYX SEAWAYS LTD","TIDAL TECH MARINERS LLC","Rosjan Maritime Register of Shipping","","39","","","RAGNAR (since 01/03/2023) | Jemma (since 01/07/2017) | Mare Baltic (since 01/08/2008) | Meriom Ruby (since 01/06/2008)","Sierra leone (since 01/11/2025) | Palau (Republic of) (since 01/03/2023) | Malta (since 01/07/2017) | Germany (since 01/07/2017) | Marshall Islands (since 01/06/2008) | Germany (since 01/06/2008)","5","3","VELORYX SEAWAYS LTD (since 02/04/2026) | NEW STAR MARINE LTD (since 29/03/2023) | JEMMA SHIPPING LTD (since 06/07/2017) | RUBY LTD (since 16/06/2008)","","False","False","Rosja"
"9253313","MATARI","Crude Oil Tanker","(Sierra leone)","9LU2084","","2003","58405","105666","In Service/Commission","XANTHYRIC BRIGANTINE LTD","XANTHYRIC BRIGANTINE LTD","ANCHOR ELITE SHIPMANAGEMENT","Rosjan Maritime Register of Shipping","","29","","","MATARI (since 01/06/2025) | Arabela (since 01/03/2024) | Coral I (since 01/05/2021) | Coral Sea (since 01/11/2003)","Sierra leone (since 01/06/2025) | Barbados (since 01/10/2024) | Cook islands (since 01/03/2024) | Liberia (since 01/05/2021) | Singapore (during 2003)","4","3","XANTHYRIC BRIGANTINE LTD (since 02/04/2026) | OASIS BLOOM CORP (since 23/03/2024) | VALDEMAR MARINE LTD (since 11/05/2021) | RONSAL SHIPPING INC (since 25/12/2011)","","False","False","Rosja"
"9292577","KUBERA","Crude Oil Tanker","(Sierra leone)","9LU2103","","2005","30971","50375","In Service/Commission","SEAGULL SHIPPING CO LTD","SEAGULL SHIPPING CO LTD","MARITIME MAVENS LLC","Rosjan Maritime Register of Shipping","","46","","","KUBERA (since 01/12/2025) | Nexus (since 01/07/2025) | Ricca (since 01/06/2023) | Kriti Emerald (since 01/08/2017) | Oriental Ruby (since 01/08/2005) | Ocean Jupiter (since 01/07/2005)","Sierra leone (since 01/01/2026) | Aruba False (since 01/12/2025) | Gambia FALSE (since 01/07/2025) | Not Known (since 01/06/2025) | Panama (since 01/06/2023) | Liberia (since 01/08/2017) | Panama (since 01/08/2005) | Singapore (since 01/07/2005)","7","5","SEAGULL SHIPPING CO LTD (since 30/07/2025) | CRISTIAN SEAWAYS SA (since 01/08/2017) | HUNG PHAT MARITIME TRADING (since 01/08/2017) | HAEYOUNG MARITIME SERV CO LTD (since 01/08/2005) | XIN YING SHIPPING PTE LTD (during 07/2005)","","False","False","Rosja"
"9266877","PIERRE","Crude Oil Tanker","(Sierra leone)","9LS2039","","2004","58070","106021","In Service/Commission","CYRAVELIN LINE LTD","CYRAVELIN LINE LTD","NEPTUNE NAVIGATORS' LLC","Rosjan Maritime Register of Shipping","","45","","","PIERRE (since 01/08/2024) | Sea Vine (since 01/03/2016) | British Vine (since 01/04/2004)","Sierra leone (since 01/08/2024) | Marshall Islands (since 01/04/2016) | Isle of Man (since 01/04/2004)","2","2","CYRAVELIN LINE LTD (since 13/01/2026) | ZEST CHARTERING LTD (since 08/08/2024) | VINE MARINE INC (during 04/2014)","","False","False","Rosja"
"9253909","JAMES II","Crude Oil Tanker","(Not Known)","UNKNOWN","","2002","79525","149995","In Casualty Or Repairing","JAMES NAVIGATION SA","GAMA LINK TECH SERVICES CO","GAMA LINK TECH SERVICES CO","Registro Italiano Navale (IACS)","","47","","","JAMES II (since 01/12/2022) | Waltz (since 01/01/2022) | Astra (during 2002)","Not Known (since 01/05/2026) | Palau (Republic of) (since 01/12/2022) | Cyprus (since 01/01/2022) | Germany (since 01/05/2006) | Marshall Islands (since 01/05/2006) | Germany (since 01/05/2006) | Liberia (during 2002)","6","2","JAMES NAVIGATION SA (since 01/12/2022) | ARHANA ENTERPRISES LTD (since 04/01/2021) | ASTRA SAG (since 22/07/2004) | CREST AGENCY LTD (since 01/01/2002)","","False","False","Rosja"
"9459242","FELIKS","Oil Products Tanker","(Sierra leone)","9LS2018","","2010","28725","45996","In Service/Commission","TRANQUIL MEADOW CORP","TRANQUIL MEADOW CORP","NAVIGENIX SHIPMANAGEMENT LLC","Rosjan Maritime Register of Shipping","","37","","","FELIKS (since 01/06/2024) | Nyon Express (since 01/12/2023) | Prime V (since 01/06/2022) | Prime Express (since 01/11/2010)","Sierra leone (since 01/06/2024) | Cook islands (since 01/06/2024) | Panama (since 01/09/2010)","2","3","TRANQUIL MEADOW CORP (since 26/06/2024) | SIROCCO SHIPPING VENTURES SA (since 07/12/2023) | DANTE SHIPPING ENTERPRISES SA (since 09/06/2022) | OCEAN TRANSIT CARRIER SA (during 11/2010)","","False","False","Rosja"
"9430210","GOGLAND","Chemical/Oil Products Tanker","(Cameroon)","TJMX8","","2018","3568","4450","In Service/Commission","RPTD SOLD UNDISCLOSED INTEREST","RPTD SOLD UNDISCLOSED INTEREST","UNKNOWN","May 2026","","17","","","GOGLAND (since 01/02/2018) | Adriana (since 01/12/2010) | Tanker-Himovoz-352 (since 01/11/2010) | Vedrey Vinga (since 01/09/2010)","Cameroon (since 01/08/2025) | Palau (Republic of) (since 01/10/2022) | Cyprus (since 01/02/2018)","2","3","RPTD SOLD UNDISCLOSED INTEREST (since 21/07/2025) | STAKSEL CO LTD (since 28/02/2023)","","False","False","Rosja"
"9384069","LION I","Crude Oil Tanker","(Cameroon)","TJM19C","","2009","58667","107023","In Service/Commission","KARIO MARITIME INC","KARIO MARITIME INC","MO CHOU HU SHIPMANAGEMENT CO","May 2026","","21","","","LION I (since 01/03/2025) | Saetta (since 01/02/2009)","Cameroon (since 01/11/2025) | Gambia (since 01/10/2025) | Benin False (since 01/09/2025) | Panama (since 01/03/2025) | Not Known (since 01/02/2025) | Marshall Islands (since 01/10/2018) | Greece (since 01/02/2009) | Malta (since 01/02/2009)","7","1","KARIO MARITIME INC (since 05/03/2025) | RPTD SOLD UNDISCLOSED INTEREST (since 28/02/2025) | NAUTICA SHIPMANAGEMENT SA (since 16/02/2009)","","False","False","Rosja"
"9377779","VOZROZHDENIYE","Crude Oil Tanker","(Rosja)","UAZD8","","2007","58418","105009","In Service/Commission","LEGACY MARINE LLC","LEGACY MARINE LLC","LEGACY MARINE LLC","DNV (IACS)","","29","","","VOZROZHDENIYE (since 01/11/2025) | Monarch I (since 01/02/2025) | Monterey (since 01/05/2007)","Rosja (since 01/11/2025) | Sierra leone (since 01/07/2025) | Panama (since 01/02/2025) | Liberia (since 01/06/2022) | Malta (since 01/09/2016) | Greece (since 01/05/2007)","5","2","LEGACY MARINE LLC (since 15/11/2025) | LAFAFA SHIPPING LTD (since 24/02/2025) | NOBLE SPIRIT MARINE SA (since 16/05/2007)","","False","False","Rosja"
"9383869","SARASWATI","Crude Oil Tanker","(Cameroon)","TJMRY2","","2008","58418","106850","In Service/Commission","RANG SHIPPING LTD","RANG SHIPPING LTD","SAGARVANI SHIPPING PVT LTD","May 2026","","31","","","SARASWATI (since 01/02/2025) | Sarasota A (since 01/02/2017) | Sarasota (since 01/11/2008)","Cameroon (since 01/11/2025) | Gambia FALSE (since 01/10/2025) | Panama (since 01/02/2025) | Malta (since 01/02/2017) | Greece (since 01/11/2008)","4","2","RANG SHIPPING LTD (since 13/02/2025) | MARINER SHIPMANAGEMENT SA (since 28/11/2008)","","False","False","Rosja"
"9286281","SAMADHA","Crude Oil Tanker","(Sierra leone)","9LS2131","","2004","81074","159100","In Service/Commission","TALYRIN JETTY LTD","TALYRIN JETTY LTD","VISTA VVAVE SHIPMANAGEMENT LLC","Indian Register of Shipping (IACS)","","33","","","SAMADHA (since 01/03/2025) | Onisilos (since 01/02/2022) | Kaveri Spirit (since 01/10/2007) | Janet (since 01/07/2004) | Athenian Olympics (since 01/01/2004)","Sierra leone (since 01/03/2025) | Panama (since 01/04/2024) | Liberia (since 01/02/2022) | Bahamas (since 01/10/2007) | Marshall Islands (since 01/01/2004) | Bahamas (since 01/01/2004)","5","4","TALYRIN JETTY LTD (since 23/12/2025) | ERIKA FREIGHT LTD (since 19/03/2025) | ONISILOS SHIPPING CO LTD (since 10/02/2022) | KAVERI SPIRIT LLC (since 14/10/2007) | DEEP SEAS CO LTD (during 2004)","","False","False","Rosja"
"9113276","MT KONSTANTINOVSK","Oil Products Tanker","(Rosja)","UDEQ","","1994","2878","3602","In Service/Commission","SBK DOLINA LLC","RODNIE POLYA LLC","RODNIE POLYA LLC","Rosjan Maritime Register of Shipping","","12","","","MT KONSTANTINOVSK (since 01/06/2024) | Stb-1 (since 01/03/2021) | Brothers-2 (during 2000)","Rosja (since 01/09/2011) | Rosja (since 01/08/2004) | Malta (since 01/08/2004) | Rosja (since 01/08/2000) | Cambodia (since 01/08/2000) | Cyprus (since 01/05/2000)","5","2","SBK DOLINA LLC (since 26/03/2021) | PALMALI CO LTD (since 15/09/2011) | BROTHERS TANKER TRADING (during 08/2000)","","False","False","Rosja"
"9435337","AKHTY","Chemical/Oil Products Tanker","(Rosja)","UHQR","","2008","4699","7008","In Service/Commission","SBK DOLINA LLC","ENEYA LLC","ENEYA LLC","Rosjan Maritime Register of Shipping","","16","","","AKHTY (since 01/07/2021) | Kura River (since 01/05/2008)","Rosja (since 01/02/2014) | Malta (since 01/02/2014) | Rosja (since 01/10/2009) | Malta (since 01/06/2009) | Rosja (since 01/05/2009) | Malta (since 01/05/2008)","5","1","SBK DOLINA LLC (since 07/07/2021)","","False","False","Rosja"
"8867129","VOLGONEFT","Oil Products Tanker","(Rosja)","UHPG","","1981","3463","4956","In Service/Commission","STAKSEL CO LTD","STAKSEL CO LTD","UNKNOWN","November 2025","","0","","","VOLGONEFT-160 (during 1981)","Rosja (during 1981)","0","0","","","False","False","Rosja"
"8231057","VOLGONEFT","Oil Products Tanker","(Rosja)","UFMS","","1975","3463","4125","In Service/Commission","VOLGOTANKER VOLZHSKI OIL SHPG","VOLGOTANKER VOLZHSKI OIL SHPG","UNKNOWN","April 2025","","0","","","VOLGONEFT-251 (during 1975)","Rosja (during 1997)","0","0","","","False","False","Rosja"
"9637961","SERGEY TERSKOV","Crude Oil Tanker","(Rosja)","UEAR","","2016","4531","6613","In Service/Commission","VOLGOTRANS LLC","VOLGOTRANS LLC","VOLGOTRANS LLC","Rosjan Maritime Register of Shipping","","7","","","SERGEY TERSKOV (since 01/04/2016)","Rosja (since 01/04/2016)","0","0","VOLGOTRANS LLC (since 26/12/2022) | MASHPROMLEASING JSC (since 20/04/2016)","","False","False","Rosja"
"9354636","FLURA","Chemical/Oil Products Tanker","(Rosja)","UHIT","","2005","4549","6526","In Service/Commission","ASTRA LLC","ENEYA LLC","ENEYA LLC","Rosjan Maritime Register of Shipping","","18","","","FLURA (since 01/08/2021) | Chingiz Mustafayev (since 01/09/2005)","Rosja (since 01/11/2013) | Malta (since 01/11/2013) | Rosja (since 01/09/2005) | Malta (since 01/09/2005)","3","1","ASTRA LLC (since 21/04/2022) | SBK DOLINA LLC (since 31/08/2021) | PALMALI CO LTD (since 01/01/2014)","","False","False","Rosja"
"9377042","ARMADA EXPLORER","Chemical/Oil Products Tanker","(Rosja)","UHJS","","2006","4549","6526","In Service/Commission","SBK DOLINA LLC","ENEYA LLC","ENEYA LLC","Rosjan Maritime Register of Shipping","","17","","","ARMADA EXPLORER (since 01/11/2008) | Baku (since 01/05/2006)","Rosja (since 01/11/2013) | Malta (since 01/11/2013) | Rosja (since 01/05/2006)","2","1","SBK DOLINA LLC (since 27/10/2021)","","False","False","Rosja"
"9645011","SANAR","Oil Products Tanker","(Rosja)","UBSI2","","2012","5075","7025","In Service/Commission","NAVIS JSC","ROSEWOOD SHIPPING LLC","ROSEWOOD SHIPPING LLC","Rosjan Maritime Register of Shipping","","10","","","SANAR-18 (since 01/04/2023) | Vf Tanker-12 (since 01/08/2012)","Rosja (since 01/08/2012) | Rosja (since 01/08/2012)","1","1","NAVIS JSC (since 10/03/2023) | VOLGA SHIPPING JOINT STOCK (since 10/01/2019)","","False","False","Rosja"
"9299678","PRISMA","Crude Oil Tanker","(Sierra leone)","9LU2046","","2005","85431","164565","In Service/Commission","EVERGREEN EMBRACE CORP","EVERGREEN EMBRACE CORP","VISTA VVAVE SHIPMANAGEMENT LLC","Indian Register of Shipping (IACS)","","37","","","PRISMA (since 01/05/2024) | Euronike (since 01/11/2005) | Euroniki (since 01/09/2005)","Sierra leone (since 01/07/2025) | Panama (since 01/12/2024) | Cook islands (since 01/05/2024) | Malta (since 01/06/2017) | Greece (since 01/09/2005)","4","2","EVERGREEN EMBRACE CORP (since 14/05/2024) | STARDUST SHIPTRADE INC (since 21/02/2023) | PARTANKERS IX AS (since 29/12/2017) | APOLLO EXCELLENCE SA (since 14/09/2005)","","False","False","Rosja"
"9308950","SEASONS I","Crude Oil Tanker","(Cameroon)","TJMW13","","2006","61724","109647","In Service/Commission","JAMUNA SHIPPING LTD-SEY","JAMUNA SHIPPING LTD-SEY","CREST MARITIME PTE LTD","May 2026","","24","","","SEASONS I (since 01/03/2025) | Seenor (since 01/02/2025) | Sea Senor (since 01/02/2022) | Zantoro (since 01/12/2019) | Maersk Producer (since 01/12/2006)","Cameroon (since 01/11/2025) | Gambia (since 01/10/2025) | Panama (since 01/02/2025) | Marshall Islands (since 01/12/2019) | Singapore (since 01/12/2006)","4","4","JAMUNA SHIPPING LTD-SEY (since 11/03/2025) | WILLOW SEAWARD LTD (since 28/02/2025) | MAREA MARITIME SA (since 24/02/2022) | FLEETSCAPE ZANTORO LLC (since 14/02/2020) | MAHAMERU NUSA MENTARI PT (since 20/12/2019) | MAERSK TANKERS SINGAPORE PTE (since 18/01/2012) | MOLLER SINGAPORE AP PTE LTD (since 03/12/2006)","","False","False","Rosja"
"9389100","SMYRTOS","Crude Oil Tanker","(Cameroon)","TJMRO4","","2009","58667","106969","In Service/Commission","ZHAO YAO SHIPPING LTD","ZHAO YAO SHIPPING LTD","UNKNOWN","May 2026","","26","","","SMYRTOS (since 01/02/2025) | Myrtos (since 01/12/2009)","Cameroon (since 01/12/2025) | Not Known (since 01/11/2025) | Gambia (since 01/08/2025) | Panama (since 01/02/2025) | Malta (since 01/12/2016) | Greece (since 01/12/2009)","5","1","ZHAO YAO SHIPPING LTD (since 01/09/2025) | DAIRA SHIPPING LTD (since 19/02/2025) | FIREBIRD NAVIGATION INC (since 01/12/2009)","","False","False","Rosja"
"9408530","EVITA","Crude Oil Tanker","(Cameroon)","TJMD2","","2008","62856","115462","In Service/Commission","IRONCLAD GROUP CO LTD","AETHER CRAFT CO LTD","IRONCLAD GROUP CO LTD","Rosjan Maritime Register of Shipping","","37","","","EVITA (since 01/03/2025) | Southport (since 01/09/2008)","Cameroon (since 01/11/2025) | Palau (Republic of) (since 01/07/2025) | Barbados (since 01/03/2025) | Marshall Islands (since 01/09/2008)","3","1","IRONCLAD GROUP CO LTD (since 21/07/2025) | MIGHTY SOUTHPORT NAVIGATION (since 16/07/2020) | SOUTHPORT NAVIGATION LTD (since 03/09/2008)","","False","False","Rosja"
"9297553","MONTE 1","Crude Oil Tanker","(Cameroon)","TJMD23","","2006","57711","108402","In Service/Commission","DHARINI SHIPPING LTD","SAGARVANI SHIPPING PVT LTD","SAGARVANI SHIPPING PVT LTD","DNV (IACS)","","30","","","MONTE 1 (since 01/02/2025) | Montego (since 01/05/2006)","Cameroon (since 01/11/2025) | Benin False (since 01/07/2025) | Not Known (since 01/06/2025) | Panama (since 01/02/2025) | Liberia (since 01/12/2022) | Malta (since 01/04/2016) | Greece (since 01/03/2007) | Malta (since 01/05/2006)","7","1","DHARINI SHIPPING LTD (since 13/02/2025) | VERA NAVIGATION INC (since 16/05/2006)","","False","False","Rosja"
"9281009","JI HANG","Crude Oil Tanker","(Cameroon)","TJM6Z","","2004","62845","115048","In Service/Commission","JIHANG SHIPPING LTD","JIHANG SHIPPING LTD","PERTMARINE SHIPPING CO LTD","Bureau Veritas (IACS)","","42","","","JI HANG (since 01/09/2025) | Kai Fu (since 01/01/2025) | Luggati (since 01/12/2023) | Everest Spirit (since 01/05/2004)","Cameroon (since 01/09/2025) | Not Known (since 01/07/2025) | Panama (since 01/01/2025) | Liberia (since 01/12/2023) | Bahamas (during 2004)","4","3","JIHANG SHIPPING LTD (since 01/09/2025) | LUGGATI MARITIME/HOLLY SERVICE (since 21/12/2023) | LUGGATI MARITIME INC (since 21/12/2023) | EVEREST SPIRIT HOLDING LLC (since 08/05/2008)","","False","False","Rosja"
"9266865","BIVOLA","Crude Oil Tanker","(Sierra leone)","UNKNOWN","","2004","58070","106070","In Service/Commission","MYDRAX ESTUARY LTD","MYDRAX ESTUARY LTD","FLEETCRAFT MANAGEMENT LLC","Indian Register of Shipping (IACS)","","39","","","BIVOLA (since 01/10/2024) | Sea Holly (since 01/03/2016) | British Holly (since 01/02/2004)","Sierra leone (since 01/07/2025) | Panama (since 01/10/2024) | Marshall Islands (since 01/03/2016) | Isle of Man (since 01/02/2004)","3","2","MYDRAX ESTUARY LTD (since 09/05/2026) | DORIS VOYAGE LTD (since 29/10/2024) | HOLLY MARINE INC (during 02/2014)","","False","False","Rosja"
"9255684","RIVA","Crude Oil Tanker","(Cameroon False)","UNKNOWN","","2004","57301","105330","In Service/Commission","EVEREST SEA NAVIGATION SA","EVEREST SEA NAVIGATION SA","SEA VIKING SHIP MANAGEMENT","Lloyd's Register (IACS)","","34","","","RIVA (since 01/04/2026) | Golden Eagle (since 01/11/2023) | Minerva Zoe (since 01/03/2004)","Cameroon False (since 01/04/2026) | Not Known (since 01/12/2025) | Gambia (since 01/08/2025) | St.Kitts and Nevis (since 01/11/2023) | Liberia (since 01/09/2022) | Greece (during 2004)","5","2","EVEREST SEA NAVIGATION SA (since 20/11/2023) | ZOE SHIPOWNING SA (since 02/09/2022) | ZOE M ENE (during 2004) | DINAN CORP (during 2004)","","False","False","Rosja"
"9385831","LERUO","Oil Products Tanker","(Sierra leone)","9LS2023","","2010","28090","45951","In Service/Commission","NEXARYN BLUEWATER LTD","NEXARYN BLUEWATER LTD","NAVIGENIX SHIPMANAGEMENT LLC","Indian Register of Shipping (IACS)","","42","","","LERUO (since 01/07/2024) | Alcyone T (since 01/11/2018) | Pacific Vega (since 01/06/2010)","Sierra leone (since 01/07/2024) | Marshall Islands (since 01/11/2018) | Bahamas (since 01/06/2010)","2","2","NEXARYN BLUEWATER LTD (since 09/12/2025) | KEY MARVEL LTD (since 08/07/2024) | ALCYONE TANKERS LTD (since 21/11/2018) | NYK BULKSHIP ASIA PTE LTD (since 06/10/2011)","","False","False","Rosja"
"9292838","LISTIGA","Crude Oil Tanker","(Sierra leone)","9LS2026","","2005","32144","49000","In Service/Commission","ARZU EXPRESS INC","ARZU EXPRESS INC","NAUTICAL UNITY SHIPMANAGEMENT","Indian Register of Shipping (IACS)","","8","","","LISTIGA (since 01/07/2024) | Petronilla (since 01/05/2023) | Bahri Jasmine (since 01/10/2014) | Alnasl Star (since 01/04/2005)","Sierra leone (since 01/07/2024) | Panama (since 01/05/2023) | Saudi Arabia (since 01/05/2017) | Liberia (since 01/04/2005)","3","3","ARZU EXPRESS INC (since 17/07/2024) | PETRONILLA SHIPPING CO (since 30/05/2023) | NATIONAL SHPG CO SAUDI ARABIA (since 23/10/2014) | BAHRI OIL TRANSPORTATION (since 15/04/2005)","","False","False","Rosja"
"9166314","ASTORIA","Chemical/Oil Products Tanker","(Rosja)","UBYS2","","1999","8886","12712","In Service/Commission","TRINITY SHIPPING LLC-RUS","TRINITY SHIPPING LLC-RUS","TRINITY SHIPPING LLC-RUS","Rosjan Maritime Register of Shipping","","25","","","ASTORIA (during 1999)","Rosja (since 01/07/2019)","0","0","TRINITY SHIPPING LLC-RUS (since 02/07/2019) | VERITAS SHIPPING AB (since 06/03/2015)","","False","False","Rosja"
"9304629","CHENG HE","Crude Oil Tanker","(Cameroon)","TJMO66","","2007","83722","159395","In Service/Commission","SHUNYUAN SHIPMANAGEMENT CO LTD","SHUNYUAN SHIPMANAGEMENT CO LTD","SHUNYUAN SHIPMANAGEMENT CO LTD","Rosjan Maritime Register of Shipping","","30","","","CHENG HE (since 01/03/2024) | Raptor (since 01/12/2022) | Ridgebury Nicholas A (since 01/04/2014) | Rio Genoa (since 01/10/2007)","Cameroon (since 01/01/2026) | Not Known (since 01/10/2025) | Sao Tome and Principe (since 01/07/2025) | Panama (since 01/05/2024) | Belize (since 01/03/2024) | Liberia (since 01/12/2022) | Marshall Islands (since 01/04/2014) | Germany (since 01/04/2014) | Liberia (since 01/10/2007) | Germany (since 01/10/2007)","9","3","SHUNYUAN SHIPMANAGEMENT CO LTD (since 24/10/2025) | RAPTOR INC (since 22/12/2022) | RIDGEBURY ROMEO LLC (since 25/04/2014)","","False","False","Rosja"
"9585912","MARLIN","Chemical/Oil Products Tanker","(Rosja)","UBXS4","","2020","4701","7033","In Service/Commission","TRINITY SHIPPING LLC-RUS","TRINITY SHIPPING LLC-RUS","TRINITY SHIPPING LLC-RUS","Rosjan Maritime Register of Shipping","","9","","","MARLIN (since 01/08/2020)","Rosja (since 01/08/2020)","0","0","TRINITY SHIPPING LLC-RUS (since 20/08/2020)","","False","False","Rosja"
"9298595","DORRY","Chemical/Oil Products Tanker","(Cameroon)","TJMOE5","","2005","13685","21600","In Service/Commission","GRIGOR MARITIME CO SA","GRIGOR MARITIME CO SA","ARGOS NAUTES SHIPPING - FZCO","Registro Italiano Navale (IACS)","","21","","","DORRY (since 01/07/2025) | Java (since 01/11/2024) | Filicudi M (since 01/01/2005)","Cameroon (since 01/11/2025) | Not Known (since 01/11/2025) | Gambia (since 01/07/2025) | Not Known (since 01/06/2025) | Panama (since 01/11/2024) | Italy (since 01/02/2005)","5","2","GRIGOR MARITIME CO SA (since 22/07/2025) | REEF MARINE GROUP CORP (since 20/11/2024) | AUGUSTA DUE SRL (since 05/11/2015) | BRISSAC NAVEGACAO SOCIEDADE (since 06/03/2009) | BANSALEASE SA (since 28/09/2007) | AUGUSTA DUE SRL (since 01/12/2006) | BRISSAC (since 01/01/2004)","","False","False","Rosja"
"9299874","VIREL","Chemical/Oil Products Tanker","(Cameroon)","TJM0W5","","2005","29646","45998","In Service/Commission","VIREL MARITIME SERVICES & TRDG","EMT GEMI ISLETMECILIGI AS","EMT GEMI ISLETMECILIGI AS","Bureau Veritas (IACS)","","37","","","VIREL (since 01/07/2025) | Viper (since 01/03/2024) | Beks Rose (since 01/11/2023) | NCC Najd (since 01/10/2005)","Cameroon (since 01/11/2025) | Vanuatu (since 01/09/2025) | Palau (Republic of) (since 01/07/2025) | Panama (since 01/03/2024) | Marshall Islands (since 01/11/2023) | Saudi Arabia (since 01/12/2008) | Panama (since 01/10/2005)","6","3","VIREL MARITIME SERVICES & TRDG (since 29/12/2025) | VENCIA MARITIME & TRADING INC (since 17/09/2025) | VIREL MARITIME SERVICES & TRDG (since 09/07/2025) | VIPER MARITIME & TRADING LTD (since 01/01/2025) | ROSE MARITIME & TRADING INC (since 09/11/2023) | NATIONAL CHEMICAL CARRIERS CO (since 19/10/2005)","","False","False","Rosja"
"9306562","RHEIN","Crude Oil Tanker","(Cameroon)","TJMOT9","","2005","40038","69523","In Service/Commission","RHEIN MARITIME SERVICES & TRDG","EMT GEMI ISLETMECILIGI AS","EMT GEMI ISLETMECILIGI AS","Lloyd's Register (IACS)","","53","","","RHEIN (since 01/06/2025) | Pone (since 01/03/2024) | Beks Iron (since 01/03/2023) | Dhonoussa (since 01/09/2007) | LMZ Afroditi (since 01/06/2005)","Cameroon (since 01/01/2026) | Guinea-Bissau (since 01/03/2024) | Marshall Islands (since 01/02/2023) | Greece (since 01/09/2007) | Cyprus (since 01/06/2005)","4","4","RHEIN MARITIME SERVICES & TRDG (since 27/06/2025) | PONE MARITIME & TRADING LTD (since 19/09/2024) | IRON MARITIME & TRADING INC (since 30/03/2023) | AZURE NOVA SPRING CO LTD (since 15/09/2017) | DHONOUSSA SHIPPING CORP (since 07/09/2007)","","False","False","Rosja"
"8852784","VOLGO","General Cargo Ship","(Rosja)","UBEH2","","1980","3972","5258","In Service/Commission","SAMARA SHIPPING CO JSC","SAMARA SHIPPING CO JSC","SAMARA SHIPPING CO JSC","May 2026","","21","","","VOLGO-DON 5079 (since 01/05/2011) | Delaware (since 01/12/2004)","Rosja (since 01/05/2011) | Georgia (since 01/12/2004) | Cambodia (since 01/08/2000)","2","1","SAMARA SHIPPING CO JSC (since 25/05/2011)","","False","False","Rosja"
"7943287","ALEVTIN SHELKOVNIKOV","General Cargo Ship","(Cameroon)","TJMC8004","","1981","2478","3353","In Service/Commission","ILKANTRA ENTERPRISE LTD","MARLIN DENIZCILIK TEKNIK","MARLIN DENIZCILIK TEKNIK","May 2026","","70","","","ALEVTIN SHELKOVNIKOV (since 01/07/2019)","Cameroon (since 01/02/2026) | Rosja (since 01/08/2025) | Not Known (since 01/02/2025) | Panama (since 01/11/2017) | Cook islands (since 01/03/2016) | Moldova (since 01/06/2014) | Not Known (since 01/06/2014) | St.Kitts and Nevis (since 01/10/2009)","7","0","ILKANTRA ENTERPRISE LTD (since 04/02/2026) | KRECHET LLC (since 02/08/2025) | MARLIN DENIZCILIK TEKNIK (since 01/05/2021) | ILKANTRA ENTERPRISE LTD (since 21/08/2019) | SORMOVSKIY 118 LTD (since 21/09/2009)","","False","False","Rosja"
"8419635","SORMOVSKIY","General Cargo Ship","(Rosja)","UCVL","","1987","3041","3853","In Service/Commission","VOLGA SHIPPING JOINT STOCK","VOLGA SHIPPING JOINT STOCK","VOLGA SHIPPING JOINT STOCK","Rosjan Maritime Register of Shipping","","44","","","SORMOVSKIY-3057 (during 1987)","Rosja (during 1992)","0","0","VOLGA SHIPPING JOINT STOCK (since 10/07/2020)","","False","False","Rosja"
"9902196","PETROTRANS","General Cargo Ship","(Rosja)","UBDU8","","2020","6305","8141","In Service/Commission","PETROTRANS LLC","SC VT-CARGO LLC","SC VT-CARGO LLC","Rosjan Maritime Register of Shipping","","9","","","PETROTRANS-5903 (since 01/07/2020)","Rosja (since 01/07/2020)","0","0","PETROTRANS LLC (since 30/07/2020)","","False","False","Rosja"
"9875422","LYDIA V","General Cargo Ship","(Rosja)","UBSU7","","2020","6418","7867","In Service/Commission","LYDIA V SHIPPING LTD","SPSC LTD","TRAVELER SHIPPING LTD","Rosjan Maritime Register of Shipping","","4","","","LYDIA V (since 01/06/2020)","Rosja (since 01/04/2024) | Panama (since 01/02/2024) | Rosja (since 01/06/2020) | Liberia (since 01/06/2020)","3","0","LYDIA V SHIPPING LTD (since 13/06/2020)","","False","False","Rosja"
"8951396","DON STAR 6","General Cargo Ship","(Rosja)","UENP","","1987","2719","3555","In Service/Commission","ARGOEXPORT LLC","ARGOEXPORT LLC","ARGOEXPORT LLC","Rosjan Maritime Register of Shipping","","33","","","DON STAR 6 (since 01/10/2024) | Morozovsk (during 2019) | Kapitan Matveev (since 01/11/2001)","Rosja (since 01/08/2014) | Malta (since 01/08/2014) | Rosja (since 01/12/2003) | Malta (since 01/12/2003) | Rosja (since 01/07/2002) | Malta (since 01/11/2001)","5","2","ARGOEXPORT LLC (since 14/10/2024) | RODNIE POLYA LLC (since 03/07/2019) | VOLGA LLC-MOSCOW (since 23/11/2017) | BSBS LTD (since 04/08/2014) | ELMOR SHIPPING CO LTD (since 06/11/2001)","","False","False","Rosja"
"9584372","KAPITAN KRASNOV","General Cargo Ship","(Rosja)","UNKNOWN","","2011","4088","5458","In Service/Commission","VOLGA SHIPPING JOINT STOCK","VOLGA SHIPPING JOINT STOCK","VOLGA SHIPPING JOINT STOCK","Rosjan Maritime Register of Shipping","","0","","","KAPITAN KRASNOV (since 01/07/2011)","Rosja (since 01/07/2011)","0","0","","","False","False","Rosja"
"9448968","YURI KORCHAGIN","FSO, Oil","(Rosja)","UBQF8","","2009","20737","29556","In Service/Commission","LUKOIL-NIZHNEVOLZHSKNEFT OOO","LUKOIL-NIZHNEVOLZHSKNEFT OOO","UNKNOWN","November 2025","","0","","","YURI KORCHAGIN (since 01/08/2009)","Rosja (since 01/08/2009)","0","0","","","False","False","Rosja"
"8894536","AGINSKOYE","Bunkering Tanker","(Rosja)","UELR","","1983","1913","3075","In Service/Commission","LUKOIL-BUNKER","LUKOIL-BUNKER","SEA ENGINEERING LTD","April 2026","","2","","","AGINSKOYE (during 1982)","Rosja (since 01/06/2018)","0","0","LUKOIL-BUNKER (since 01/04/2008)","","False","False","Rosja"
"9454125","VICTORIA V","Bulk Carrier","(Rosja)","UAWA2","","2007","5087","7547","In Service/Commission","PKF SIBMARKET LLC","PKF SIBMARKET LLC","KRECHET LLC","Rosjan Maritime Register of Shipping","","33","","","VICTORIA V (since 01/03/2024) | Matrix (since 01/11/2007) | Universe 1 (during 2007)","Rosja (since 01/03/2024) | Panama (since 01/10/2021) | Italy (since 01/11/2007) | Belize (since 01/10/2007)","3","2","PKF SIBMARKET LLC (since 15/03/2024) | VIPIMA -SOCIETA DI NAVIGAZIONE (since 31/10/2007)","","False","False","Rosja"
"9612923","YULIY MAKARENKOV","Crude Oil Tanker","(Rosja)","UBJI2","","2013","4541","6707","In Service/Commission","VOLGOTRANS LLC","VOLGOTRANS LLC","SC VT-CARGO LLC","Rosjan Maritime Register of Shipping","","10","","","YULIY MAKARENKOV (since 01/05/2013)","Rosja (since 01/05/2013)","0","0","VOLGOTRANS LLC (since 26/12/2022) | MASHPROMLEASING JSC (since 27/11/2019) | GAZTECHLEASING LTD (since 01/05/2013) | MOSCOW RIVER SHIPPING CO (since 01/04/2013)","","False","False","Rosja"
"8943428","SMART","General Cargo Ship","(Rosja)","UFUO","","1987","2597","3038","In Service/Commission","BLUE WAVE SHIPPING LTD-MTA","BLUE WAVE SHIPPING INC","BLUE WAVE SHIPPING LTD-RUS","Rosjan Maritime Register of Shipping","","33","","","SMART (since 01/09/2009)","Rosja (since 01/09/2022) | Palau (Republic of) (since 01/09/2022) | Dominica (since 01/09/2022) | Rosja (since 01/03/2016) | Dominica (since 01/03/2016) | Cambodia (since 01/09/2009) | Rosja (since 01/01/2006)","6","0","BLUE WAVE SHIPPING LTD-MTA (since 08/09/2009)","","False","False","Rosja"
"9361976","OLIMPIADA","General Cargo Ship","(Rosja)","UGOM","","2006","2604","3689","In Service/Commission","DONMASTER SHIPPING CO","DONMASTER SHIPPING CO","DONMASTER SHIPPING CO","Rosjan Maritime Register of Shipping","","30","","","OLIMPIADA (since 01/03/2021) | Fair Wind (since 01/12/2016) | Ulus Wind (since 01/06/2006)","Rosja (since 01/03/2021) | Malta (since 01/03/2021) | Rosja (since 01/06/2006) | Malta (since 01/05/2006)","3","2","DONMASTER SHIPPING CO (since 22/03/2021) | ULUSMARINE CO LTD (since 06/06/2006)","","False","False","Rosja"
"9549281","NOVAYA ZEMLYA","Bulk Carrier","(Rosja)","UFNZ","","2009","15868","23645","In Service/Commission","MURMANSK SHIPPING CO","MURMANSK SHIPPING CO","BALTIC FREIGHT GROUP LTD","Rosjan Maritime Register of Shipping","","21","","","NOVAYA ZEMLYA (since 01/04/2009) | North Way (since 01/03/2009)","Rosja (since 01/04/2009) | Cyprus (since 01/03/2009)","1","1","MURMANSK SHIPPING CO (since 02/04/2009) | NW MARINE ENGINEERING LTD (since 24/03/2009)","","False","False","Rosja"
"7005554","NEMAN","General Cargo Ship","(Rosja)","UAQT","","1969","2481","3355","In Service/Commission","PSC LTD","PLAZA SHIPPING OOO","PLAZA SHIPPING OOO","May 2026","","16","","","NEMAN (since 01/08/2022)","Rosja (since 01/12/2008)","0","0","PSC LTD (during 05/2011) | ZEMLAND SHIPPING LTD (since 31/10/2008)","","False","False","Rosja"
"9275660","AEGIS","Crude Oil Tanker","(Tonga False)","UNKNOWN","","2004","42172","70616","In Service/Commission","FINE SANMATA SHIPPING CO LTD","FINE SANMATA SHIPPING CO LTD","UNKNOWN","May 2026","","39","","","AEGIS (since 01/09/2025) | Roc (since 01/09/2024) | Htm Conqueror (since 01/08/2024) | Conqueror (since 01/09/2019) | Energy Conqueror (since 01/05/2004)","Tonga False (since 01/09/2025) | Not Known (since 01/05/2025) | Panama (since 01/09/2024) | Gibraltar (since 01/11/2023) | Marshall Islands (since 01/11/2023) | Gibraltar (since 01/10/2019) | Marshall Islands (since 01/09/2019) | Isle of Man (since 01/05/2004)","7","4","FINE SANMATA SHIPPING CO LTD (since 05/09/2024) | NEEDLETAIL SHIPPING LTD (since 21/11/2023) | CLR1 LLC (since 16/09/2019)","","False","False","Rosja"
"9171448","IMPALAS","Crude Oil Tanker","(Not Known)","UNKNOWN","","1999","157833","299167","In Service/Commission","EMBRACE QUE LTD","SHUNXIANG SHIP MANAGEMENT LTD","SHUNXIANG SHIP MANAGEMENT LTD","May 2026","","18","","","IMPALAS (since 01/12/2019) | Maran Callisto (since 01/05/2009) | Astro Callisto (since 01/03/2003)","Not Known (since 01/05/2025) | Sao Tome and Principe (since 01/05/2024) | Not Known (since 01/04/2024) | Panama (since 01/12/2019) | Marshall Islands (since 01/06/2019) | Greece (since 01/04/2003)","5","2","EMBRACE QUE LTD (since 22/10/2024) | RAVEN LTD (since 30/06/2021) | IMPALA SHIPPING LTD-HKG (since 06/12/2019) | LOBECCA SHIPTRADE CORP (since 13/06/2019) | CALLISTO ENE (since 03/02/2004) | ALNUS MARINE LTD (since 16/04/2003)","","False","False","Rosja"
"9256987","STAR TWINKLE 6","Crude Oil Tanker","(Not Known)","UNKNOWN","","2004","160247","314000","In Service/Commission","STAR TWINKLE SHIPPING LTD","STAR TWINKLE SHIPPING LTD","UNKNOWN","May 2026","","12","","","STAR TWINKLE 6 (since 01/01/2024) | C. Emperor (since 01/03/2004)","Not Known (since 01/05/2025) | Panama (since 01/01/2024) | Korea (Republic of) (since 01/08/2019) | Panama (since 01/03/2004)","3","1","STAR TWINKLE SHIPPING LTD (since 19/01/2024) | SK SHIPPING CO LTD-KRS (during 09/2019)","","False","False","Rosja"
"8727941","KAPITAN PSHENITSIN","Oil Products Tanker","(Rosja)","UEBQ","","1987","4407","5596","In Service/Commission","MORFLOT LLC","DONNEFTETRANS LTD","DONNEFTETRANS LTD","Rosjan Maritime Register of Shipping","","4","","","KAPITAN PSHENITSIN (during 1997)","Rosja (during 1997)","0","0","MORFLOT LLC (since 21/09/2016) | TRANS-SERVICE LTD (since 27/05/2013)","","False","False","Rosja"
"9288992","SUZDAL","Oil Products Tanker","(Rosja)","UFZV","","2003","4378","5600","In Service/Commission","ASTRONAVT","NAVIGATOR LLC-RUS","SHIPPING COMPANY NAVIGATOR LLC","Rosjan Maritime Register of Shipping","","3","","","SUZDAL (during 2003)","Rosja (since 01/06/2005) | Rosja (since 01/02/2004) | Malta (during 2003)","2","0","ASTRONAVT (during 06/2005)","","False","False","Rosja"
"9265744","RESTON","Crude Oil Tanker","(Cameroon)","TJ4HG","","2003","61991","115482","In Service/Commission","OCEANIC ORBIT INC","PRO MISSION SDN BHD","PRO MISSION SDN BHD","Bureau Veritas (IACS)","","55","","","RESTON (since 01/11/2024) | Evershine (since 01/12/2022) | Chao Xing (since 01/09/2021) | Sea Vixen (since 01/04/2021) | Violeta (since 01/03/2020) | Atlas Voyager (since 01/02/2008) | Fucsia (since 01/11/2003)","Cameroon (since 01/05/2023) | Gabon (since 01/12/2022) | Togo (since 01/08/2021) | Not Known (since 01/05/2021) | Tanzania (since 01/04/2021) | Not Known (since 01/03/2021) | St.Kitts and Nevis (since 01/03/2020) | Marshall Islands (since 01/02/2008) | Netherlands (since 01/02/2008) | Liberia (since 01/01/2006) | Netherlands (since 01/01/2006) | Liberia (since 01/11/2003)","11","6","OCEANIC ORBIT INC (since 01/11/2024) | TAI SHAN SHIPPING INC (since 26/12/2022) | VOYAGER TRADING SA (since 05/02/2008)","","False","False","Rosja"
"9250907","RANI","Crude Oil Tanker","(Not Known)","UNKNOWN","","2003","58166","107123","In Service/Commission","STARBOARD SHIPPING INC-PAN","STARBOARD SHIPPING INC-PAN","SHANGHAI RAINBOW SHIPPING CO","May 2026","","30","","","RANI (since 01/12/2020) | Eagle Trenton (since 01/05/2003)","Not Known (since 01/04/2025) | Panama (since 01/12/2020) | Not Known (since 01/12/2020) | Singapore (since 01/05/2003)","3","1","STARBOARD SHIPPING INC-PAN (since 18/09/2024) | RANI SHIPPING LINE INC (since 03/12/2020) | AET INC PTE LTD (since 09/05/2003)","","False","False","Rosja"
"9242120","TIANMA","Crude Oil Tanker","(Mozambique False)","UNKNOWN","","2003","62254","113033","In Service/Commission","CIVIC CAPITAL SHIPPING INC","BONHEUR SHIPPING LTD","UNKNOWN","Registro Italiano Navale (IACS)","","55","","","TIANMA (since 01/10/2025) | Nyantara (since 01/12/2022) | Rossoneri (since 01/01/2021) | Shawna (since 01/02/2020) | Aquanaut (since 01/05/2018) | Hs Carmen (since 01/08/2006) | Avor (since 01/08/2003)","Mozambique False (since 01/04/2026) | Tonga False (since 01/10/2025) | Not Known (since 01/04/2025) | Panama (since 01/12/2022) | Togo (since 01/01/2021) | St.Kitts and Nevis (since 01/02/2020) | Marshall Islands (since 01/05/2018) | Germany (since 01/05/2018) | Liberia (since 01/08/2006) | Germany (since 01/08/2006) | Malta (since 01/08/2003)","10","6","CIVIC CAPITAL SHIPPING INC (since 11/09/2024) | SHAWNA SHIPPING LINE INC (since 24/02/2020) | HS CARMEN MBH & CO KG (since 29/08/2006) | AVOR NAVIGATION LTD (since 01/08/2003)","","False","False","Rosja"
"9190078","VALIANT ROAR","Chemical/Oil Products Tanker","(Aruba False)","UNKNOWN","","1999","8594","13754","In Service/Commission","GLORY INTERNATIONAL FZ-LLC","GLORY INTERNATIONAL FZ-LLC","GLORY INTERNATIONAL FZ-LLC","DNV-GL (ex DNV) (IACS)","","42","","","VALIANT ROAR (since 01/08/2025) | Global Ace (since 01/07/2020) | Rhona (since 01/03/2016) | Rhodes Sun (since 01/04/2015) | Liquid Gold (since 01/11/2009)","Aruba False (since 01/08/2025) | Not Known (since 01/04/2025) | Panama (since 01/03/2016) | Liberia (since 01/11/2009)","3","4","GLORY INTERNATIONAL FZ-LLC (since 30/07/2020) | BARNES NAVIGATION LTD (since 17/03/2016)","","False","False","Rosja"
"9311309","GLOBAL ANGEL","Oil Products Tanker","(Not Known)","UNKNOWN","","2003","7034","10000","In Service/Commission","GLOBAL LADY SHIPPING LINES INC","GLORY INTERNATIONAL FZ-LLC","GLORY INTERNATIONAL FZ-LLC","March 2026","","28","","","GLOBAL ANGEL (since 01/08/2020) | Aulac Dragon (since 01/06/2003) | Dong Hai 202 (since 01/06/2003)","Not Known (since 01/04/2025) | Panama (since 01/08/2020) | Vietnam (since 01/06/2003)","2","2","GLOBAL LADY SHIPPING LINES INC (since 13/08/2020) | AULAC CORP (since 25/06/2003) | NINGBO DONGHAI SHPG CO LTD (during 06/2003)","","False","False","Rosja"
"9005338","AVENGER BOW","Asphalt/Bitumen Tanker","(Aruba False)","UNKNOWN","","1991","4098","6616","In Service/Commission","ASPHALT SHIPPING LINES INC","GLORY INTERNATIONAL FZ-LLC","GLORY INTERNATIONAL FZ-LLC","May 2026","","39","","","AVENGER BOW (since 01/07/2025) | Global Asphalt (since 01/08/2018)","Aruba False (since 01/07/2025) | Not Known (since 01/04/2025) | Panama (since 01/05/2020) | Panama (since 01/08/2018)","3","1","ASPHALT SHIPPING LINES INC (since 21/08/2018)","","False","False","Rosja"
"9221267","OCEANA KAI","Chemical/Oil Products Tanker","(Aruba False)","UNKNOWN","","2001","9980","14796","In Service/Commission","EVEREST SHIPPING LINES INC","GLORY INTERNATIONAL FZ-LLC","GLORY INTERNATIONAL FZ-LLC","May 2026","","25","","","OCEANA KAI (since 01/12/2025) | Global Beauty (since 01/05/2021) | Ternvik (since 01/11/2009) | Tarnvik (during 2001)","Aruba False (since 01/12/2025) | Not Known (since 01/04/2025) | Panama (since 01/09/2024) | Palau (Republic of) (since 01/07/2024) | Cook islands (since 01/05/2021) | Denmark (DIS) (since 01/05/2001) | Sweden (since 01/05/2001)","6","3","EVEREST SHIPPING LINES INC (since 24/05/2021) | TERNTANK REDERI A/S (since 21/06/2001)","","False","False","Rosja"
"9113094","SIMBA V","Crude Oil Tanker","(Aruba False)","UNKNOWN","","1996","7463","12913","In Service/Commission","PEAK SHIPPING LINES INC","GLORY INTERNATIONAL FZ-LLC","GLORY INTERNATIONAL FZ-LLC","DNV (IACS)","","10","","","SIMBA V (since 01/08/2025) | Global Crest (since 01/06/2021) | Fly Seal (since 01/03/2016)","Aruba False (since 01/08/2025) | Not Known (since 01/04/2025) | Panama (since 01/06/2021) | Dominica (since 01/06/2014)","3","2","PEAK SHIPPING LINES INC (since 19/07/2021) | AN HE SHIPPING PTE LTD (since 07/03/2016) | YONG AN SHIPPING SA (since 05/08/2015)","","False","False","Rosja"
"9309227","ELIAH","Chemical/Oil Products Tanker","(Aruba False)","UNKNOWN","","2006","17757","24853","In Service/Commission","DIGNITY SHIPPING LINES INC","ELITE SHIPPING & TRADING FZC","UNKNOWN","DNV (IACS)","","17","","","ELIAH (since 01/08/2025) | Global Dignity (since 01/12/2021) | Bit Okland (since 01/12/2006)","Aruba False (since 01/08/2025) | Not Known (since 01/04/2025) | Panama (since 01/12/2021) | Sweden (since 01/12/2006)","3","2","DIGNITY SHIPPING LINES INC (since 07/12/2021) | TARBIT SHIPPING AB (before 08/2009)","","False","False","Rosja"
"9309007","NORDIC","Crude Oil Tanker","(Liberia)","5LBM4","","2006","40698","72247","In Service/Commission","SCORPIUS CORP","IMS SA","IMS SA","Bureau Veritas (IACS)","","41","","","NORDIC (since 01/02/2023) | Chemtrans Saturn (since 01/06/2021) | Despina (since 01/03/2006)","Liberia (since 01/02/2023) | Germany (since 01/02/2023) | Liberia (since 01/06/2021) | Germany (since 01/06/2021) | Greece (since 01/03/2006)","4","2","SCORPIUS CORP (since 21/02/2023) | CHEMTRANS SATURN UG (since 24/06/2021) | SAN MICHAEL INVESTMENT CORP (before 09/2018) | SAN MICHAEL INVESTMENT CORP (since 15/03/2006)","","False","False","Rosja"
"9315745","MARQUISE","Chemical/Oil Products Tanker","(Cameroon)","TJM03V","","2006","23303","37662","In Casualty Or Repairing","SEA CHEETAH HOLDING J LTD","SPIKOIL DMCC","SPIKOIL DMCC","Lloyd's Register (IACS)","","44","","","MARQUISE (since 01/11/2023) | Chemtrans Leo (since 01/05/2022) | Seaways Cape Horn (since 01/11/2021) | Agisilaos (since 01/08/2006)","Cameroon (since 01/11/2025) | Vanuatu (since 01/10/2025) | Barbados (since 01/11/2024) | Gabon (since 01/02/2024) | Liberia (since 01/11/2023) | Germany (since 01/11/2023) | Liberia (since 01/05/2022) | Germany (since 01/05/2022) | Marshall Islands (since 01/08/2006)","8","3","SEA CHEETAH HOLDING J LTD (since 18/03/2026) | SEA CHEETAH HOLDING A LTD (since 26/11/2025) | CHEMTRANS LEO UG (since 27/05/2022) | POLARWIND MARITIME SA (since 16/08/2006)","","False","False","Rosja"
"9374416","CHEM NICHOLAS","Chemical/Oil Products Tanker","(Liberia)","A8MS5","","2007","24112","38396","In Service/Commission","FENIX ENTERPRISES SA","FENIX ENTERPRISES SA","EXECUTIVE SHIP MANAGEMENT","Registro Italiano Navale (IACS)","","57","","","CHEM NICHOLAS (since 01/12/2012) | Spruce 1 (since 01/06/2012) | Beth (since 01/08/2007)","Liberia (since 01/08/2007)","0","2","FENIX ENTERPRISES SA (since 20/12/2012) | SPRUCE TANKERS INC (since 29/06/2012)","","False","False","Rosja"
"9621558","KARAKUZ","Oil Products Tanker","(Rosja)","UBAJ2","","2013","4531","6640","In Service/Commission","NAFTA-INVEST LLC","NAFTA-INVEST LLC","CONARO SHIPPING JSC","Rosjan Maritime Register of Shipping","","17","","","KARAKUZ (since 01/02/2019) | Almetyevsk (since 01/01/2013)","Rosja (since 01/01/2013)","0","1","NAFTA-INVEST LLC (since 20/11/2020) | AK BARS LEASING JSC (since 26/03/2013)","","False","False","Rosja"
"1041348","VICTORIA K","General Cargo Ship","(Rosja)","UALA7","","2020","5089","7900","In Service/Commission","PKF SIBMARKET LLC","PKF SIBMARKET LLC","KRECHET LLC","Rosjan Maritime Register of Shipping","","6","","","VICTORIA K (since 01/03/2024) | Fu Ru (since 01/12/2023) | Xiang Yi Shun (since 01/09/2020)","Rosja (since 01/06/2024) | Panama (since 01/03/2024) | China Peoples's Republic (since 01/03/2024) | Panama (since 01/12/2023) | China Peoples's Republic (since 01/09/2020)","4","2","PKF SIBMARKET LLC (since 05/09/2024) | SNL LOGISTICS LTD (since 11/03/2024) | ZHOUSHAN LANGSONG SHIPPING CO (since 04/12/2023)","","False","False","Rosja"
"9397456","HANNA","Chemical/Oil Products Tanker","(Panama)","3E6847","","2008","29968","51308","In Service/Commission","OCEANIC FUEL & PETROLEUM LTD","OCEANIC FUEL & PETROLEUM LTD","MNS MARINE INDIA LLP","Bureau Veritas (IACS)","","54","","","HANNA (since 01/09/2024) | Alithini II (since 01/09/2021) | Hellas Explorer (since 01/09/2012) | STI Coral (since 01/05/2011) | Blue Coral (since 01/01/2008)","Panama (since 01/09/2024) | Malta (since 01/09/2021) | Greece (since 01/09/2012) | Marshall Islands (since 01/05/2011) | Singapore (since 01/01/2008)","4","4","OCEANIC FUEL & PETROLEUM LTD (since 24/09/2024) | GARDENIA SHIPTRADE SA (since 27/09/2021) | BAUMA TRADING CORP (since 11/09/2012)","","False","False","Rosja"
"9314179","FLINT WIND","Oil Products Tanker","(Guinea-Bissau)","J5AZ8","","2007","42684","73673","In Service/Commission","SEAORA MARITIME SA","SEAORA MARITIME SA","SHARD SHIPMANAGEMENT LTD","May 2026","","45","","","FLINT WIND (since 01/12/2025) | Lion S (since 01/04/2023) | Lorelei (since 01/08/2013) | Juniper 4 (since 01/03/2013) | Omega Theodore (since 01/04/2007)","Guinea-Bissau (since 01/12/2025) | Honduras (since 01/07/2024) | Cook islands (since 01/03/2023) | Marshall Islands (since 01/08/2013) | Liberia (since 01/04/2007)","4","4","SEAORA MARITIME SA (since 31/12/2025) | ENIGMA LOGISTICS FZ-LLC (since 09/07/2025) | NAUTICAL FZE (since 28/08/2023) | COBER FZCO (since 30/03/2023) | PST ENERGY 4 SHIPPING LLC (since 29/08/2013)","","False","False","Rosja"
"9274082","TM HAI HA 568","Chemical/Oil Products Tanker","(Vietnam)","XVOC7","","2004","25420","40058","In Service/Commission","HAI HA WATERWAY TRANS CO LTD","HA TRANG PETROL TRANSPORTATION","HA TRANG PETROL TRANSPORTATION","May 2026","","26","","","TM HAI HA 568 (since 01/12/2017) | Torea (since 01/12/2007) | Nyathi (since 01/06/2004)","Vietnam (since 01/03/2019) | Marshall Islands (since 01/10/2017) | Singapore (since 01/07/2016) | New Zealand (since 01/12/2007) | United Kingdom (since 01/01/2002)","4","2","HAI HA WATERWAY TRANS CO LTD (since 08/12/2017)","","False","False","Rosja"
"9408542","LING HONG","Crude Oil Tanker","(Panama)","3E8292","","2008","62982","109250","In Service/Commission","LINGHONG SHIPPING LTD","LINGHONG SHIPPING LTD","ANMEI SHIPS CO LTD","Korean Register (IACS)","","39","","","LING HONG (since 01/01/2025) | Suvretta (since 01/10/2008) | Nordic Bay (since 01/08/2008)","Panama (since 01/01/2025) | Greece (since 01/10/2008) | Marshall Islands (since 01/10/2008)","2","2","LINGHONG SHIPPING LTD (since 08/01/2025) | SUVRETTA TRANSPORTATION CORP (since 17/07/2015) | SUVRETTA TRANSPORTATION CORP (since 28/08/2012)","","False","False","Rosja"
"8877253","GRAND","General Cargo Ship","(Rosja)","UEPI","","1974","2516","2863","In Service/Commission","TRANSINTERSHIPPING LLC","TRANSINTERSHIPPING LLC","UNKNOWN","May 2026","","62","","","GRAND (since 01/07/1997)","Rosja (since 01/05/2017) | St.Kitts and Nevis (since 01/10/2007)","1","0","TRANSINTERSHIPPING LLC (before 07/2017)","","False","False","Rosja"
"8920945","GERMES","Tug","(Rosja)","UBAI6","","1990","220","149","In Service/Commission","TEXRON FINANCE LTD","RIVER SEA MANAGEMENT CO LTD","UNKNOWN","May 2026","","4","","","GERMES (since 01/09/2011)","Rosja (since 01/07/2019) | Not Known (since 01/02/2019) | Belize (since 01/01/2012) | Rosja (since 01/01/2012) | Belize (since 01/09/2011) | Croatia (since 01/07/2008)","5","0","RIVER-SEA SHIPPING AGENCY (since 12/09/2011) | TEXRON FINANCE LTD (since 12/09/2011) | BRODOSPAS DD (since 01/01/2009)","","False","False","Rosja"
"9077575","KAPITAN YAKOVLEV","General Cargo Ship","(Rosja)","UBDO2","","1996","4998","4678","In Service/Commission","SHIPLINE FOUR LTD","NORTHERN SHIPPING CO","NORTHERN SHIPPING CO","Rosjan Maritime Register of Shipping","","47","","","KAPITAN YAKOVLEV (since 01/11/1996)","Rosja (since 01/01/2017) | Malta (since 01/01/2017) | Rosja (since 01/11/2015)","2","0","SHIPLINE FOUR LTD (since 12/11/1996)","","False","False","Rosja"
"8881369","OLEG PERVAK","Oil Products Tanker","(Rosja)","UIRP","","1983","2871","3794","In Service/Commission","SBK DOLINA LLC","ENEYA LLC","ENEYA LLC","Rosjan Maritime Register of Shipping","","2","","","OLEG PERVAK (since 01/11/2021) | Brothers-11 (since 01/03/2006)","Rosja (since 01/08/2010) | Malta (since 01/01/2006) | Rosja (since 01/01/2006) | Malta (since 01/01/2006)","3","1","SBK DOLINA LLC (since 28/11/2021) | PALMALI CO LTD (since 18/08/2010) | IRTYSH SHIPPING CO JSC (since 01/01/2001)","","False","False","Rosja"
"8743763","MARIO PRIMO","Pipe-Layer","(Rosja)","UBQP2","","2007","1148","1249","In Service/Commission","OTEKO-TERMINAL LLC","OTEKO-TERMINAL LLC","UNKNOWN","Registro Italiano Navale (IACS)","","2","","","MARIO PRIMO (since 01/10/2007)","Rosja (since 01/04/2017) | Belize (since 01/08/2016) | Italy (since 01/10/2007)","2","0","OTEKO-TERMINAL LLC (since 03/08/2016)","","False","False","Rosja"
"1059979","HENG YANG 9","Container Ship","(Panama)","3E5304","","2012","8009","10542","In Service/Commission","GUANGXI CHANGHAI SHIPPING CO","GUANGXI CHANGHAI SHIPPING CO","GUANGXI CHANGHAI SHIPPING CO","Overseas Marine Certification Services","","14","","","HENG YANG 9 (since 01/04/2024) | Kai Hang 1 (since 01/06/2012)","Panama (since 01/04/2024) | China Peoples's Republic (since 01/06/2012)","1","1","GUANGXI CHANGHAI SHIPPING CO (since 01/04/2024) | BEIHAI KAIHAI SHIPPING CO (since 01/06/2012)","","False","False","Rosja"
"8647751","ELENA II","Passenger/Ro-Ro Ship (vehicles)","(Not Known)","UNKNOWN","","2009","1353","247","In Service/Commission","VENGA MARITIME CORP","VENGA MARITIME CORP","UNKNOWN","May 2024","","0","","","ELENA II (since 01/03/2024) | Elena A (during 2009) | Ag Fanouiros I (during 2009)","Not Known (since 01/05/2024) | Togo (since 01/03/2024) | Greece (since 01/07/2009)","2","2","","","False","False","Rosja"
"9942407","VYACHESLAV PAYSHCHIKOV","General Cargo Ship","(Rosja)","UBLY2","","2024","6319","8126","In Service/Commission","BALTIC SHIPPING COMPANY LLC","BALTIC SHIPPING COMPANY LLC","BALTIC SHIPPING COMPANY LLC","Rosjan Maritime Register of Shipping","","2","","","VYACHESLAV PAYSHCHIKOV (since 01/02/2024)","Rosja (since 01/02/2024)","0","0","BALTIC SHIPPING COMPANY LLC (since 15/05/2025) | STELLAR SHIPPING JSC (since 26/02/2024)","","False","False","Rosja"
"8719425","STK","General Cargo Ship","(Rosja)","UBEQ","","1987","1408","1460","In Service/Commission","REMOTE MARINE TERMINAL LLC","REMOTE MARINE TERMINAL LLC","REMOTE MARINE TERMINAL LLC","Rosjan Maritime Register of Shipping","","15","","","STK-1031 (during 1987)","Rosja (during 1991)","0","0","","","False","False","Rosja"
"9598880","ZHIBEK ZHOLY","General Cargo Ship","(Kazakhstan)","UNIJ","","2016","5686","7146","In Service/Commission","KTZ EXPRESS SHIPPING TOO","KTZ EXPRESS SHIPPING TOO","KTZ EXPRESS SHIPPING TOO","Rosjan Maritime Register of Shipping","","18","","","Neva-Leader 8 (since 01/09/2016) | ZHIBEK ZHOLY (since 01/09/2016)","Kazakhstan (since 01/06/2023) | Not Known (since 01/12/2022) | Rosja (since 01/10/2019) | Kazakhstan (since 01/06/2019) | Rosja (since 01/06/2017) | Kazakhstan (since 01/09/2016)","5","1","KTZ EXPRESS SHIPPING TOO (since 27/06/2017) | KTZ EXPRESS JSC (since 29/09/2016)","","False","False","Rosja"
"7945869","SORMOVO 2","General Cargo Ship","(Rosja)","UFDH","","1981","2491","3111","In Service/Commission","SORMOVO SHIP LLC","OSS LTD","OSS LTD","Rosjan Maritime Register of Shipping","","48","","","SORMOVO 2 (since 01/12/2013) | Savite (since 01/05/2011)","Rosja (since 01/12/2013) | St Vincent and Grenadines (since 01/05/2011)","1","1","SORMOVO SHIP LLC (during 05/2014)","","False","False","Rosja"
"8841656","VOLGO","General Cargo Ship","(Rosja)","UDCK","","1978","2516","3187","In Service/Commission","TD KASPIYSKIY","LADOGA LTD","SOUTH STREAM LLC","Rosjan Maritime Register of Shipping","","35","","","VOLGO-BALT 216 (during 1978)","Rosja (since 01/03/2015)","0","0","TD KASPIYSKIY (since 09/02/2019) | DONMASTER SHIPPING CO (before 06/2009) | DONMASTER CO LTD (since 09/02/2009) | ORION SHIPPING CO (since 01/12/2007)","","False","False","Rosja"
"8230443","VOLGO","General Cargo Ship","(Rosja)","UHZC","","1981","2516","3180","In Service/Commission","DONMASTER SHIPPING CO","DONMASTER CO LTD","DONMASTER SHIPPING CO","Rosjan Maritime Register of Shipping","","39","","","VOLGO-BALT 230 (during 1981)","Rosja (since 01/09/2015)","0","0","DONMASTER SHIPPING CO (before 08/2015)","","False","False","Rosja"
"8230510","VOLGO","General Cargo Ship","(Rosja)","UIBV","","1983","2516","3491","In Service/Commission","SILVERLINE SHIPPING LLC","SILVERLINE SHIPPING LLC","SILVERLINE SHIPPING LLC","Rosjan Maritime Register of Shipping","","41","","","VOLGO-BALT 237 (during 1983)","Rosja (during 1992)","0","0","SILVERLINE SHIPPING LLC (during 03/2015)","","False","False","Rosja"
"9247376","MARIEL","Crude Oil Tanker","(Sierra leone)","9LS2128","","2002","83616","159924","In Service/Commission","KRIVET SHARDLINE LTD","KRIVET SHARDLINE LTD","VISTA VVAVE SHIPMANAGEMENT LLC","Rosjan Maritime Register of Shipping","","25","","","MARIEL (since 01/03/2025) | Melogy (since 01/03/2021) | Camerona (since 01/10/2020) | Alterego II (since 01/09/2007) | Yannis P. (since 01/06/2002)","Sierra leone (since 01/03/2025) | Vietnam (since 01/10/2020) | Liberia (since 01/09/2007) | Greece (since 01/06/2002)","3","4","KRIVET SHARDLINE LTD (since 02/04/2026) | TRANSNOVA SERVICES LTD (since 17/03/2025) | THANG LONG GAS CO LTD (since 27/10/2020) | CALVERT DEVELOPMENT CORP (since 24/09/2007)","","False","False","Rosja"
"9389095","TRIUMF","Crude Oil Tanker","(Rosja)","UAYD9","","2009","58667","106741","In Service/Commission","JEEVA SHIPPING LTD","JEEVA SHIPPING LTD","UNKNOWN","Rosjan Maritime Register of Shipping","","25","","","TRIUMF (since 01/12/2025) | Minion (since 01/02/2025) | Mindoro (since 01/06/2009)","Rosja (since 01/12/2025) | Sierra leone (since 01/07/2025) | Panama (since 01/02/2025) | Malta (since 01/03/2017) | Greece (since 01/06/2009)","4","2","JEEVA SHIPPING LTD (since 21/02/2025) | ARCTIC BAY MARINE CORP (since 17/06/2009)","","False","False","Rosja"
"9247429","INDRI","Crude Oil Tanker","(Sierra leone)","9LS2194","","2003","79668","151848","In Service/Commission","VEYRONDA SEABORNE LTD","VEYRONDA SEABORNE LTD","STELLAR SHIP SOLUTIONS LLC","Indian Register of Shipping (IACS)","","44","","","INDRI (since 01/02/2025) | Zeno I (since 01/07/2024) | Zeno (since 01/12/2018) | European Spirit (since 01/09/2003)","Sierra leone (since 01/07/2025) | Panama (since 01/07/2024) | Liberia (since 01/12/2018) | Bahamas (during 2003)","3","3","VEYRONDA SEABORNE LTD (since 09/12/2025) | HIPPOCAMP VENTURE LTD (since 25/02/2025) | ZENO INTERNATIONAL SHIPPING SA (since 05/12/2018)","","False","False","Rosja"
"9624316","AURA","Chemical/Oil Products Tanker","(Rosja)","UBDJ5","","2012","5160","7334","In Service/Commission","PB NORGE AS","PRIME SHIPPING LLC-RUS","PRIME SHIPPING LLC-RUS","Rosjan Maritime Register of Shipping","","19","","","AURA (since 01/09/2012)","Rosja (since 01/04/2023) | Malta (since 01/04/2023) | Rosja (since 01/11/2012) | Malta (since 01/09/2012)","3","0","PB NORGE AS (since 27/09/2012)","","False","False","Rosja"
"9256028","SEGINUS","Oil Products Tanker","(Cameroon)","TJMR16","","2003","39085","68439","In Service/Commission","TRU MARINE LTD","TRU MARINE LTD","TRACE MARINE SHIPPING SA","May 2026","","46","","","SEGINUS (since 01/11/2023) | B Eva (since 01/08/2022) | Inca (since 01/03/2003)","Cameroon (since 01/11/2025) | Not Known (since 01/07/2025) | Panama (since 01/09/2024) | Djibouti (since 01/08/2022) | Marshall Islands (since 01/07/2020) | Cyprus (since 01/07/2013) | Greece (during 2003)","6","2","TRU MARINE LTD (since 01/11/2025) | HIGH NOON MARITIME LTD (since 14/11/2023) | FREEPORT FAITH SA (since 07/12/2006)","","False","False","Rosja"
"9766073","NIKOLAY GAMAYUNOV","Oil Products Tanker","(Palau (Republic of))","T8A4923","","2016","4577","6183","In Service/Commission","INFIN LLC","INFIN LLC","IMT-SHIPPING LLC","Rosjan Maritime Register of Shipping","","10","","","NIKOLAY GAMAYUNOV (since 01/01/2016)","Palau (Republic of) (since 01/09/2024) | Rosja (since 01/08/2017) | Rosja (since 01/08/2017) | Marshall Islands (since 01/07/2016) | Rosja (since 01/01/2016)","4","0","INFIN LLC (since 29/01/2016)","","False","False","Rosja"
"9766085","NIKOLAY VELIKIY","Oil Products Tanker","(Rosja)","UBBR7","","2018","4577","6166","In Service/Commission","INFIN LLC","INFIN LLC","IMT-SHIPPING LLC","Rosjan Maritime Register of Shipping","","3","","","NIKOLAY VELIKIY (since 01/10/2018)","Rosja (since 01/10/2018)","0","0","INFIN LLC (since 30/10/2018)","","False","False","Rosja"
"9276597","JING HAI","Crude Oil Tanker","(Barbados)","8PPC","","2004","58193","103755","In Service/Commission","HONG KONG JING HAI SHIPPING","NAVISTAR MARITIME LTD","NAVISTAR MARITIME LTD","Indian Register of Shipping (IACS)","","46","","","JING HAI (since 01/10/2025) | Minerva Lisa (since 01/09/2004)","Barbados (since 01/10/2025) | Liberia (since 01/06/2023) | Greece (since 01/09/2004)","2","1","HONG KONG JING HAI SHIPPING (since 15/10/2025) | LISA SHIPOWNING SA (since 19/06/2023) | LISA ENE (since 23/03/2005) | ARMATA MARINE INC-LIB (during 2004)","","False","False","Rosja"
"9228538","ALOR 2","Container Ship","(Iran)","EPA6476","","2001","30024","36003","In Service/Commission","ALLAHVEYSIAN H","AVA TARABAR DARYA CO LTD","UNKNOWN","Bureau Veritas (IACS)","","39","","","ALOR 2 (since 01/09/2025) | Ace (since 01/06/2022) | Chief (since 01/11/2008) | CSCL Kelang (since 01/11/2001) | Chief (during 2001)","Iran (since 01/03/2026) | Aruba False (since 01/09/2025) | St Vincent and Grenadines (since 01/08/2021) | Cameroon (since 01/10/2020) | Not Known (since 01/06/2020) | Comoros (since 01/05/2020) | Not Known (since 01/03/2020) | Panama (since 01/02/2018) | Germany (since 01/02/2018) | Antigua and Barbuda (since 01/08/2004) | Germany (since 01/08/2004) | Hong Kong, China (since 01/11/2001) | Germany (since 01/11/2001)","12","4","ALLAHVEYSIAN H (since 28/03/2026) | RPTD SOLD UNDISCLOSED INTEREST (since 30/07/2025) | CHIEF MBH & CO KG (since 01/08/2004) | CHIEF MBH & CO KG (since 26/11/2001)","","False","False","Rosja"
"9303754","RAMA 3","Container Ship","(Guyana False)","UNKNOWN","","2006","35581","44053","In Service/Commission","RPTD SOLD UNDISCLOSED INTEREST","RPTD SOLD UNDISCLOSED INTEREST","UNKNOWN","May 2026","","44","","","RAMA 3 (since 01/09/2025) | Ale (since 01/04/2023) | Avni (since 01/02/2021) | Solar N (since 01/10/2013) | Mark Twain (since 01/07/2009) | Emirates Eminence (since 01/06/2009) | Mark Twain (since 01/03/2006) | CMA CGM Respect (since 01/03/2006)","Guyana False (since 01/09/2025) | Liberia (since 01/02/2015) | Cyprus (since 01/10/2013) | Germany (since 01/10/2013) | Liberia (since 01/03/2006) | Germany (since 01/03/2006)","5","7","RPTD SOLD UNDISCLOSED INTEREST (since 30/07/2025) | OCM GARONNE LLC (since 29/01/2021) | PROMETHEUS SHIPPING CORP (during 12/2013) | AMENTIS SHIPPING CO LTD (since 22/10/2013)","","False","False","Rosja"
"9382073","EVERDINE","Oil Products Tanker","(Aruba False)","UNKNOWN","","2008","28049","45997","In Service/Commission","RPTD SOLD UNDISCLOSED INTEREST","RPTD SOLD UNDISCLOSED INTEREST","UNKNOWN","May 2026","","39","","","EVERDINE (since 01/08/2025) | Antares I (since 01/12/2022) | Starman (since 01/01/2019) | Challenge Point (since 01/04/2008)","Aruba False (since 01/08/2025) | Not Known (since 01/07/2025) | Liberia (since 01/12/2022) | Marshall Islands (since 01/01/2019) | Panama (since 01/04/2008)","4","3","RPTD SOLD UNDISCLOSED INTEREST (since 30/07/2025) | SOUTHERLY VENTURES CO (since 11/01/2019) | CASSIOPEIA MARINE SA (since 02/11/2011)","","False","False","Rosja"
"9241487","NYRA 2","Container Ship","(Comoros FALSE)","UNKNOWN","","2003","25407","33853","In Service/Commission","RPTD SOLD UNDISCLOSED INTEREST","RPTD SOLD UNDISCLOSED INTEREST","UNKNOWN","May 2026","","31","","","NYRA 2 (since 01/08/2025) | Bertie (since 01/11/2022) | Snoopy (since 01/05/2021) | Nordmed (since 01/08/2017) | Med (since 01/05/2012) | MCC Jakarta (since 01/05/2010) | Nordmed (since 01/10/2008) | Nordmed (since 01/12/2003) | CMA CGM Intensity (since 01/12/2003)","Comoros FALSE (since 01/02/2026) | Aruba False (since 01/08/2025) | Liberia (since 01/05/2021) | Germany (since 01/05/2021) | Cyprus (since 01/03/2012) | Isle of Man (since 01/06/2007) | Germany (since 01/06/2007) | Isle of Man (since 01/11/2005) | Cyprus (since 01/11/2003)","8","8","RPTD SOLD UNDISCLOSED INTEREST (since 30/07/2025) | OCM SNOOPY LLC (since 13/05/2021) | CHRISTIANE E OLDENDORFF MBH (since 01/11/2005)","","False","False","Rosja"
"9307047","BIGLI","Container Ship","(Comoros)","D6A4434","","2005","71902","72968","To Be Broken Up","CUMBERLAND TRADING FZE","GREEN OCEAN SHIP MANAGEMENT","UNKNOWN","May 2026","","51","","","BIGLI (since 01/05/2026) | Big (since 01/03/2026) | Bigli (since 01/02/2021) | Paradise Star (since 01/07/2020) | MOL Paradise (since 01/07/2012) | APL Paradise (since 01/07/2011) | MOL Paradise (since 01/09/2005)","Comoros (since 01/05/2026) | Guyana False (since 01/03/2026) | Liberia (since 01/02/2021) | Marshall Islands (since 01/07/2020) | Singapore (since 01/12/2014) | Panama (since 01/09/2005)","5","6","CUMBERLAND TRADING FZE (since 06/05/2026) | XINTAI INTERNATIONAL SHIP (since 07/06/2024) | OCM DNISTER LLC (since 02/02/2021) | IS CONTAINER PTE LTD (since 17/12/2014) | CYPRESS MARITIME PANAMA SA (since 22/09/2005)","","False","False","Rosja"
"9327384","LYCIA KA","Chemical/Oil Products Tanker","(Marshall Islands)","V7TL5","","2006","23356","37091","In Service/Commission","LYCIA SHIPPING LTD-MAI","TRANS KA TANKER","TRANS KA TANKER","American Bureau of Shipping (IACS)","","34","","","LYCIA KA (since 01/03/2023) | Advantage Point (since 01/06/2017) | Baltic Force (since 01/06/2006)","Marshall Islands (since 01/06/2017) | Cyprus (since 01/06/2006)","1","2","LYCIA SHIPPING LTD-MAI (since 10/03/2023) | RIVER POINT LLC (since 14/06/2017)","","False","False","Rosja"
"9288875","YUG","Crude Oil Tanker","(Comoros FALSE)","UNKNOWN","","2005","160869","320472","In Service/Commission","RPTD SOLD UNDISCLOSED INTEREST","RPTD SOLD UNDISCLOSED INTEREST","UNKNOWN","Bureau Veritas (IACS)","","26","","","YUG (since 01/06/2024) | Mur (since 01/01/2024) | Sava (since 01/10/2023) | Pratika (since 01/09/2022) | Maran Andromeda (since 01/12/2018) | Andromeda Voyager (since 01/01/2005)","Comoros FALSE (since 01/05/2025) | Comoros (since 01/01/2025) | Not Known (since 01/10/2024) | Comoros (since 01/01/2024) | Panama (since 01/09/2022) | Greece (since 01/11/2018) | Bahamas (since 01/01/2005)","6","5","RPTD SOLD UNDISCLOSED INTEREST (since 30/07/2025) | MUR SHIPPING INC (since 01/01/2024) | PRATIKA LINES INC (since 26/09/2022) | ROYAL SEA NAVIGATION INC (since 14/01/2005)","","False","False","Rosja"
"9264881","OMRA","Crude Oil Tanker","(Comoros FALSE)","UNKNOWN","","2004","160123","300544","In Service/Commission","RPTD SOLD UNDISCLOSED INTEREST","RPTD SOLD UNDISCLOSED INTEREST","UNKNOWN","February 2026","","12","","","OMRA (since 01/09/2025) | Vani (since 01/01/2025) | Cosmos (since 01/07/2024) | Nereides (since 01/06/2022) | Nissho Maru (since 01/05/2004)","Comoros FALSE (since 01/02/2026) | Guyana False (since 01/09/2025) | San Marino (since 01/11/2024) | Not Known (since 01/10/2024) | Comoros (since 01/02/2024) | Panama (since 01/06/2014) | Japan (during 2004)","6","4","RPTD SOLD UNDISCLOSED INTEREST (since 30/07/2025) | OLT LINES INC (since 17/06/2022) | APOLLO TANKER CORP (since 01/06/2014)","","False","False","Rosja"
"9248485","URANUS","Crude Oil Tanker","(Tanzania)","UNKNOWN","","2002","156916","299157","Broken Up","ARNO LINES INC","TISA SHIPPING LTD","TISA SHIPPING LTD","American Bureau of Shipping (IACS)","","18","","","URANUS (since 01/01/2022) | Aztec (since 01/09/2021) | Hermes (since 01/03/2021) | Calliop (since 01/10/2020) | Calliope (since 01/09/2020) | Ads Stratus (since 01/08/2018) | Front Stratus (since 01/05/2012) | Ondina (since 01/08/2006) | Front Stratus (since 01/08/2002)","Tanzania (since 01/04/2022) | Not Known (since 01/02/2022) | Tanzania (since 01/01/2022) | Guyana False (since 01/09/2021) | Not Known (since 01/06/2021) | Cameroon (since 01/03/2021) | Liberia (since 01/10/2020) | Vanuatu (since 01/09/2020) | Liberia (since 01/05/2012) | Isle of Man (since 01/08/2006) | Liberia (since 01/08/2002)","10","8","ARNO LINES INC (since 10/04/2022) | ARNO LINES INC (since 28/09/2021) | VITAVA SHIPPING INC (since 23/09/2020) | ADS CRUDE II AS (since 14/08/2018)","","False","False","Iran"
"9553957","COURAGE 7","Asphalt/Bitumen Tanker","(Not Known)","UNKNOWN","","2015","3811","3527","In Service/Commission","AAA MARITIME SHIPPING SA","ETIHAD ENGINEERING & MARINE","ETERNAL SHIP MANAGEMENT","September 2025","","10","","","COURAGE 7 (since 01/11/2019) | Iver Courage (since 01/04/2015)","Not Known (since 01/07/2025) | Gabon (since 01/11/2019) | Marshall Islands (since 01/04/2015)","2","1","AAA MARITIME SHIPPING SA (since 25/11/2019) | HB TANKSHIP X BV (since 01/10/2017) | WS TANKSHIP V BV (before 05/2017) | HB TANKSHIP X BV (since 21/04/2015)","","False","False","Rosja"
"9247778","BREEZ","Crude Oil Tanker","(Comoros FALSE)","UNKNOWN","","2002","28539","47038","In Service/Commission","RPTD SOLD UNDISCLOSED INTEREST","RPTD SOLD UNDISCLOSED INTEREST","UNKNOWN","Bureau Veritas (IACS)","","28","","","BREEZ (since 01/09/2025) | Iris (since 01/07/2020) | Sabella (since 01/08/2019) | Torm San Jacinto (since 01/08/2008) | San Jacinto (since 01/03/2002)","Comoros FALSE (since 01/09/2025) | Not Known (since 01/07/2025) | Palau (Republic of) (since 01/07/2020) | Panama (since 01/08/2019) | Denmark (DIS) (since 01/08/2008) | Marshall Islands (since 01/03/2002)","5","4","RPTD SOLD UNDISCLOSED INTEREST (since 30/07/2025) | ARGUN SHIPPING INC (since 22/08/2019) | TORM A/S (since 13/08/2008) | EL PASO ENERGY (since 04/06/2004)","","False","False","Rosja"
"9571052","MAHADEV","Asphalt/Bitumen Tanker","(Not Known)","UNKNOWN","","2011","4126","5902","In Service/Commission","MAHADEV MARITIME INC-LIB","MAHADEV MARITIME INC-LIB","UNKNOWN","China Classification Society (IACS)","","39","","","MAHADEV (since 01/08/2024) | Kailash (since 01/04/2022) | Clymene (since 01/01/2022) | Ocean Crystal (since 01/07/2021) | JS Nanjing (since 01/05/2014) | Wen Zhou Wan (since 01/02/2011)","Not Known (since 01/08/2025) | Palau (Republic of) (since 01/07/2024) | Panama (since 01/01/2022) | Hong Kong, China (since 01/07/2021) | Korea (Republic of) (since 01/06/2018) | Panama (since 01/05/2014) | Hong Kong, China (since 01/02/2011)","6","5","MAHADEV MARITIME INC-LIB (since 08/11/2024) | PENEIOS SHIPPING INC (since 20/04/2022) | TEODOR SHIPPING LLC (since 01/02/2022) | YUAN XIANG SHIPPING & TRADING (since 01/08/2021) | AGLAIA SHIPPING CO LTD (since 14/07/2021)","","False","False","Rosja"
"9531375","MOLLY","Chemical/Oil Products Tanker","(Not Known)","UNKNOWN","","2013","2340","3534","In Service/Commission","ETIHAD ENGINEERING & MARINE","ETIHAD ENGINEERING & MARINE","ETIHAD ENGINEERING & MARINE","August 2025","","0","","","MOLLY (since 01/02/2020) | Tamim (since 01/12/2015) | Magoshine (since 01/07/2013)","Not Known (since 01/11/2025) | Comoros (since 01/02/2020) | St.Kitts and Nevis (since 01/02/2020) | Not Known (since 01/01/2018) | Marshall Islands (since 01/06/2013)","4","2","ETIHAD ENGINEERING & MARINE (since 19/03/2020) | ABQ CORP (during 12/2015) | CHARADE MARINE LTD (since 03/07/2013) | RPTD SOLD UNDISCLOSED INTEREST (since 01/06/2013) | CHARADE MARINE LTD (since 01/06/2013)","","False","False","Rosja"
"9439541","NEMRUT","Crude Oil Tanker","(Madagascar False)","UNKNOWN","","2009","60578","106992","In Service/Commission","ZULU SHIPS MANAGEMENT","ZULU SHIPS MANAGEMENT","UNKNOWN","May 2026","","27","","","NEMRUT (since 01/10/2024) | Bay Trezor (since 01/04/2023) | Sea Hope (since 01/04/2009)","Madagascar False (since 01/03/2026) | Guinea False (since 01/09/2025) | Not Known (since 01/07/2025) | Liberia (since 01/04/2023) | Hong Kong, China (since 01/04/2009)","4","2","ZULU SHIPS MANAGEMENT (since 10/10/2024) | BAY TREZOR MARITIME INC (since 14/04/2023) | GOLDEN DELFINA INC (since 20/04/2009)","","False","False","Rosja"
"9335123","MILOU","Chemical/Oil Products Tanker","(Bahamas)","C6VP9","","2007","23656","37488","In Service/Commission","CAPTAIN HADDOCK SHIPPING LTD","ALBERTA SHIPMANAGEMENT LTD","ALBERTA SHIPMANAGEMENT LTD","Lloyd's Register (IACS)","","21","","","MILOU (since 01/03/2022) | Gulf Moon (since 01/06/2007)","Bahamas (since 01/06/2007)","0","1","CAPTAIN HADDOCK SHIPPING LTD (since 17/03/2022) | GULF MOON SHIPPING LTD (since 13/06/2007)","","False","False","Rosja"
"9564671","PORTOFINO","Oil Products Tanker","(Bahamas)","C6FI2","","2010","40975","74905","In Service/Commission","SAGITTARIUS MANAGEMENT INC","ALBERTA SHIPMANAGEMENT LTD","ALBERTA SHIPMANAGEMENT LTD","May 2026","","36","","","PORTOFINO (since 01/12/2021) | Iris Victoria (since 01/06/2010)","Bahamas (since 01/12/2021) | Marshall Islands (since 01/06/2010) | Panama (since 01/06/2010)","2","1","SAGITTARIUS MANAGEMENT INC (since 02/12/2021) | PAEAN SHIPPING SA (during 06/2017) | PERENNIAL TRANSPORT INC (since 01/03/2010)","","False","False","Rosja"
"9325611","DUMBLEDORE","Oil Products Tanker","(Bahamas)","C6FG5","","2007","31433","44998","In Service/Commission","DOBBY SHIPPING LTD","ALBERTA SHIPMANAGEMENT LTD","ALBERTA SHIPMANAGEMENT LTD","Lloyd's Register (IACS)","","58","","","DUMBLEDORE (since 01/11/2021) | Star Falcon (since 01/10/2012) | Freja Selandia (since 01/03/2007)","Bahamas (since 01/11/2021) | Panama (since 01/03/2007)","1","2","DOBBY SHIPPING LTD (since 26/11/2021)","","False","False","Rosja"
"9273337","TIFANI","Crude Oil Tanker","(Botswana False)","UNKNOWN","","2003","156967","299999","In Casualty Or Repairing","WORLD CREW PROVIDER NV","ENSA SHIP MANAGEMENT PVT LTD","ENSA SHIP MANAGEMENT PVT LTD","American Bureau of Shipping (IACS)","","27","","","TIFANI (since 01/08/2022) | Anahi (since 01/10/2020) | Amfitriti (since 01/06/2020) | Bunga Kasturi (during 2003)","Botswana False (since 01/11/2025) | Not Known (since 01/07/2025) | Palau (Republic of) (since 01/01/2025) | Panama (since 01/09/2024) | Not Known (since 01/09/2022) | Cameroon (since 01/08/2022) | Not Known (since 01/10/2020) | Tanzania (since 01/10/2020) | Not Known (since 01/08/2020) | St.Kitts and Nevis (since 01/06/2020) | Malaysia (during 2003)","10","3","WORLD CREW PROVIDER NV (since 03/08/2022) | AET PETROLEUM TANKER M (since 16/12/2005) | MISC BHD (since 01/01/2003)","","False","False","Rosja"
"9127667","DRAGON VICTOR","Chemical/Oil Products Tanker","(Angola False)","UNKNOWN","","1997","21897","40727","Broken Up","HONGKONG EXUBERANT STAR INTL","PEACE WORTH SHIPPING CO LTD","UNI-GLORY SHIPPING CO LTD","Registro Italiano Navale (IACS)","","98","","","DRAGON VICTOR (since 01/08/2025) | Tonda Source (since 01/07/2023) | Exuberant Star (since 01/03/2020) | Champion Trader (since 01/08/2008)","Angola False (since 01/08/2025) | Panama (since 01/03/2020) | Norway (NIS) (since 01/10/2015) | Liberia (since 01/11/2010) | United Kingdom (since 01/11/2008) | Liberia (since 01/08/2008)","5","3","HONGKONG EXUBERANT STAR INTL (since 16/03/2020) | CHAMPION SHIPPING AS (since 14/08/2008)","","False","False","Rosja"
"9486805","ZEAL","Oil Products Tanker","(Not Known)","UNKNOWN","","2017","2169","3751","In Service/Commission","AAA MARITIME SHIPPING SA","ETIHAD ENGINEERING & MARINE","UNKNOWN","China Classification Society (IACS)","","0","","","ZEAL (since 01/06/2019) | Aue (since 01/03/2017)","Not Known (since 01/07/2025) | Gabon (since 01/06/2019) | Gabon (since 01/06/2019) | Marshall Islands (since 01/03/2017)","3","1","AAA MARITIME SHIPPING SA (since 29/06/2019)","","False","False","Rosja"
"9439383","BHILVA","Crude Oil Tanker","(Not Known)","UNKNOWN","","2010","60185","108983","In Service/Commission","TIKA SHIPPING LTD","TIKA SHIPPING LTD","DA BIE SHAN SHIPMANAGEMENT CO","Indian Register of Shipping (IACS)","","29","","","BHILVA (since 01/11/2024) | Ps Genova (since 01/02/2020) | Giovanni Battista De Carlini (since 01/06/2010)","Not Known (since 01/04/2026) | Panama (since 01/11/2024) | Malta (since 01/03/2022) | Italy (since 01/06/2010)","3","2","TIKA SHIPPING LTD (since 25/11/2024) | PS TANKER ONE LTD (since 23/03/2022) | NORMA REOCO SRL (since 16/01/2020) | RIZZO BOTTIGLIERI DE CARLINI (since 09/06/2010)","","False","False","Rosja"
"9311610","TORX","Crude Oil Tanker","(Panama)","3E8395","","2006","87146","162293","In Service/Commission","SHIVA SHIPPING LTD","SHIVA SHIPPING LTD","CREST MARITIME PTE LTD","Lloyd's Register (IACS)","","27","","","TORX (since 01/02/2025) | Umnenga Ii (since 01/12/2021) | Seaways Saugerties (since 01/08/2021) | Miltiadis M II (since 01/04/2006) | Eton (during 2006)","Panama (since 01/02/2025) | Liberia (since 01/04/2006)","1","4","SHIVA SHIPPING LTD (since 13/02/2025) | UMNENGA SHIPPING INC (since 09/12/2021) | MILTIADIS M II CARRIERS CORP (since 01/09/2011)","","False","False","Rosja"
"9472634","AURA 1","Crude Oil Tanker","(Panama)","3E8729","","2011","61336","116087","In Service/Commission","DAVA SHIPPING LTD","DAVA SHIPPING LTD","HENG SHAN SHIPMANAGEMENT CO","Indian Register of Shipping (IACS)","","25","","","AURA 1 (since 01/04/2025) | Amax Anthem (since 01/04/2022) | Advantage Anthem (since 01/05/2015) | Power (since 01/09/2011)","Panama (since 01/04/2025) | Marshall Islands (since 01/05/2015) | Malta (since 01/09/2011)","2","3","DAVA SHIPPING LTD (since 11/04/2025) | LEMNOS SYNERGY AMAX ANTHEM (since 26/04/2022) | FLEETSCAPE ANTHEM LLC (since 12/02/2019)","","False","False","Rosja"
"9460564","BALU 6","Crude Oil Tanker","(Panama)","3E8702","","2011","55909","105391","In Service/Commission","TOILA SHIPPING LTD","TOILA SHIPPING LTD","DONG HAI SHIPMANAGEMENT CO LTD","Indian Register of Shipping (IACS)","","25","","","BALU 6 (since 01/03/2025) | P. Yanbu (since 01/12/2020) | Kalamas (since 01/01/2011)","Panama (since 01/03/2025) | Marshall Islands (since 01/12/2020) | Liberia (since 01/01/2011)","2","2","TOILA SHIPPING LTD (since 24/03/2025) | ARNO SHIPPING CO INC (since 15/12/2020) | PRISCILLA ENTERPRISES INC (since 18/01/2011)","","False","False","Rosja"
"9419450","JEWEL","Crude Oil Tanker","(Panama)","3E8712","","2010","61341","115785","In Service/Commission","MALUGA SHIPPING LTD","MALUGA SHIPPING LTD","GAO YOU HU SHIPMANAGEMENT CO","Indian Register of Shipping (IACS)","","33","","","JEWEL (since 01/04/2025) | Amax Avenue (since 01/05/2022) | Advantage Avenue (since 01/04/2015) | True (since 01/06/2010)","Panama (since 01/04/2025) | Marshall Islands (since 01/04/2015) | Malta (since 01/06/2010)","2","3","MALUGA SHIPPING LTD (since 10/04/2025) | LEMNOS SYNERGY AMAX AVENUE (since 11/05/2022) | FLEETSCAPE AVENUE LLC (since 15/02/2019) | ADVANTAGE AVENUE SHIPPING LLC (since 05/04/2015)","","False","False","Rosja"
"9296377","MARJORIE","Crude Oil Tanker","(Sierra leone)","9LU2757","","2006","78845","149996","In Service/Commission","RPTD SOLD UNDISCLOSED INTEREST","RPTD SOLD UNDISCLOSED INTEREST","UNKNOWN","DNV (IACS)","","27","","","MARJORIE (since 01/04/2025) | Chios (since 01/04/2025) | Tokyo Spirit (since 01/10/2015) | Princimar Loyalty (since 01/12/2013) | Navigator (since 01/04/2006)","Sierra leone (since 01/05/2026) | Not Known (since 01/04/2026) | Vanuatu (since 01/10/2025) | Barbados (since 01/04/2025) | Marshall Islands (since 01/04/2025) | Bahamas (since 01/10/2015) | Liberia (since 01/04/2006)","6","4","RPTD SOLD UNDISCLOSED INTEREST (since 24/04/2026) | PYRAMID VENTURES CO (since 19/04/2025) | SEEKER SHIPPING SA (since 10/04/2025) | TOKYO SPIRIT LLC (since 06/10/2015)","","False","False","Rosja"
"9408190","SAMOS","Crude Oil Tanker","(Cameroon)","TJM07E","","2009","84154","156654","In Service/Commission","SAMOS GROUP LTD","FLEET ARMADA PVT LTD","FLEET ARMADA PVT LTD","Lloyd's Register (IACS)","","25","","","SAMOS (since 01/10/2024) | Bay Demetra (since 01/03/2023) | Glorycrown (since 01/11/2009)","Cameroon (since 01/11/2025) | Not Known (since 01/10/2025) | Barbados (since 01/07/2025) | Liberia (since 01/03/2023) | Marshall Islands (since 01/05/2013) | Hong Kong, China (since 01/04/2010) | Marshall Islands (since 01/11/2009)","6","2","SAMOS GROUP LTD (since 23/09/2024) | BAY DEMETRA MARITIME INC (since 09/03/2023) | FRONT HEIMDALL INC (since 10/11/2009)","","False","False","Rosja"
"9436020","CENTURION I","Crude Oil Tanker","(Panama)","3E8383","","2010","62775","112863","In Service/Commission","ANAND SHIPPING LTD-SEY","GACRUX MARITIME PVT LTD","GACRUX MARITIME PVT LTD","Indian Register of Shipping (IACS)","","43","","","CENTURION I (since 01/02/2025) | Crude Centurion (since 01/02/2017) | Cape Avon (since 01/05/2010) | V8 Stealth II (since 01/05/2010)","Panama (since 01/02/2025) | Marshall Islands (since 01/05/2010)","1","3","ANAND SHIPPING LTD-SEY (since 09/02/2025) | DIABLO FORTUNE INC (since 11/02/2017)","","False","False","Rosja"
"9297541","DOVE","Crude Oil Tanker","(Panama)","3E8600","","2006","58054","108386","In Service/Commission","PLUME SHIPPING LTD","GONG ZHU HU SHIPMANAGEMENT CO","GONG ZHU HU SHIPMANAGEMENT CO","Indian Register of Shipping (IACS)","","32","","","DOVE (since 01/03/2025) | Bonita (since 01/02/2006)","Panama (since 01/03/2025) | Marshall Islands (since 01/07/2022) | Greece (since 01/03/2007) | Malta (since 01/02/2006)","3","1","PLUME SHIPPING LTD (since 05/03/2025) | AGILERA SHIPPING CORP (since 21/11/2008)","","False","False","Rosja"
"9412452","NILANGA","Crude Oil Tanker","(Equatorial Guinea)","3CAN33","","2010","62775","112719","In Service/Commission","AQUILA YUN LTD","GE LE SHAN SHIPMANAGEMENT CO","GE LE SHAN SHIPMANAGEMENT CO","Rosjan Maritime Register of Shipping","","29","","","NILANGA (since 01/12/2024) | Elli (since 01/10/2018) | United Fortitude (since 01/05/2010)","Equatorial Guinea (since 01/04/2026) | Sierra leone (since 01/11/2025) | Not Known (since 01/10/2025) | Panama (since 01/12/2024) | Marshall Islands (since 01/10/2018) | Greece (since 01/05/2010)","5","2","AQUILA YUN LTD (since 15/04/2026) | AFSONA LTD (since 20/11/2025) | ELODIE SHIPPING LTD (since 02/12/2024) | ELLI SHIPPING CORP (since 05/10/2018)","","False","False","Rosja"
"9384564","SEARUN","Crude Oil Tanker","(Barbados)","8PQM","","2008","59177","115325","In Service/Commission","SEARUN SHIPPING CO LTD","SEARUN SHIPPING CO LTD","SEARUN SHIPPING CO LTD","Korean Register (IACS)","","33","","","SEARUN (since 01/03/2025) | Red Sun (since 01/12/2013) | North Sea (since 01/12/2008)","Barbados (since 01/01/2026) | Palau (Republic of) (since 01/11/2025) | Hong Kong, China (since 01/03/2025) | Liberia (since 01/10/2015) | Liberia (since 01/10/2015) | Panama (since 01/08/2013) | Singapore (since 01/12/2008) | Panama (since 01/12/2008)","7","2","SEARUN SHIPPING CO LTD (since 26/03/2025) | BOYENT MARITIME INC (since 13/10/2015) | TAIHEI KAIUN/FRIEND SHINE SHPG (since 05/12/2008)","","False","False","Rosja"
"9358412","TIGER WINGS","Crude Oil Tanker","(Panama)","3E8877","","2008","61819","109672","In Service/Commission","RUIHUA SHIPPING CO LTD-HKG","INFINITE BLUE MARITIME LTD","INFINITE BLUE MARITIME LTD","Korean Register (IACS)","","24","","","TIGER WINGS (since 01/05/2025) | Torm Mathilde (since 01/11/2008)","Panama (since 01/05/2025) | Denmark (DIS) (since 01/11/2008)","1","1","RUIHUA SHIPPING CO LTD-HKG (since 13/05/2025) | TORM A/S (since 05/05/2020) | TORM A/S (since 03/11/2008)","","False","False","Rosja"
"9037123","SC CUTTA","Oil Products Tanker","(Cameroon)","TJM065","","2001","24252","38615","In Service/Commission","MARS ADVENTURE LTD","MARS ADVENTURE LTD","UNKNOWN","May 2026","","17","","","SC CUTTA (since 01/02/2026) | As Calcutta (since 01/07/2024) | Shan Gang Rong He (since 01/12/2021) | Zhong Gang Dalian (since 01/06/2015) | Haichang Dalian (since 01/10/2010) | Hai Chang You 8 (since 01/09/2010) | Nordanvind (since 01/04/2002) | Berca (during 2001) | Duke (during 2001)","Cameroon (since 01/02/2026) | Not Known (since 01/12/2025) | Panama (since 01/07/2024) | China Peoples's Republic (since 01/08/2021) | Marshall Islands (since 01/12/2019) | China Peoples's Republic (since 01/09/2010) | Marshall Islands (since 01/02/2009) | Venezuela (since 01/01/2004) | Marshall Islands (since 01/01/2004) | Hong Kong, China (since 01/04/2002) | Malta (during 2001)","10","8","MARS ADVENTURE LTD (since 10/02/2026) | SHANDONG PORT/NANJING ZHONGGAN (since 01/07/2022) | NANJING ZHONGGANG SHIPPING-CHR (since 10/12/2019) | COSCO SHIPPING LEASING CO LTD (since 29/05/2015)","","False","False","Rosja"
"9389071","TANGO 2","Crude Oil Tanker","(Panama)","3E8640","","2009","58667","107157","In Service/Commission","KOSHA SHIPPING LTD","GUI ZHOU FA ZHAN SHIP","WU GONG SHAN SHIPMANAGEMENT CO","Indian Register of Shipping (IACS)","","30","","","TANGO 2 (since 01/03/2025) | Scorpio (since 01/03/2009)","Panama (since 01/03/2025) | Cayman Islands (since 01/12/2017) | Greece (since 01/03/2009) | Malta (since 01/03/2009)","3","1","KOSHA SHIPPING LTD (since 06/03/2025) | FANTASEA NAVIGATION LTD (since 19/03/2009)","","False","False","Rosja"
"9389083","TIGER 6","Crude Oil Tanker","(Panama)","3E8740","","2009","58667","107009","In Service/Commission","NYSA MARITIME INC","GU YU SHIPMANAGEMENT CO LTD","GU YU SHIPMANAGEMENT CO LTD","Rosjan Maritime Register of Shipping","","27","","","TIGER 6 (since 01/04/2025) | Agrari (since 01/05/2009)","Panama (since 01/04/2025) | Malta (since 01/04/2016) | Greece (since 01/05/2009) | Malta (since 01/04/2009)","3","1","NYSA MARITIME INC (since 03/04/2025) | LOIS MARITIME LTD (since 08/05/2009)","","False","False","Rosja"
"9402328","SARA SKY","Crude Oil Tanker","(Sierra leone)","9LS2223","","2010","59794","115191","In Service/Commission","LIRUN SHIPPING CO LTD","BENEFIT SHIPPING LTD-HKG","BENEFIT SHIPPING LTD-HKG","Korean Register (IACS)","","38","","","SARA SKY (since 01/03/2025) | Kara Sea (since 01/04/2010)","Sierra leone (since 01/11/2025) | Hong Kong, China (since 01/03/2025) | Singapore (since 01/04/2010)","2","1","LIRUN SHIPPING CO LTD (since 05/03/2025) | LATRIX SHIPPING SINGAPORE PTE (since 16/04/2010)","","False","False","Rosja"
"9337341","OCEANID","Crude Oil Tanker","(Panama)","3E8967","","2008","59745","110769","In Service/Commission","AURA VIBES CO LTD","AURA VIBES CO LTD","AURA VIBES CO LTD","Indian Register of Shipping (IACS)","","34","","","OCEANID (since 01/07/2025) | Yasa Golden Marmara (since 01/01/2008)","Panama (since 01/07/2025) | Marshall Islands (since 01/01/2008)","1","1","AURA VIBES CO LTD (since 02/07/2025) | JOLLY SHIPPING INC-MAI (since 25/01/2008)","","False","False","Rosja"
"9233777","OCEAN II","Crude Oil Tanker","(Cameroon)","TJMH14","","2003","81310","160209","In Service/Commission","NAUTICRAFT VENTURES LTD","NAUTICRAFT VENTURES LTD","RUIYUAN SHIPPING LTD","Lloyd's Register (IACS)","","36","","","OCEAN II (since 01/04/2024) | Amethyst Mts (since 01/12/2020) | Bacaliaros (since 01/09/2015) | Cape Bowen (since 01/09/2003) | Matisse (since 01/04/2003)","Cameroon (since 01/11/2025) | Antigua and Barbuda (since 01/04/2024) | Liberia (since 01/08/2023) | Cyprus (since 01/12/2020) | Marshall Islands (since 01/09/2015) | Germany (since 01/09/2015) | Marshall Islands (since 01/05/2003) | Germany (since 01/04/2003)","7","4","NAUTICRAFT VENTURES LTD (since 29/04/2024) | MTS AMETHYST SHIPPING LTD (since 01/12/2020) | BSL BACALIAROS SHIPPING LTD (since 03/09/2015)","","False","False","Rosja"
"9274525","LXH","Crude Oil Tanker","(Panama)","3E2237","","2004","83119","151174","In Service/Commission","CHINA OVERSEAS ENERGY DEVELOP","CHINA OVERSEAS ENERGY DEVELOP","BUILT FOUND SHIPMANAGEMENT CO","May 2026","","13","","","LXH (since 01/03/2025) | Simoon (since 01/12/2022) | Nordic Rio (since 01/04/2004)","Panama (since 01/12/2022) | Bahamas (since 01/04/2004)","1","2","CHINA OVERSEAS ENERGY DEVELOP (since 31/03/2025) | NAVIS MARINE CORP (since 01/12/2022) | NORDIC RIO LLC (since 27/04/2004)","","False","False","Rosja"
"9306809","LAYLA","Chemical/Oil Products Tanker","(Cameroon)","TJMA42","","2006","29646","45963","In Service/Commission","THOUSAND SUNNY LTD","ECHO SPHERE CO LTD","ECHO SPHERE CO LTD","Rosjan Maritime Register of Shipping","","40","","","LAYLA (since 01/03/2026) | Innovator (since 01/08/2025) | Cc Innovator (since 01/09/2024) | NCC Tabuk (since 01/07/2006)","Cameroon (since 01/03/2026) | Hong Kong, China (since 01/08/2025) | Marshall Islands (since 01/09/2024) | Saudi Arabia (since 01/08/2008) | Panama (since 01/07/2006)","4","3","THOUSAND SUNNY LTD (since 21/08/2025) | INNOVWAVE CO LTD (since 10/09/2024) | NATIONAL CHEMICAL CARRIERS CO (since 18/07/2006)","","False","False","Rosja"
"9236743","PRIMORYE","Oil Products Tanker","(Rosja)","UBET5","","2001","23236","39551","In Service/Commission","NAYADA CO LTD","NAYADA CO LTD","NAYADA CO LTD","Rosjan Maritime Register of Shipping","","35","","","PRIMORYE (since 01/10/2019) | Searambler (during 2001)","Rosja (since 01/10/2019) | Malta (since 01/10/2001) | Marshall Islands (during 2001)","2","1","NAYADA CO LTD (since 07/10/2019) | SPOLETO MARINE SA (since 08/07/2015) | CELEBRITY SHIPPING LTD (during 2001)","","False","False","Rosja"
"9334789","HORIZZON","Chemical/Oil Products Tanker","(Liberia)","5LJW8","","2007","23304","37145","In Service/Commission","HORIZZON LTD","HORIZZON LTD","COUGAR NAUTIC INC","Registro Italiano Navale (IACS)","","43","","","HORIZZON (since 01/08/2024) | The Loop (since 01/01/2023) | Mavrouda (since 01/12/2021) | Nord Highlander (since 01/10/2015) | STI Highlander (since 01/08/2010) | Panna (since 01/07/2009) | Jag Panna (since 01/01/2007)","Liberia (since 01/01/2023) | Marshall Islands (since 01/12/2021) | Denmark (DIS) (since 01/10/2015) | Marshall Islands (since 01/08/2010) | Portugal (MAR) (since 01/07/2009) | Malta (since 01/07/2009) | India (since 01/01/2007)","6","6","HORIZZON LTD (since 14/08/2024) | AZIMUTH SA (since 10/01/2023) | VEGA MARITIME INC-MAI (since 20/12/2021) | NORDEN ASSET MANAGEMENT A/S (since 10/12/2020) | NORDEN AS DAMPSKIBSSELSKABET (since 04/02/2020) | SYNERGY MARINE COPENHAGEN AS (since 27/10/2015) | GREAT EASTERN SHIPPING CO LTD (since 15/01/2007)","","False","False","Rosja"
"9260483","ARMADA LEADER","Oil Products Tanker","(Rosja)","UAWD","","2002","4549","6477","In Service/Commission","SBK DOLINA LLC","ENEYA LLC","ENEYA LLC","Rosjan Maritime Register of Shipping","","17","","","ARMADA LEADER (during 2002)","Rosja (since 01/11/2013) | Malta (since 01/11/2013) | Rosja (since 01/09/2002) | Malta (since 01/09/2002)","3","0","SBK DOLINA LLC (since 31/05/2021) | PALMALI CO LTD (during 01/2014) | ARMADA NAVIGATION (since 01/09/2002)","","False","False","Rosja"
"9820776","GALIASGAR KAMAL","Chemical/Oil Products Tanker","(Panama)","3E6589","","2018","5251","7053","In Service/Commission","FORTIKA NAVIGATION LTD","INZUR GEMI ISLETMESI LTD STI","INZUR GEMI ISLETMESI LTD STI","Registro Italiano Navale (IACS)","","23","","","GALIASGAR KAMAL (since 01/08/2018)","Panama (since 01/08/2023) | Malta (since 01/08/2023) | Rosja (since 01/08/2018) | Malta (since 01/07/2018)","3","0","FORTIKA NAVIGATION LTD (since 08/08/2018) | FIREFINCH INVESTMENT LTD (since 30/07/2018)","","False","False","Rosja"
"9621596","STANISLAV GOVORUKHIN","Chemical/Oil Products Tanker","(Rosja)","UBXZ7","","2016","29795","49994","In Service/Commission","GAZPROM FLOT LLC","GAZPROM FLOT LLC","GAZPROM FLOT LLC","Rosjan Maritime Register of Shipping","","16","","","STANISLAV GOVORUKHIN (since 01/02/2024) | Bora Bora (since 01/03/2016)","Rosja (since 01/01/2024) | Malta (since 01/03/2016)","1","1","GAZPROM FLOT LLC (since 23/02/2024) | ANGELINO SHIPPING LTD (since 24/03/2016)","","False","False","Rosja"
"9640530","BM FLOT","Oil Products Tanker","(Rosja)","UBFI6","","2012","5075","7032","In Service/Commission","ALLIANCE LLC","ALLIANCE LLC","BM FLOT LLC","Rosjan Maritime Register of Shipping","","11","","","BM FLOT-1 (since 01/04/2023) | Vf Tanker-5 (since 01/07/2012)","Rosja (since 01/05/2023) | Rosja (since 01/07/2012)","1","1","ALLIANCE LLC (since 08/04/2023) | VOLGA SHIPPING JOINT STOCK (since 19/09/2019) | VEB-LEASING OJSC (since 19/07/2012)","","False","False","Rosja"
"9577123","NORTHERNLIGHT","Crude Oil Tanker","(Malta)","9HA6150","","2012","42208","74565","In Service/Commission","BOREAS SHIPPING & TRADING CO","NAFTOMAR TANKERS LTD","NAFTOMAR TANKERS LTD","Bureau Veritas (IACS)","","25","","","NORTHERNLIGHT (since 01/11/2023) | Siena (since 01/05/2021) | SCF Prudencia (since 01/03/2012)","Malta (since 01/10/2024) | Marshall Islands (since 01/11/2023) | Bahamas (since 01/06/2012) | Liberia (since 01/03/2012)","3","2","BOREAS SHIPPING & TRADING CO (since 10/11/2023) | IKARIA SEA NAVIGATION LTD (since 01/06/2021)","","False","False","Rosja"
"9621560","BAVLY","Oil Products Tanker","(Rosja)","UBZI9","","2013","4541","6613","In Service/Commission","NAFTA-INVEST LLC","PETROTANKER LTD","CONARO SHIPPING JSC","Rosjan Maritime Register of Shipping","","13","","","BAVLY (since 01/06/2013)","Rosja (since 01/06/2013)","0","0","NAFTA-INVEST LLC (since 17/02/2020) | AK BARS LEASING JSC (since 01/06/2015)","","False","False","Rosja"
"9224439","CAROLINE BEZENGI","Crude Oil Tanker","(Cameroon)","TJM04S","","2001","81085","159168","In Service/Commission","RENTOOR SHIPMANAGEMENT LTD","VILLAR SHIPMANAGEMENT LTD","VILLAR SHIPMANAGEMENT LTD","DNV-GL (ex DNV) (IACS)","","32","","","CAROLINE BEZENGI (since 01/04/2023) | Amoroza (since 01/01/2021) | Aurora Borealis (since 01/02/2020) | SCF Altai (during 2001)","Cameroon (since 01/11/2025) | Palau (Republic of) (since 01/04/2023) | Panama (since 01/04/2023) | Liberia (since 01/03/2023) | Cyprus (since 01/01/2021) | Liberia (since 01/12/2001)","5","3","RENTOOR SHIPMANAGEMENT LTD (since 11/11/2025) | GALEA CORP (during 2001)","","False","False","Rosja"
"9640499","IVAN KRAMSKOY","Oil Products Tanker","(Rosja)","UBFI2","","2012","5075","7022","In Service/Commission","ILYA MUROMETS JSC","ILYA MUROMETS JSC","ILYA MUROMETS JSC","Rosjan Maritime Register of Shipping","","14","","","IVAN KRAMSKOY (since 01/07/2023) | Vf Tanker-1 (since 01/05/2012)","Rosja (since 01/05/2012)","0","1","ILYA MUROMETS JSC (since 06/06/2023) | VOLGA SHIPPING JOINT STOCK (since 19/09/2019) | VEB-LEASING OJSC (since 18/05/2012)","","False","False","Rosja"
"9645061","ALEKSEY SAVRASOV","Chemical/Oil Products Tanker","(Rosja)","UDHR","","2013","5075","7013","In Service/Commission","ILYA MUROMETS JSC","ILYA MUROMETS JSC","ILYA MUROMETS JSC","Rosjan Maritime Register of Shipping","","22","","","ALEKSEY SAVRASOV (since 01/08/2023) | Vf Tanker-17 (since 01/04/2013)","Rosja (since 01/04/2013)","0","1","ILYA MUROMETS JSC (since 03/08/2023) | VOLGA SHIPPING JOINT STOCK (since 10/01/2019)","","False","False","Rosja"
"9292199","ALTURA","Crude Oil Tanker","(Sierra leone)","9LU2078","","2005","84491","163750","In Casualty Or Repairing","SEA GRACE SHIPPING LTD-SKN","PERGAMON DENIZCILIK ISLETMELER","PERGAMON DENIZCILIK ISLETMELER","Rosjan Maritime Register of Shipping","","31","","","ALTURA (since 01/11/2025) | Kayseri (since 01/05/2024) | Besiktas Dardanelles (since 01/07/2005)","Sierra leone (since 01/11/2025) | Panama (since 01/02/2024) | Liberia (since 01/08/2023) | Marshall Islands (since 01/06/2022) | Malta (since 01/08/2018) | Turkey (since 01/07/2005)","5","2","SEA GRACE SHIPPING LTD-SKN (since 19/11/2025) | KAYSERI SHIPPING SA (since 16/05/2024) | DARDANELLES SHIPPING LTD (since 28/08/2023) | WINDS TANKER CO LTD-MAI (since 09/06/2022) | WINDS TANKER CO LTD (since 16/08/2018) | BESIKTAS LIKID TASIMACILIK (since 25/07/2005)","","False","False","Rosja"
"9867621","KHANKENDI","Crude Oil Tanker","(Azerbaijan)","4JUW","","2020","62826","115521","In Service/Commission","SA LEADER SHIPHOLDINGS AFEZCO","SA MARITIME AFEZCO","ASCO SHIPMANAGEMENT AFEZCO","May 2026","","11","","","KHANKENDI (since 01/08/2024) | Aristofanis (since 01/01/2020)","Azerbaijan (since 01/08/2024) | Marshall Islands (since 01/01/2020)","1","1","SA LEADER SHIPHOLDINGS AFEZCO (since 16/08/2024) | FILOKTITIS CRUDE CARRIER SA (since 17/01/2020)","","False","False","Rosja"
"9290373","VELORA","Crude Oil Tanker","(Sierra leone)","9LU2077","","2005","84491","163750","In Casualty Or Repairing","SEA FORTUNE SHIPPING LTD","PERGAMON DENIZCILIK ISLETMELER","PERGAMON DENIZCILIK ISLETMELER","Rosjan Maritime Register of Shipping","","30","","","VELORA (since 01/11/2025) | Konya (since 01/04/2024) | Besiktas Bosphorus (since 01/05/2005)","Sierra leone (since 01/11/2025) | Panama (since 01/02/2024) | Liberia (since 01/07/2023) | Marshall Islands (since 01/04/2022) | Malta (since 01/08/2018) | Turkey (since 01/05/2005)","5","2","SEA FORTUNE SHIPPING LTD (since 19/11/2025) | KONYA SHIPPING SA (since 16/04/2024) | STRAITS TANKER CO LTD-MAI (since 25/04/2022) | STRAITS TANKER CO LTD (since 02/08/2018)","","False","False","Rosja"
"9314820","OSAR","Chemical/Oil Products Tanker","(Sierra leone)","9LU2468","","2006","23260","37304","In Service/Commission","MALISEA SHIPPING LTD","MALISEA SHIPPING LTD","MALISEA SHIPPING LTD","Registro Italiano Navale (IACS)","","49","","","OSAR (since 01/11/2025) | Oscar I (since 01/11/2023) | Baltic Mariner I (since 01/10/2014) | Baltic Mariner (since 01/10/2006)","Sierra leone (since 01/11/2025) | Not Known (since 01/10/2025) | Panama (since 01/11/2023) | Malta (since 01/10/2014) | Cyprus (since 01/10/2006)","4","3","MALISEA SHIPPING LTD (since 23/11/2025) | NAMTSO SEAWAYS SA (since 21/11/2023) | BALTIC MARINER SHIPPING CO LTD (since 08/10/2014) | BALTIC MARINER SHIPPING CO (since 24/10/2006)","","False","False","Rosja"
"9263693","HALCYON","Chemical/Oil Products Tanker","(Sierra leone)","9LS2012","","2003","30056","46219","In Service/Commission","BULWARK MARINE LTD","BULWARK MARINE LTD","BULWARK MARINE LTD","Lloyd's Register (IACS)","","64","","","HALCYON (since 01/04/2026) | Sino Star (since 01/12/2020) | Torm Camilla (since 01/07/2005) | Gron Falk (since 01/08/2003)","Sierra leone (since 01/04/2026) | Hong Kong, China (since 01/12/2020) | Denmark (DIS) (since 01/07/2005) | Italy (during 2003)","3","3","BULWARK MARINE LTD (since 02/04/2026) | SINO PEACE SHIPPING LTD (since 14/06/2022) | CHINA STAR CHEMICAL SHIPPING (since 02/12/2020) | TORM A/S (since 29/06/2020) | TORM A/S (since 17/07/2005)","","False","False","Rosja"
"9323340","ROYAL ICE","Chemical/Oil Products Tanker","(Cameroon)","TJMOH1","","2007","30681","52660","In Service/Commission","BERBANG MARITIME SERVICES","CLASSIC SHIP MANAGEMENT","CLASSIC SHIP MANAGEMENT","Lloyd's Register (IACS)","","38","","","ROYAL ICE (since 01/02/2026) | Tranquil Sea (since 01/07/2023) | Targale (since 01/03/2007)","Cameroon (since 01/01/2026) | Sierra leone (since 01/11/2025) | Honduras (since 01/11/2024) | Cook islands (since 01/08/2023) | Marshall Islands (since 01/03/2007)","4","2","BERBANG MARITIME SERVICES (since 13/02/2026) | SALTMAR MARINE SERVICES LTD (since 05/08/2025) | ANDOR MARINE LTD (since 31/07/2023)","","False","False","Rosja"
"9336517","URIEL","Oil Products Tanker","(Sierra leone)","9LU2448","","2007","40934","74993","In Service/Commission","CENTAURI SERVICES LLC","LUMEN SHIP MANAGEMENT - FZCO","LUMEN SHIP MANAGEMENT - FZCO","Nippon Kaiji Kyokai (IACS)","","24","","","URIEL (since 01/03/2024) | Stellaris (since 01/06/2023) | Lake Sturgeon (since 01/01/2017) | Classy Victoria (since 01/02/2007)","Sierra leone (since 01/11/2025) | Gabon (since 01/03/2024) | Liberia (since 01/06/2023) | Marshall Islands (since 01/01/2017) | Hong Kong, China (since 01/02/2007) | Panama (since 01/02/2007)","5","3","CENTAURI SERVICES LLC (since 09/07/2025) | OPULENT CARGO SHIPPING LLC (since 11/03/2024) | LAKE STURGEON SOLUTIONS INC (since 06/01/2017) | LONGWELL SHIPPING LTD (since 01/06/2009)","","False","False","Rosja"
"9498171","ZAGATALA","Oil Products Tanker","(Azerbaijan)","4JNP","","2008","7843","13054","In Service/Commission","AZERBAIJAN CASPIAN SHIPPING","AZERBAIJAN CASPIAN SHIPPING","AZERBAIJAN CASPIAN SHIPPING","March 2026","","0","","","ZAGATALA (since 01/07/2024) | Zengezur (since 01/10/2008)","Azerbaijan (since 01/10/2008)","0","1","AZERBAIJAN CASPIAN SHIPPING (since 30/10/2008)","","False","False","Rosja"
"9194012","ANABAR","Oil Products Tanker","(Rosja)","UBCW","","2002","13815","19800","In Service/Commission","NORTH TRANSPORT CO LLC","NORTH TRANSPORT CO LLC","NORTH TRANSPORT CO LLC","Rosjan Maritime Register of Shipping","","21","","","ANABAR (since 01/10/2021) | Lagorta (since 01/12/2018) | Bozdag (since 01/04/2008) | Usinsk (since 01/10/2002)","Rosja (since 01/12/2018) | Malta (since 01/04/2008) | Rosja (since 01/10/2002)","2","3","NORTH TRANSPORT CO LLC (since 27/10/2021) | GAZPROMNEFT SHIPPING LLC (since 23/04/2019) | PAL SHIPPING-6 CO LTD (since 01/04/2008) | LUKOIL-KALININGRADMORNEFT (since 01/01/2007) | LUKOIL ARCTIC TANKER (since 01/10/2002)","","False","False","Rosja"
"9083184","BIRTHE THERESI","Chemical/Oil Products Tanker","(Rosja)","UHBI7","","1995","2094","3496","In Service/Commission","FLORESTA CORPORATE LTD","KD BUNKER","KD BUNKER","Rosjan Maritime Register of Shipping","","29","","","BIRTHE THERESI (since 01/02/2012) | Birthe Theresa (since 01/09/2002)","Rosja (since 01/12/2013) | Belize (since 01/12/2013) | Rosja (since 01/02/2012) | Belize (since 01/02/2012) | Singapore (since 01/09/2007) | Isle of Man (since 01/08/2002)","5","1","FLORESTA CORPORATE LTD (since 22/02/2012) | THURSTON (since 01/08/2002)","","False","False","Rosja"
"8414477","FLANDRIA","Chemical/Oil Products Tanker","(Rosja)","UBBH2","","1986","2183","2570","In Service/Commission","NT BUNKERING","NT BUNKERING","NT BUNKERING","May 2026","","24","","","FLANDRIA (since 01/03/2011)","Rosja (since 01/03/2011) | Belize (since 01/01/2011)","1","0","NT BUNKERING (since 17/01/2011)","","False","False","Rosja"
"9390317","MARINSTRAUM","Chemical Tanker","(Rosja)","UDXN","","2007","3144","4622","In Service/Commission","TUZLA TANKER ISLETMECILIGI AS","TUZLA TANKER ISLETMECILIGI AS","SCADAR LLC","Rosjan Maritime Register of Shipping","","8","","","MARINSTRAUM (since 01/10/2022) | Dumankaya (since 01/02/2022) | Rn Magellan (since 01/05/2011) | Burak Bey (since 01/02/2008) | Habip Amca (since 01/10/2007)","Rosja (since 01/10/2022) | Turkey (since 01/05/2021) | Not Known (since 01/05/2021) | Rosja (since 01/05/2011) | Turkey (since 01/10/2007)","4","4","TUZLA TANKER ISLETMECILIGI AS (since 09/11/2007)","","False","False","Rosja"
"8920579","NAVIK","Chemical/Oil Products Tanker","(Rosja)","UBOZ3","","1993","3204","4710","In Service/Commission","KD BUNKER","KD BUNKER","KD BUNKER","Rosjan Maritime Register of Shipping","","41","","","NAVIK (since 01/11/2023) | Evrenye (since 01/06/2018)","Rosja (since 01/11/2023) | Turkey (since 01/06/2018) | United Kingdom (since 01/12/2006)","2","1","KD BUNKER (since 17/11/2023) | RPTD SOLD UNDISCLOSED INTEREST (since 01/10/2023) | GEMICILER DENIZCILIK SANAYI (since 18/05/2018) | STOLT MAGNESIUM BV (since 01/01/2000)","","False","False","Rosja"
"9036284","NORDSTRAUM","Oil Products Tanker","(Rosja)","UBSN9","","1992","2634","3893","In Service/Commission","SCADAR LLC","SCADAR LLC","SCADAR LLC","May 2026","","35","","","NORDSTRAUM (since 01/06/2015) | Annette Essberger (since 01/08/2008)","Rosja (since 01/01/2023) | Rosja (since 01/07/2015) | Rosja (since 01/06/2015) | Germany (since 01/06/2015)","3","1","SCADAR LLC (since 17/06/2015) | PACIFIC TANK-REEDEREI (since 01/01/2006)","","False","False","Rosja"
"8915550","NOYABRSK","Oil Products Tanker","(Rosja)","UBXG6","","1991","3206","4739","In Service/Commission","GAZPROMNEFT MARINE BUNKER LTD","GAZPROMNEFT MARINE BUNKER LTD","MENKAB LLC","Rosjan Maritime Register of Shipping","","28","","","NOYABRSK (since 01/09/2023) | Gazpromneft Nord (since 01/11/2010)","Rosja (since 01/11/2010)","0","1","GAZPROMNEFT MARINE BUNKER LTD (since 17/11/2010)","","False","False","Rosja"
"8010427","OPHELIA","Oil Products Tanker","(Rosja)","UBAG8","","1981","4270","6400","In Service/Commission","PORT ECOSYSTEMS LLC","TRANSNEFT-SERVICE LLC","TRANSNEFT-SERVICE LLC","Rosjan Maritime Register of Shipping","","24","","","OPHELIA (since 01/10/2001)","Rosja (since 01/08/2016) | Rosja (since 01/06/2011) | Belize (since 01/09/2009) | Rosja (since 01/09/2009) | Belize (since 01/04/2009) | Norway (NIS) (since 01/10/2001)","5","0","PORT ECOSYSTEMS LLC (since 31/10/2014) | TRANSNEFT-SERVIS CJSC (since 23/02/2013) | NIKOLAEV SHIPPING LTD (during 04/2009)","","False","False","Rosja"
"9297149","REVANCHE","Chemical/Oil Products Tanker","(Rosja)","UBJY5","","2005","2616","3471","In Service/Commission","ZODIAC MARITIME LLC","ZODIAC MARITIME LLC","UNKNOWN","Registro Italiano Navale (IACS)","","10","","","REVANCHE (since 01/03/2023) | Yusuf Uzun (since 01/11/2021) | FT Odin (since 01/07/2009) | FS Odin (since 01/08/2005)","Rosja (since 01/03/2023) | Not Known (since 01/12/2022) | Palau (Republic of) (since 01/11/2022) | Turkey (since 01/11/2021) | Panama (since 01/08/2021) | Italy (since 01/08/2005)","5","3","ZODIAC MARITIME LLC (since 15/11/2022) | MUSTAFA OKAN OGULLARI (since 02/11/2021) | PETROLIFERA TANKERS SPA (since 09/06/2009)","","False","False","Rosja"
"8918540","BERGEN T","Oil Products Tanker","(Rosja)","UBMH3","","1990","1280","1865","In Service/Commission","SHIPPING F LLC","MARINE SERVICE LLC","UNKNOWN","May 2026","","2","","","BERGEN T (since 01/06/2011) | Bergen Troll (since 01/01/2009)","Rosja (since 01/07/2013) | Belize (since 01/07/2013) | Rosja (since 01/06/2011) | Belize (since 01/06/2011) | Norway (since 01/08/2001)","4","1","SHIPPING F LLC (since 01/06/2015) | FLORESTA CORPORATE LTD (since 25/05/2011)","","False","False","Rosja"
"8920581","MELITO CARRIER","Chemical/Oil Products Tanker","(Rosja)","UBUZ4","","1993","3204","4676","In Service/Commission","MORSKAYA ZVEZDA CO LTD","MC FOR LLC","MC FOR LLC","Rosjan Maritime Register of Shipping","","39","","","MELITO CARRIER (since 01/07/2023)","Rosja (since 01/01/2024) | Panama (since 01/07/2023) | United Kingdom (since 01/12/2006)","2","0","MORSKAYA ZVEZDA CO LTD (since 14/12/2023) | STOLT GUILLEMOT BV (since 01/01/2005)","","False","False","Rosja"
"8915548","RYAZAN","Chemical/Oil Products Tanker","(Rosja)","UBXG5","","1991","3206","4794","In Service/Commission","GAZPROMNEFT MARINE BUNKER LTD","GAZPROMNEFT MARINE BUNKER LTD","GAZPROMNEFT SHIPPING LLC","Rosjan Maritime Register of Shipping","","33","","","RYAZAN (since 01/10/2023) | Gazpromneft Zuid (since 01/12/2010)","Rosja (since 01/12/2010)","0","1","GAZPROMNEFT MARINE BUNKER LTD (since 30/12/2010)","","False","False","Rosja"
"9164718","THOTH","Chemical/Oil Products Tanker","(Rosja)","UADB9","","1999","4667","6046","In Service/Commission","CAIRD SEAFARING LTD","KONTUR-SPB OOO","KONTUR-SPB OOO","Rosjan Maritime Register of Shipping","","48","","","THOTH (since 01/06/2024) | Trans Holm (since 01/11/2016)","Rosja (since 01/11/2024) | Liberia (since 01/06/2024) | Malta (since 01/11/2016)","2","1","CAIRD SEAFARING LTD (since 10/09/2024) | AVM SEAPOWER LTD (since 10/06/2024) | KJEMIKALIETANK AS (during 11/2019) | NORFRA SHIPPING AS (since 15/11/2016) | ODFJELL ASIA II PTE LTD (since 01/11/2007)","","False","False","Rosja"
"8724779","VANINO","Oil Products Tanker","(Rosja)","UEYS","","1986","1896","2739","In Service/Commission","TARVI MANAGEMENT LTD","BALTIC TANKER CO LTD","BALTIC TANKER CO LTD","May 2026","","0","","","VANINO (since 01/10/2008)","Rosja (since 01/07/2022) | Sierra leone (since 01/07/2022) | Dominica (since 01/07/2022) | Rosja (since 01/09/2008) | Dominica (since 01/09/2008)","4","0","TARVI MANAGEMENT LTD (since 24/09/2008) | LAIVU BUNKERIAVIMO (since 01/01/2000)","","False","False","Rosja"
"9438406","MIGJORN","Crude Oil Tanker","(Panama)","3E8706","","2009","81493","158475","In Service/Commission","MIGJORN SHIPPING LTD","CYMARE SHIPMANAGEMENT LTD","CYMARE NAVIGATION FZC","Lloyd's Register (IACS)","","25","","","MIGJORN (since 01/04/2025) | Pentathlon (since 01/11/2015) | Yasa Polaris (since 01/08/2009)","Panama (since 01/04/2025) | Marshall Islands (since 01/08/2009)","1","2","MIGJORN SHIPPING LTD (since 01/04/2025) | LARINA NAVIGATION CO (since 05/11/2015) | DIVER SHIPMANAGEMENT SA (since 25/08/2009)","","False","False","Rosja"
"9396763","AUTAN","Chemical/Oil Products Tanker","(Panama)","3E7089","","2009","30074","50667","In Service/Commission","AUTAN SHIPPING LTD","GRACE ENERGY SHIPPING & TRDG","CYMARE NAVIGATION FZC","Lloyd's Register (IACS)","","53","","","AUTAN (since 01/11/2024) | Grace Adalberht (since 01/03/2023) | Pyxis Malou (since 01/04/2014) | Navig8 Malou (since 01/02/2009) | Pigi (before 2009)","Panama (since 01/11/2024) | Cook islands (since 01/03/2024) | Liberia (since 01/03/2023) | Malta (since 01/06/2012) | Cyprus (since 01/02/2009)","4","4","AUTAN SHIPPING LTD (since 23/03/2023) | FOURTHONE CORP LTD (since 17/02/2009)","","False","False","Rosja"
"9301902","ACERS","Chemical/Oil Products Tanker","(Antigua and Barbuda)","V2B2058","","2006","29683","51371","In Service/Commission","VALVORIA SHIPPING LTD","VALVORIA SHIPPING LTD","UNKNOWN","Bureau Veritas (IACS)","","48","","","ACERS (since 01/05/2026) | Cers (since 01/09/2024) | Grace Lucrum (since 01/06/2022) | Falcon Nostos (since 01/06/2011) | Mare Di Ravenna (since 01/06/2006)","Antigua and Barbuda (since 01/05/2026) | Panama (since 01/09/2024) | Cook islands (since 01/03/2024) | Liberia (since 01/06/2011) | Italy (since 01/06/2006)","4","4","VALVORIA SHIPPING LTD (since 11/05/2026) | CL NAVIGATION LTD (since 25/06/2022) | TRIGLIA NAVIGATION SA (since 27/06/2011) | GESTIONI ARMATORIALI SRL (since 30/06/2006)","","False","False","Rosja"
"9432048","VENDAVEL","Crude Oil Tanker","(Panama)","3E7748","","2011","85496","149999","In Service/Commission","VENDAVEL SHIPPING LTD","GRACE ENERGY SHIPPING DMCC","CYMARE NAVIGATION FZC","Bureau Veritas (IACS)","","14","","","VENDAVEL (since 01/11/2024) | Grace Noel (since 01/04/2024) | Demetrios (since 01/05/2011)","Panama (since 01/07/2024) | Cook islands (since 01/04/2024) | Liberia (since 01/05/2011)","2","2","VENDAVEL SHIPPING LTD (since 29/04/2024) | FOUNDATION COMMERCIAL INC (since 05/05/2011)","","False","False","Rosja"
"9629926","GRACE ROMAVICTOR","Chemical/Oil Products Tanker","(Liberia)","5LOI9","","2012","29785","49990","In Service/Commission","GRACE ROMAVICTOR SHIPPING LTD","GRACE ROMAVICTOR SHIPPING LTD","CYMARE NAVIGATION FZC","American Bureau of Shipping (IACS)","","35","","","GRACE ROMAVICTOR (since 01/11/2023) | STI Amber (since 01/07/2012)","Liberia (since 01/11/2023) | Marshall Islands (since 01/07/2012)","1","1","GRACE ROMAVICTOR SHIPPING LTD (since 17/11/2023)","","False","False","Rosja"
"9380051","GRACE LEON","Oil Products Tanker","(Panama)","3E8885","","2009","26900","47409","In Service/Commission","ROXIS MARITIME & TRADING INC","SAND GEMI ISLETMECILIGI AS","SAND GEMI ISLETMECILIGI AS","May 2026","","40","","","GRACE LEON (since 01/05/2025) | Grace Leo (since 01/04/2023) | Rich Breeze (since 01/05/2018) | Maersk Mikage (since 01/04/2009)","Panama (since 01/05/2025) | Liberia (since 01/04/2023) | Panama (since 01/04/2009)","2","3","ROXIS MARITIME & TRADING INC (since 20/05/2025) | GRACE LEO SHIPPING LTD (since 25/04/2023) | MERSIBJL SHIPPING SA (since 27/01/2020) | SUN GOD NAVIGATION SA (since 03/04/2009)","","False","False","Rosja"
"9254862","ADENA","Oil Products Tanker","(Hong Kong, China)","VRXO2","","2003","41679","70146","In Service/Commission","TRYFO NAVIGATION LTD","BABYLON NAVIGATION DMCC","BABYLON NAVIGATION DMCC","DNV (IACS)","","40","","","ADENA (since 01/02/2021) | Skopelos (since 01/05/2003)","Hong Kong, China (since 01/02/2026) | Not Known (since 01/08/2025) | Liberia (since 01/02/2021) | Greece (during 2003)","3","1","TRYFO NAVIGATION LTD (since 16/02/2026) | TRYFO NAVIGATION INC (since 08/02/2021) | SKOPELOS II ENE (since 30/11/2006) | SKOPELOS SHIPPING (during 2003)","","False","False","Rosja"
"9259927","BIANCA","Chemical/Oil Products Tanker","(MALI FALSE)","UNKNOWN","","2003","25651","37320","Broken Up","KEELY SHIPTRADE LTD","BABYLON NAVIGATION DMCC","BABYLON NAVIGATION DMCC","Registro Italiano Navale (IACS)","","27","","","BIANCA (since 01/01/2024) | Green Trader (since 01/07/2022) | Fresia (since 01/10/2003)","MALI FALSE (since 01/01/2026) | Not Known (since 01/08/2025) | Liberia (since 01/01/2024) | Marshall Islands (since 01/07/2022) | Malta (since 01/11/2019) | Italy (since 01/02/2016) | Italy (during 2003)","6","2","KEELY SHIPTRADE LTD (since 10/01/2024) | GREEN TRADER SHIPPING CO (since 27/07/2022) | FRESIA NAVIGATION BV (during 11/2019) | MINOS DUE SRL (during 10/2019) | MINOS SOCIETA DI NAVIGAZIONE (since 01/01/2005) | MOTIA COMPAGNIA DI NAVIGAZIONE (during 2003)","","False","False","Rosja"
"9254850","CAMILLA","Oil Products Tanker","(Hong Kong, China)","VRXM6","","2003","41679","70142","In Service/Commission","ODIAR MANAGEMENT LTD","BABYLON NAVIGATION DMCC","BABYLON NAVIGATION DMCC","DNV (IACS)","","37","","","CAMILLA (since 01/02/2021) | Erikoussa (since 01/03/2003)","Hong Kong, China (since 01/02/2026) | Not Known (since 01/08/2025) | Liberia (since 01/02/2021) | Greece (during 2003)","3","1","ODIAR MANAGEMENT LTD (since 24/02/2026) | ODIAR MANAGEMENT SA (since 22/02/2021) | ERIKOUSSA ENE (since 30/11/2006)","","False","False","Rosja"
"9256248","DELFINA","Crude Oil Tanker","(Not Known)","UNKNOWN","","2003","40763","72344","Broken Up","","BABYLON NAVIGATION DMCC","BABYLON NAVIGATION DMCC","DNV (IACS)","","48","","","DELFINA (since 01/02/2023) | Telluride (since 01/11/2015) | Sn Federica (since 01/03/2011) | White Dolphin (since 01/06/2007) | Stena Comanche (since 01/02/2004) | White Dolphin (since 01/04/2003)","Not Known (since 01/08/2025) | Liberia (since 01/02/2023) | Marshall Islands (since 01/11/2015) | Italy (since 01/03/2011) | Italy (during 2003)","4","5","TELLURIDE SHIPPING LP (since 24/11/2015) | DOLPHIN TANKER SRL (since 21/05/2003) | D'AMATO FRATELLI SPA (during 2003)","","False","False","Rosja"
"9299458","PAOLA","Chemical/Oil Products Tanker","(Hong Kong, China)","VRXO3","","2006","19758","29040","In Service/Commission","GALE SHIPPING LTD-HKG","BABYLON NAVIGATION DMCC","BABYLON NAVIGATION DMCC","May 2026","","54","","","PAOLA (since 01/11/2024) | Maersk Barry (since 01/03/2006)","Hong Kong, China (since 01/02/2026) | Benin False (since 01/09/2025) | Liberia (since 01/11/2024) | Denmark (DIS) (since 01/06/2010) | United Kingdom (since 01/03/2006)","4","1","GALE SHIPPING LTD-HKG (since 16/02/2026) | GALE SHIPPING INC (since 19/11/2024) | MAERSK PRODUCT TANKERS A/S (since 30/11/2018) | SYNERGY DENMARK A/S (before 02/2014) | MOLLER-MAERSK A/S (during 06/2010) | MAERSK CO LTD (since 03/03/2006)","","False","False","Rosja"
"9256975","CLS","Crude Oil Tanker","(Tonga False)","UNKNOWN","","2003","160247","314000","In Service/Commission","HONG KONG HANGSHUN SHIPPING","HONG KONG HANGSHUN SHIPPING","UNKNOWN","Lloyd's Register (IACS)","","12","","","CLS (since 01/10/2025) | Kongm (since 01/12/2024) | Tml (since 01/01/2024) | Sedir (since 01/11/2023) | C. Champion (since 01/12/2003)","Tonga False (since 01/10/2025) | Not Known (since 01/08/2025) | Panama (since 01/01/2024) | Liberia (since 01/11/2023) | Korea (Republic of) (since 01/08/2019) | Panama (since 01/11/2003)","5","4","HONG KONG HANGSHUN SHIPPING (since 06/11/2024) | HK TML GLOBAL ENERGY LTD (since 03/01/2024) | SK SHIPPING CO LTD-KRS (since 06/08/2019) | CHAMPION SHIPHOLDING SA (during 2003)","","False","False","Rosja"
"9238868","MACHO QUEEN","Crude Oil Tanker","(Hong Kong, China)","VRUF3","","2003","160083","309270","In Service/Commission","REGAL LIBERTY LTD","REGAL LIBERTY LTD","UNKNOWN","August 2025","","17","","","MACHO QUEEN (since 01/05/2025) | Giant (since 01/09/2024) | Grace (since 01/10/2023) | Red Stem (since 01/07/2021) | Olympic Legend (since 01/09/2003)","Hong Kong, China (since 01/07/2021) | Greece (since 01/09/2003)","1","4","REGAL LIBERTY LTD (since 25/09/2024) | DECENT MEDAL LTD (since 12/10/2023) | SUMMER LOTUS LTD (since 21/07/2021) | ROSARIO ENE (since 18/01/2017) | ROSARIO ENE (before 2004)","","False","False","Rosja"
"9268186","SONDOS","Chemical/Oil Products Tanker","(Not Known)","UNKNOWN","","2002","4341","6019","In Service/Commission","GREEN EARTH PETROLEUM FZE","OZARKA SHIPPING - FZCO","UNKNOWN","December 2025","","19","","","","","","","","","False","False","Rosja"
"9290919","VICTORY ARI","Chemical/Oil Products Tanker","(Not Known)","UNKNOWN","","2005","30020","47120","In Service/Commission","GLOBAL SHIPPING GROUP FZE","OZARKA SHIPPING - FZCO","OZARKA SHIPPING - FZCO","May 2026","","26","","","VICTORY ARI (since 01/03/2023) | Victorious (since 01/06/2019) | Strymon (since 01/01/2005)","Not Known (since 01/09/2025) | Antigua and Barbuda (since 01/05/2024) | Not Known (since 01/03/2024) | Panama (since 01/03/2023) | Marshall Islands (since 01/06/2019) | Bahamas (since 01/02/2017) | Greece (since 01/01/2005)","6","2","GLOBAL SHIPPING GROUP FZE (since 15/03/2023) | FERENIKI MARINE INC (since 26/06/2019) | EMPIRE NAVIGATION LTD-LIB (since 03/01/2005)","","False","False","Rosja"
"9259408","NORA","Container Ship","(Iran)","EPA6448","","2003","28676","37100","In Service/Commission","SHIRAZI R","AVA TARABAR DARYA CO LTD","AVA TARABAR DARYA CO LTD","Bureau Veritas (IACS)","","34","","","NORA (since 01/10/2025) | Cerus (since 01/09/2020) | Kota Gunawan (since 01/07/2003)","Iran (since 01/02/2026) | Comoros FALSE (since 01/12/2025) | Aruba False (since 01/10/2025) | Not Known (since 01/07/2025) | St.Kitts and Nevis (since 01/09/2020) | Singapore (since 01/09/2020) | Liberia (since 01/02/2018) | Singapore (since 01/07/2003)","7","2","SHIRAZI R (since 13/02/2026) | ARGUN SHIPPING INC (since 24/09/2020) | PACIFIC INTERNATIONAL LINES (since 17/09/2020) | KYOWA SHIPPING CORP (since 14/02/2018) | PACIFIC INTERNATIONAL LINES (since 09/04/2009)","","False","False","Rosja"
"9122473","VELON 1","Container Ship","(Iran)","EPA6468","","2001","16803","23051","In Service/Commission","GHASEMI B","GHASEMI B","AVA TARABAR DARYA CO LTD","Bureau Veritas (IACS)","","34","","","VELON 1 (since 01/09/2025) | Dhanu (since 01/03/2022) | Kabul (since 01/02/2020) | Sl Gulliver (since 01/06/2019) | Sagittarius (since 01/08/2008) | CMA CGM Ipanema (since 01/05/2007) | DAL Madagascar (since 01/12/2003) | Sagittarius (during 2001)","Iran (since 01/02/2026) | Aruba False (since 01/09/2025) | Not Known (since 01/07/2025) | St.Kitts and Nevis (since 01/02/2020) | Panama (since 01/06/2019) | Liberia (since 01/08/2008) | Germany (since 01/05/2008) | Liberia (since 01/04/2001) | Germany (since 01/04/2001)","8","7","GHASEMI B (since 21/02/2026) | RPTD SOLD UNDISCLOSED INTEREST (since 30/07/2025) | NEMAN SHIPPING INC (since 17/02/2020) | CROSSWORLD MARINE SERVICES-LIB (since 30/03/2017)","","False","False","Rosja"
"9348493","ARISTA","Container Ship","(Comoros FALSE)","UNKNOWN","","2006","15487","20643","In Service/Commission","RPTD SOLD UNDISCLOSED INTEREST","RPTD SOLD UNDISCLOSED INTEREST","UNKNOWN","Nippon Kaiji Kyokai (IACS)","","71","","","ARISTA (since 01/09/2025) | Gauja (since 01/05/2023) | TS Hongkong (since 01/12/2006) | Hammonia Xenia (since 01/07/2006)","Comoros FALSE (since 01/09/2025) | Not Known (since 01/08/2025) | Panama (since 01/12/2009) | Germany (since 01/05/2007) | Panama (since 01/05/2007) | Germany (since 01/05/2007) | Liberia (since 01/12/2006) | Germany (since 01/12/2006)","7","3","RPTD SOLD UNDISCLOSED INTEREST (since 30/07/2025) | TS HONG KONG SHIPPING CORP (since 31/12/2009) | HAMMONIA CHARTERING & SHIPS (since 19/12/2006)","","False","False","Rosja"
"9354167","HAKUNA MATATA","Container Ship","(Liberia)","5LBT7","","2008","76789","80282","In Service/Commission","ZHE YIN SHAN ZHOU NO 1 TIANJIN","DRACO BUREN SHIPPING PTE LTD","DRACO BUREN SHIPPING PTE LTD","May 2026","","51","","","HAKUNA MATATA (since 01/02/2022) | X-Press Annapurna (since 01/07/2018) | NYK Terra (since 01/07/2008)","Liberia (since 01/07/2021) | Singapore (since 01/07/2018) | Panama (since 01/07/2008)","2","2","ZHE YIN SHAN ZHOU NO 1 TIANJIN (since 24/05/2024) | OM-MAR 8 INC (since 07/02/2024) | OCM ANNAPURNA LLC (since 14/07/2021)","","False","False","Rosja"
"9330501","LIDIA","Container Ship","(Not Known)","UNKNOWN","","2007","36483","42930","In Service/Commission","RPTD SOLD UNDISCLOSED INTEREST","RPTD SOLD UNDISCLOSED INTEREST","UNKNOWN","Registro Italiano Navale (IACS)","","43","","","LIDIA (since 01/04/2023) | Tintin (since 01/10/2021) | Bomar Fulgent (since 01/05/2016) | Fulgent (since 01/03/2016) | Uni Fulgent (since 01/09/2015) | Ital Fulgida (since 01/08/2007)","Not Known (since 01/08/2025) | Liberia (since 01/03/2016) | Panama (since 01/08/2007) | Italy (since 01/08/2007) | Panama (since 01/08/2007)","4","5","RPTD SOLD UNDISCLOSED INTEREST (since 30/07/2025) | OCM TINTIN LLC (since 27/10/2021) | BOMAR J LLC (since 23/03/2016)","","False","False","Rosja"
"9292151","TAVA 4","Container Ship","(Not Known)","UNKNOWN","","2004","54271","67679","In Service/Commission","RPTD SOLD UNDISCLOSED INTEREST","RPTD SOLD UNDISCLOSED INTEREST","UNKNOWN","May 2026","","56","","","TAVA 4 (since 01/10/2025) | Moana (since 01/01/2022) | Maine Trader (since 01/11/2014) | HS Humboldt (since 01/07/2009) | HS Humboldt (since 01/11/2004) | Maersk Dortmund (since 01/11/2004)","Not Known (since 01/01/2026) | Comoros (since 01/10/2025) | Not Known (since 01/08/2025) | Liberia (since 01/01/2022) | Malta (since 01/11/2019) | Germany (since 01/11/2019) | Malta (since 01/11/2004) | Germany (since 01/11/2004)","7","5","RPTD SOLD UNDISCLOSED INTEREST (since 30/07/2025) | OCM MOANA LLC (since 11/01/2022) | MAINE TRADER MARITIME LTD (since 31/01/2021) | MAINE TRADER SHIPPING LTD-BVI (since 01/11/2019) | MAINE TRADER GMBH & CO KG (since 03/11/2014)","","False","False","Rosja"
"9400112","PINOCCHIO","Container Ship","(Liberia)","5LAB8","","2009","50963","63355","In Service/Commission","ZHE YIN SHAN ZHOU NO 2 TIANJIN","DRACO BUREN SHIPPING PTE LTD","DRACO BUREN SHIPPING PTE LTD","May 2026","","67","","","PINOCCHIO (since 01/04/2021) | Seamelody (since 01/02/2020) | San Francisco Ii (since 01/03/2019) | Zim San Francisco (since 01/02/2009) | Conti San Francisco (since 01/12/2008)","Liberia (since 01/04/2021) | Malta (since 01/02/2020) | Germany (since 01/02/2020) | Liberia (since 01/03/2019) | Malta (since 01/03/2014) | Germany (since 01/02/2009)","5","4","ZHE YIN SHAN ZHOU NO 2 TIANJIN (since 03/06/2024) | OM-MAR 5 INC (since 07/02/2024) | OCM PANTHEON LLC (since 21/04/2021) | SIRIUS NAVIGATION LTD-MAI (since 24/02/2020) | CONTI 159 CONTI SAN FRANCISCO (since 09/02/2009)","","False","False","Rosja"
"9302566","PUMBA","Container Ship","(Not Known)","UNKNOWN","","2006","54214","68126","In Service/Commission","RPTD SOLD UNDISCLOSED INTEREST","RPTD SOLD UNDISCLOSED INTEREST","UNKNOWN","DNV-GL (ex GL) (IACS)","","63","","","PUMBA (since 01/05/2022) | S Santiago (since 01/02/2017) | ANL Wantirna (since 01/12/2016) | S Santiago (since 01/09/2015) | Sct Santiago (since 01/08/2011) | MSC Benedetta (since 01/05/2006)","Not Known (since 01/08/2025) | Liberia (since 01/05/2022) | Marshall Islands (since 01/07/2007) | Panama (since 01/05/2006) | Singapore (since 01/01/2006)","4","5","RPTD SOLD UNDISCLOSED INTEREST (since 30/07/2025) | PUMBAA SHIPPING INC (since 17/05/2022)","","False","False","Rosja"
"9307023","RANTANPLAN","Container Ship","(Liberia)","5LCH2","","2006","66462","66940","In Service/Commission","XIANG H71 INTERNATIONAL SHIP","DRACO BUREN SHIPPING PTE LTD","DRACO BUREN SHIPPING PTE LTD","March 2026","","74","","","RANTANPLAN (since 01/09/2021) | OOCL Dubai (since 01/05/2013) | Canada Express (since 01/06/2010) | OOCL Dubai (since 01/06/2006)","Liberia (since 01/09/2021) | Singapore (since 01/01/2012) | Hong Kong, China (since 01/06/2006)","2","3","XIANG H71 INTERNATIONAL SHIP (since 07/06/2024) | OCM GUADIANA LLC (since 14/09/2021) | GRACE OCEAN PTE LTD (since 09/01/2012) | LEPTA SHIPPING CO LTD (since 01/06/2006) | SOUTHERN ROUTE MARITIME SA (since 01/06/2006)","","False","False","Rosja"
"9236652","ENZO 2","Container Ship","(Iran)","EPA6475","","2001","25535","35976","In Service/Commission","GHASEMI B","GHASEMI B","UNKNOWN","May 2026","","39","","","ENZO 2 (since 01/09/2025) | Rob (since 01/11/2022) | Mogly (since 01/04/2022) | Marina Jade (since 01/12/2021) | Kent Trader (since 01/07/2017) | Katharinas (since 01/06/2016) | Katharina (since 01/03/2013) | MOL Symphony (since 01/03/2008) | Katharina (during 2001) | CSCL Lianyungang (since 01/01/2001)","Iran (since 01/03/2026) | Comoros FALSE (since 01/12/2025) | Aruba False (since 01/09/2025) | Liberia (since 01/05/2019) | Malta (since 01/06/2016) | Germany (since 01/06/2016) | Liberia (since 01/11/2001) | Germany (since 01/11/2001)","7","9","GHASEMI B (since 28/03/2026) | RPTD SOLD UNDISCLOSED INTEREST (since 30/07/2025) | KENT TRADER SHIPPING LTD (since 16/06/2016) | KATHARINA KG (since 23/11/2001)","","False","False","Rosja"
"9719862","SIMBA","Container Ship","(Guyana False)","UNKNOWN","","2015","70704","79294","In Service/Commission","RPTD SOLD UNDISCLOSED INTEREST","RPTD SOLD UNDISCLOSED INTEREST","UNKNOWN","May 2026","","30","","","SIMBA (since 01/12/2021) | Cape Chronos (since 01/06/2015)","Guyana False (since 01/05/2026) | Not Known (since 01/08/2025) | Liberia (since 01/12/2021) | Cyprus (since 01/06/2015)","3","1","RPTD SOLD UNDISCLOSED INTEREST (since 30/07/2025) | SEA LEAD SHIPPING MI LTD (since 23/12/2021) | GREEN PINE SHIPPING LTD (since 16/06/2015)","","False","False","Rosja"
"9436484","STAR","Container Ship","(Comoros FALSE)","UNKNOWN","","2009","36007","41975","In Service/Commission","RPTD SOLD UNDISCLOSED INTEREST","RPTD SOLD UNDISCLOSED INTEREST","UNKNOWN","May 2026","","39","","","STAR (since 01/10/2025) | Sila 3 (since 01/09/2025) | Star (since 01/03/2023) | Sonic (since 01/06/2021) | Gh Scirocco (since 01/05/2017) | Hs Debussy (since 01/04/2012) | SCI New Delhi (since 01/07/2009) | HS Debussy (since 01/02/2009)","Comoros FALSE (since 01/10/2025) | Aruba False (since 01/09/2025) | Liberia (since 01/06/2021) | Marshall Islands (since 01/05/2017) | Germany (since 01/05/2017) | Liberia (since 01/03/2009) | Germany (since 01/03/2009)","6","7","RPTD SOLD UNDISCLOSED INTEREST (since 30/07/2025) | OCM SONIC LLC (since 19/06/2021) | GH SCIROCCO LLC (since 19/05/2017)","","False","False","Rosja"
"9237084","ZYRA","Container Ship","(Aruba False)","UNKNOWN","","2002","25836","34026","In Service/Commission","REEL SHIPPING LLC","REEL SHIPPING LLC","UNKNOWN","May 2026","","63","","","ZYRA (since 01/08/2025) | Tb Anping (since 01/01/2024) | Wan Hai 306 (since 01/09/2002)","Aruba False (since 01/10/2025) | Timor Leste FALSE (since 01/08/2025) | Liberia (since 01/01/2024) | Singapore (during 2002)","3","2","REEL SHIPPING LLC (since 22/10/2025) | BAOHUA SHIPPING CO LTD-LIB (since 08/01/2024) | WAN HAI LINES SINGAPORE PTE (during 2002)","","False","False","Rosja"
"9246322","FLEXI 2","Container Ship","(Iran)","EPA6447","","2003","27322","34418","In Service/Commission","SADAT SHIRAZI SMR","SADAT SHIRAZI SMR","AVA TARABAR DARYA CO LTD","Bureau Veritas (IACS)","","44","","","FLEXI 2 (since 01/08/2025) | Tex (since 01/01/2023) | Sl Tweety (since 01/07/2019) | Puccini (since 01/07/2013) | E. R. Bremen (since 01/02/2010) | CCNI Manzanillo (since 01/03/2007) | E. R. Bremen (since 01/02/2003) | Maersk Norfolk (since 01/02/2003)","Iran (since 01/02/2026) | Guyana False (since 01/08/2025) | Liberia (since 01/02/2022) | Panama (since 01/07/2019) | Liberia (since 01/12/2017) | Germany (since 01/12/2017) | Liberia (since 01/02/2003) | Germany (since 01/02/2003)","7","7","SADAT SHIRAZI SMR (since 12/02/2026) | TEEX SHIPPING INC (since 18/01/2023) | BOMAR PUCCINI LLC (since 04/12/2017) | ER CAPITAL HOLDING GMBH & CIE (during 2003)","","False","False","Rosja"
"9415844","TIMON","Container Ship","(Comoros)","D6A4448","","2009","75604","85622","To Be Broken Up","WINTER PARK TRADING","GREEN OCEAN SHIP MANAGEMENT","UNKNOWN","May 2026","","42","","","TIMON (since 01/05/2026) | Time (since 01/03/2026) | Timon (since 01/12/2021) | Rdo Concert (since 01/01/2012) | RDO Concert (since 01/12/2009) | Uasc Yanbu (since 01/12/2009)","Comoros (since 01/05/2026) | Guyana False (since 01/03/2026) | Liberia (since 01/12/2021) | Germany (since 01/12/2021) | Liberia (since 01/06/2019) | Germany (since 01/06/2019) | Liberia (since 01/12/2009)","6","5","WINTER PARK TRADING (since 13/05/2026) | XIANG T98 HK INTERNATIONAL (since 03/06/2024) | OCM TIMON LLC (since 03/12/2021) | DEOCON SCHIFFAHRTSGESELLSCHAFT (since 27/06/2019) | DEOCON NAVIGATION INC (since 01/12/2009)","","False","False","Rosja"
"9041655","ZIRAN","LPG Tanker","(Guyana False)","UNKNOWN","","1992","44704","50400","In Service/Commission","RPTD SOLD UNDISCLOSED INTEREST","RPTD SOLD UNDISCLOSED INTEREST","UNKNOWN","Bureau Veritas (IACS)","","24","","","ZIRAN (since 01/09/2025) | Tris Gas (since 01/11/2020) | Beatris Gas (since 01/12/2018) | Sisouli Prem (since 01/03/2014) | Maharshi Vishwamitra (since 01/03/2011)","Guyana False (since 01/09/2025) | Cameroon (since 01/11/2020) | St.Kitts and Nevis (since 01/01/2020) | Panama (since 01/12/2018) | India (since 01/09/2011) | Cyprus (since 01/03/2011) | Korea (Republic of) (since 01/11/2003)","6","4","RPTD SOLD UNDISCLOSED INTEREST (since 30/07/2025) | MERCATOR LTD (since 29/03/2014)","","False","False","Rosja"
"9307009","YOGI","Container Ship","(Liberia)","D5ZZ2","","2006","66462","66940","In Service/Commission","RPTD SOLD UNDISCLOSED INTEREST","RPTD SOLD UNDISCLOSED INTEREST","UNKNOWN","April 2026","","54","","","","","","","","","False","False","Rosja"
"9304590","OPTIMAL ACE","Chemical/Oil Products Tanker","(Hong Kong, China)","VRXL2","","2006","30091","49999","In Service/Commission","GOLDEN BRIDGE MARINE CORP LTD","GOLDEN BRIDGE MARINE CORP LTD","OCEANWAY SHIPS MANAGEMENT CO","Registro Italiano Navale (IACS)","","38","","","OPTIMAL ACE (since 01/01/2026) | One Advance (since 01/05/2025) | Elim Grace (since 01/06/2024) | Torm Eric (since 01/01/2016) | Njord Eric (since 01/04/2014) | St. Gabriel (since 01/01/2006)","Hong Kong, China (since 01/02/2026) | Liberia (since 01/06/2024) | Singapore (since 01/11/2013) | Hong Kong, China (since 01/01/2006)","3","5","GOLDEN BRIDGE MARINE CORP LTD (since 03/02/2026) | E PATIENCE SHIPPING CO LTD (since 08/01/2026) | ONE ADVANCE SHIPPING LTD (since 16/05/2025) | ES CHALLENGE SHIPPING CO LTD (since 06/06/2024) | TORM SINGAPORE PTE LTD (since 28/09/2020) | OCM SINGAPORE ST GABRIEL (since 11/11/2013) | PRETTY HARVEST SHIPPING SA (since 04/01/2006)","","False","False","Rosja"
"9269350","KAPITAN BARMIN","Oil Products Tanker","(Rosja)","UHJL","","2002","4535","5742","In Service/Commission","VOLGOTRANS LLC","VOLGOTANKER VOLZHSKI OIL SHPG","MTF-SERVICE LLC","Rosjan Maritime Register of Shipping","","15","","","KAPITAN BARMIN (since 01/12/2002)","Rosja (during 2004)","0","0","VOLGOTRANS LLC (since 01/05/2010) | VOLGOTANKER VOLZHSKI OIL SHPG (during 2004)","","False","False","Rosja"
"9264271","KOLENTE","Chemical/Oil Products Tanker","(Sierra leone)","9LS2156","","2004","25108","40345","In Service/Commission","PULSAR INVESTMENTS CO LLC","XENA DMCC","XENA DMCC","Registro Italiano Navale (IACS)","","55","","","KOLENTE (since 01/10/2025) | Pm Bradley (since 01/02/2023) | Cape Bradley (since 01/07/2005) | J. Shartava (since 01/02/2004)","Sierra leone (since 01/04/2025) | Panama (since 01/02/2023) | Marshall Islands (since 01/02/2004)","2","3","PULSAR INVESTMENTS CO LLC (since 06/02/2023) | CL TANGSHAN LTD (since 23/12/2021)","","False","False","Rosja"
"9306639","SAVIR LION","Crude Oil Tanker","(Indonesia)","YDFU3","","2007","61724","109672","In Service/Commission","SAPPHIRE MARITIME PT","GEMILANG BINA LINTAS TIRTA PT","GEMILANG BINA LINTAS TIRTA PT","Lloyd's Register (IACS)","","28","","","SAVIR LION (since 01/10/2023) | Sembrani (since 01/01/2021) | Maersk Petrel (since 01/12/2011) | Torm Mette (since 01/06/2007)","Indonesia (since 01/10/2023) | Marshall Islands (since 01/01/2021) | Singapore (since 01/12/2011) | Denmark (DIS) (since 01/09/2009) | Norway (NIS) (since 01/06/2007)","4","3","SAPPHIRE MARITIME PT (since 27/10/2023) | CIMC SCORPIO LTD (since 03/10/2022) | SEMBRANI MARITIME LTD (since 04/01/2021) | MAERSK TANKERS SINGAPORE PTE (since 28/12/2011) | TORM A/S (since 26/06/2007)","","False","False","Rosja"
"9295048","HANUMAN","Oil Products Tanker","(Sierra leone)","9LS2204","","2004","22184","34620","In Service/Commission","SKHP LOGISTICS LTD","SKHP LOGISTICS LTD","CROMA SHIPPING & LOGISTICS LTD","Turk Loydu (IACS)","","36","","","HANUMAN (since 01/06/2024) | Arin (since 01/05/2019) | Skylark (since 01/11/2004) | Gerhard Schulte (since 01/07/2004)","Sierra leone (since 01/08/2025) | Liberia (since 01/11/2004)","1","3","SKHP LOGISTICS LTD (since 20/06/2024) | OAKTREE SHIPPING SA (since 03/05/2019)","","False","False","Rosja"
"9327425","WONDER STAR","Chemical/Oil Products Tanker","(Liberia)","5LNZ2","","2006","23309","37562","In Service/Commission","SOLARIS LTD","SOLARIS LTD","COUGAR NAUTIC INC","Registro Italiano Navale (IACS)","","46","","","WONDER STAR (since 01/11/2023) | Wonder Formosa (since 01/06/2021) | Skyros (since 01/02/2016) | Morgane (since 01/09/2013) | Juniper 2 (since 01/03/2013) | Omega Princess (since 01/06/2006) | Adonis (since 01/01/2006)","Liberia (since 01/11/2023) | Marshall Islands (since 01/06/2021) | Greece (since 01/02/2016) | Marshall Islands (since 01/01/2006)","3","6","SOLARIS LTD (since 16/11/2023) | XAVIER SHIPPING CO (since 22/06/2021) | SKYROS II SHIPPING CORP (since 17/02/2016)","","False","False","Rosja"
"9253777","ANKARA","Chemical/Oil Products Tanker","(Panama)","3E4794","","2004","25382","40083","In Service/Commission","KAFKASYA SHIPPING LTD","BESIKTAS LIKID TASIMACILIK","BESIKTAS LIKID TASIMACILIK","Registro Italiano Navale (IACS)","","25","","","ANKARA (since 01/01/2024) | Alicudi M (since 01/02/2004)","Panama (since 01/02/2024) | Liberia (since 01/01/2024) | Italy (since 01/02/2004)","2","1","KAFKASYA SHIPPING LTD (since 27/01/2024) | MEDNAV SPA (since 12/10/2023) | VERIMAR CHEMICAL LTD (since 09/10/2008) | PERSEVERANZA SPA DI NAVIGAZION (since 04/02/2004)","","False","False","Rosja"
"9655468","LOYALTY","Oil Products Tanker","(Rosja)","UBIK7","","2013","5075","7025","In Service/Commission","SVL MARITIME D LTD","PRIME SHIPPING LLC-RUS","PRIME SHIPPING LLC-RUS","Rosjan Maritime Register of Shipping","","11","","","LOYALTY (since 01/02/2021) | Svl Loyalty (since 01/12/2017) | Rn Syzran (since 01/08/2015) | Svl Loyalty (since 01/07/2013)","Rosja (since 01/10/2019) | Rosja (since 01/10/2019) | Malta (since 01/10/2019) | Rosja (since 01/12/2017) | Rosja (since 01/07/2013) | Malta (since 01/07/2013)","5","3","SVL MARITIME D LTD (since 31/07/2013)","","False","False","Rosja"
"9645982","LIBERTY","Oil Products Tanker","(Rosja)","UFNT","","2013","5075","7041","In Service/Commission","PRIME SHIPPING LLC-RUS","PRIME SHIPPING LLC-RUS","PRIME SHIPPING LLC-RUS","Rosjan Maritime Register of Shipping","","5","","","LIBERTY (since 01/02/2021) | Svl Liberty (since 01/11/2017) | Rn Samara (since 01/08/2015) | Svl Liberty (since 01/03/2013)","Rosja (since 01/10/2019) | Malta (since 01/10/2019) | Rosja (since 01/11/2017) | Rosja (since 01/09/2015) | Rosja (since 01/05/2013) | Malta (since 01/03/2013)","5","3","PRIME SHIPPING LLC-RUS (since 02/10/2019) | SVL MARITIME C LTD (since 22/03/2013)","","False","False","Rosja"
"9637583","KORE","Chemical/Oil Products Tanker","(Rosja)","UBRI9","","2012","5144","7447","In Service/Commission","PB NORGE AS","PRIME SHIPPING LLC-RUS","PRIME SHIPPING LLC-RUS","Rosjan Maritime Register of Shipping","","0","","","KORE (since 01/06/2012)","Rosja (since 01/07/2012) | Malta (since 01/06/2012)","1","0","PB NORGE AS (since 07/06/2012)","","False","False","Rosja"
"9616955","GARMONIA","Chemical/Oil Products Tanker","(Rosja)","UBFI8","","2012","5144","7431","In Service/Commission","PB NORGE AS","PRIME SHIPPING LLC-RUS","PRIME SHIPPING LLC-RUS","Rosjan Maritime Register of Shipping","","17","","","GARMONIA (since 01/02/2012) | Galatea (since 01/12/2011)","Rosja (since 01/04/2023) | Malta (since 01/04/2023) | Rosja (since 01/02/2012) | Malta (since 01/02/2012)","3","1","PB NORGE AS (since 17/02/2012)","","False","False","Rosja"
"1024950","KOS","Crude Oil Tanker","(Liberia)","5LXH9","","2025","63468","115026","In Service/Commission","KOS SHIPS LTD","DYNACOM TANKERS MANAGEMENT LTD","KOS SHIPS LTD","Bureau Veritas (IACS)","","2","","","KOS (since 01/06/2025)","Liberia (since 01/06/2025)","0","0","KOS SHIPS LTD (since 30/06/2025)","","False","False","Rosja"
"9255842","MAGNI ALEXA","Chemical/Oil Products Tanker","(Panama)","3E2339","","2003","25561","37379","In Service/Commission","MAGNI ALEXA SHIPPING LTD","SREDISTE SHIPPING LLC","SREDISTE SHIPPING GEMI","Lloyd's Register (IACS)","","42","","","MAGNI ALEXA (since 01/03/2023) | Naftilos An (since 01/01/2007) | Ngol Queve (since 01/07/2003) | Nordpark (during 2003)","Panama (since 01/03/2023) | Malta (since 01/07/2003) | Bahamas (during 2003)","2","3","MAGNI ALEXA SHIPPING LTD (since 31/07/2023) | PLCM PTE LTD (since 30/03/2023) | MARE ARTEMIS SHIPPING LTD (since 17/06/2020) | NAFTILOS A MARINE (since 15/01/2007) | NGOL QUEVE (since 18/07/2003) | NORTIDE II (during 2003)","","False","False","Rosja"
"9254240","DUKE II","Crude Oil Tanker","(Panama)","3E3697","","2003","28567","47024","In Service/Commission","SAGITTARIUS MARITIME VENTURES","SR NAVIGATION SA","SR NAVIGATION SA","Bureau Veritas (IACS)","","49","","","DUKE II (since 01/09/2022) | Torm Moselle (since 01/02/2008) | Moselle (since 01/02/2003)","Panama (since 01/09/2022) | Denmark (DIS) (since 01/03/2008) | Marshall Islands (since 01/02/2003)","2","2","SAGITTARIUS MARITIME VENTURES (since 09/09/2022) | TORM A/S (since 29/06/2020) | TORM A/S (since 01/01/2008) | MOSELLE SHIPPING LLC (since 01/01/2003)","","False","False","Rosja"
"9282558","REVOLINER","Crude Oil Tanker","(Panama)","3E5906","","2005","28245","46847","In Service/Commission","SYNERGY SHIPPING LTD","SYNERGY SHIPPING LTD","CLEAN ROAD SHIPPING CO","Lloyd's Register (IACS)","","42","","","REVOLINER (since 01/04/2024) | Priority C (since 01/08/2022) | Priority (since 01/05/2022) | High Priority (since 01/03/2005)","Panama (since 01/04/2024) | Liberia (since 01/02/2021) | Malta (since 01/10/2017) | Liberia (since 01/10/2007) | Singapore (since 01/03/2005)","4","3","SYNERGY SHIPPING LTD (since 12/04/2024) | LUNA MANAGEMENT CORP (since 10/05/2022) | D'AMICO TANKERS DAC (since 05/02/2021) | SKUDEHOLMEN SHIPPING LTD (since 25/09/2017) | D'AMICO TANKERS DAC (since 12/10/2007) | BLUE WAKE SHIPPING PTE LTD (since 22/03/2005)","","False","False","Rosja"
"9292515","PELAGOS","Crude Oil Tanker","(Panama)","3E7210","","2005","62929","115525","In Service/Commission","IONIKON SAILWORKS CORP","IONIKON SAILWORKS CORP","ZEYTHRA GROUP LLC-FZ","DNV (IACS)","","39","","","PELAGOS (since 01/03/2026) | Breeze Iii (since 01/12/2024) | Erik Spirit (since 01/04/2005)","Panama (since 01/12/2024) | Bahamas (since 01/04/2005)","1","2","IONIKON SAILWORKS CORP (since 05/03/2026) | QUESTMAR GROUP LTD (since 04/03/2026) | WHITE SHORE ENTERPRISES SA (since 23/12/2024) | ERIK SPIRIT LLC (since 07/04/2005)","","False","False","Rosja"
"9288368","ANNA MARIA P","Oil Products Tanker","(Liberia)","5LMM6","","2005","26924","47278","In Service/Commission","THEROS SHIPPING INC","THEROS SHIPPING INC","SU-NAV SMEA PVT LTD","May 2026","","47","","","ANNA MARIA P (since 01/08/2023) | Beacon Hill (since 01/11/2009) | Ruby (since 01/01/2005)","Liberia (since 01/08/2023) | Hong Kong, China (since 01/11/2009) | Malta (since 01/01/2005)","2","2","THEROS SHIPPING INC (since 04/08/2023) | BEACON HILL SHIPPING INC (since 06/11/2009) | WAH KWONG SHANGHAI (during 2005)","","False","False","Rosja"
"9315769","THE SAUCE","Chemical/Oil Products Tanker","(Liberia)","5LDL8","","2007","23270","37651","In Service/Commission","ANDOO SA","SOLID ENERGY SOLUTIONS","COUGAR NAUTIC INC","Registro Italiano Navale (IACS)","","35","","","THE SAUCE (since 01/01/2023) | Chemtrans Mars (since 01/11/2021) | Aiolos (since 01/04/2017) | British Emissary (since 01/03/2007) | Aiolos (since 01/07/2004)","Liberia (since 01/01/2023) | Germany (since 01/11/2021) | Liberia (since 01/11/2021) | Germany (since 01/11/2021) | Marshall Islands (since 01/04/2017) | Isle of Man (since 01/03/2007) | Marshall Islands (since 01/03/2007)","6","4","ANDOO SA (since 27/01/2023) | CHEMTRANS MARS UG (since 22/11/2021) | TEMPEST MARITIME INC (since 02/03/2007)","","False","False","Rosja"
"9792187","CHIOS I","Crude Oil Tanker","(Malta)","9HA4517","","2017","82605","149999","In Service/Commission","SEACOMBER LTD","DYNACOM TANKERS MANAGEMENT LTD","SEACOMBER LTD","Bureau Veritas (IACS)","","13","","","CHIOS I (since 01/08/2017)","Malta (since 01/08/2017)","0","0","SEACOMBER LTD (since 07/08/2017)","","False","False","Rosja"
"9340116","CHEM HELEN","Chemical/Oil Products Tanker","(Liberia)","A8MG4","","2007","24112","38396","In Service/Commission","ROBIN ENTERPRISES SA","ROBIN ENTERPRISES SA","EXECUTIVE SHIP MANAGEMENT","Registro Italiano Navale (IACS)","","58","","","CHEM HELEN (since 01/01/2013) | Spruce 3 (since 01/06/2012) | Meg (since 01/07/2007)","Liberia (since 01/07/2007)","0","2","ROBIN ENTERPRISES SA (since 08/01/2013)","","False","False","Rosja"
"9356763","OCEAN WAVE I","Crude Oil Tanker","(Panama)","3FLU2","","2008","30965","50353","In Service/Commission","LIGHTHOUSE MARITIME INVESTMENT","SEA TRADE MARINE SA","SEA TRADE MARINE SA","Bureau Veritas (IACS)","","30","","","OCEAN WAVE I (since 01/05/2021) | Ocean Mercury (since 01/08/2008)","Panama (since 01/05/2021) | Singapore (since 01/08/2008)","1","1","LIGHTHOUSE MARITIME INVESTMENT (since 14/05/2021) | DA XIN TANKERS (since 28/08/2008)","","False","False","Rosja"
"9384124","VALGARDENA","Chemical/Oil Products Tanker","(Malta)","9HA4948","","2008","23335","37481","In Service/Commission","PEMONT LTD","NAVIGAZIONE MONTANARI SPA","NAVIGAZIONE MONTANARI SPA","Registro Italiano Navale (IACS)","","31","","","VALGARDENA (since 01/06/2008)","Malta (since 01/02/2019) | Italy (since 01/06/2008)","1","0","PEMONT LTD (since 07/03/2023) | VASSHOLMEN SHIPPING LTD (since 01/02/2019) | NAVIGAZIONE MONTANARI SPA (since 19/06/2008)","","False","False","Rosja"
"9412000","CONGA","Chemical/Oil Products Tanker","(Malta)","9HA6307","","2010","23312","37874","In Service/Commission","CONGA SHIPPING CO","SPRING MARINE MANAGEMENT SA","SPRING MARINE MANAGEMENT SA","Lloyd's Register (IACS)","","41","","","CONGA (since 01/11/2023) | Elvira (since 01/04/2023) | Norviken (since 01/12/2018) | Zambezi Star (since 01/02/2010)","Malta (since 01/08/2025) | Marshall Islands (since 01/04/2023) | Liberia (since 01/12/2018) | Germany (since 01/12/2018) | Isle of Man (since 01/02/2010) | Germany (since 01/02/2010)","5","3","CONGA SHIPPING CO (since 16/11/2023) | NORVIKEN AS (since 11/12/2018) | ZAMBEZI STAR (since 12/02/2010)","","False","False","Rosja"
"9282297","KASTOS I","Crude Oil Tanker","(Panama)","3E5413","","2004","28529","44999","In Service/Commission","OCEAN STAR MARITIME VENTURES","SWISS CARRIERS SA","SWISS CARRIERS SA","May 2026","","68","","","KASTOS I (since 01/05/2024) | Dai Minh (since 01/11/2007) | Ottavia (since 01/02/2006) | Octavia (since 01/01/2004)","Panama (since 01/05/2024) | Vietnam (since 01/11/2007) | Malta (since 01/02/2006) | Philippines (since 01/01/2004)","3","3","OCEAN STAR MARITIME VENTURES (since 22/05/2024) | VOSCO (since 29/11/2007) | DEERING MARITIME LTD (since 18/02/2006) | SAGANA SHIPPING INC (since 01/01/2004)","","False","False","Rosja"
"9248447","BIRUNI","Crude Oil Tanker","(Panama)","3E2281","","2003","81141","148553","In Service/Commission","NERIKOS PORTAGE CORP","NERIKOS PORTAGE CORP","ZEYTHRA GROUP LLC-FZ","DNV (IACS)","","25","","","BIRUNI (since 01/03/2026) | Blue Lagoon I (since 01/01/2023) | Grena Knutsen (since 01/10/2014) | Grena (since 01/12/2003)","Panama (since 01/02/2023) | Bahamas (during 2003)","1","3","NERIKOS PORTAGE CORP (since 17/03/2026) | BLUE LAGOON COMMERCIAL ENT (since 01/02/2023) | SOPHIA SHIP HOLDING LTD (since 28/03/2017) | LUDWIG MOWINCKELS REDERI (during 2003)","","False","False","Rosja"
"9309980","MERENGUE","Oil Products Tanker","(Liberia)","5LAH2","","2007","24048","38431","In Service/Commission","MERENGUE SHIPPING CO","SPRING MARINE MANAGEMENT SA","SPRING MARINE MANAGEMENT SA","Lloyd's Register (IACS)","","33","","","MERENGUE (since 01/02/2023) | Luzern (since 01/05/2021) | Nord Bell (since 01/04/2007)","Liberia (since 01/02/2023) | Germany (since 01/02/2023) | Liberia (since 01/05/2021) | Germany (since 01/04/2007) | Denmark (DIS) (since 01/04/2007)","4","2","MERENGUE SHIPPING CO (since 28/02/2023) | LUZERN CONDOR 232 SCHIFFFAHRTS (since 21/05/2021) | NORDEN ASSET MANAGEMENT A/S (since 08/12/2020) | NORDEN AS DAMPSKIBSSELSKABET (since 04/02/2020) | SYNERGY MARINE COPENHAGEN AS (since 28/08/2007) | NORTIDE SHIPPING LTD (since 06/04/2007)","","False","False","Rosja"
"9243320","YEHOPE","Crude Oil Tanker","(Barbados)","8PPX","","2003","57095","99999","In Service/Commission","BRANCH SAYING INTERNATIONAL","SUMMER SHIP MANAGEMENT LTD","SUMMER SHIP MANAGEMENT LTD","Bureau Veritas (IACS)","","43","","","YEHOPE (since 01/01/2026) | Pollux (since 01/08/2022) | Torm Ingeborg (since 01/10/2003)","Barbados (since 01/01/2026) | Panama (since 01/08/2022) | Singapore (since 01/02/2016) | Marshall Islands (since 01/05/2014) | Denmark (DIS) (since 01/02/2009) | Norway (NIS) (during 2003)","5","2","BRANCH SAYING INTERNATIONAL (since 19/01/2026) | OCEANFRONT MARITIME CO SA (since 12/08/2022) | TORM SINGAPORE PTE LTD (since 26/08/2020) | VESSELCO 2 K/S (since 12/11/2012) | TORM A/S (since 01/11/2003)","","False","False","Rosja"
"9273351","ETERNAL","Oil Products Tanker","(Liberia)","5LXA6","","2004","28203","45915","In Service/Commission","CASSIA SERVICES CO","CASTLETON SHIPPING INC","CASTLETON SHIPPING INC","Bureau Veritas (IACS)","","62","","","ETERNAL (since 01/05/2025) | Eternal Sunshine (since 01/12/2013) | Pioneer Sunshine (since 01/02/2004)","Liberia (since 01/05/2025) | Marshall Islands (since 01/12/2013) | Panama (during 2004)","2","2","CASSIA SERVICES CO (since 20/02/2026) | CASTLETON SHIPPING INC (since 12/05/2025) | ETERNAL SHIPPING LLC (since 31/03/2014) | MOON RISE SHIPPING CO SA (since 12/03/2004)","","False","False","Rosja"
"8611219","SAFINA","General Cargo Ship","(Comoros)","D6A3060","","1989","1984","3217","In Service/Commission","GLOBAL CHARTER TRANSPORTATION","GLOBAL CHARTER TRANSPORTATION","NORTH GLOBAL SHIPPING IMP/EXP","May 2026","","73","","","SAFINA (since 01/01/2023) | Vera Su (since 01/03/2014) | Rantum (since 01/08/2002)","Comoros (since 01/01/2023) | Not Known (since 01/11/2021) | Panama (since 01/03/2014) | Germany (since 01/03/2014) | Antigua and Barbuda (since 01/01/2004)","4","2","GLOBAL CHARTER TRANSPORTATION (since 16/01/2023) | VERA SHIPPING LTD-MAI (since 26/02/2014)","","False","False","Rosja"
"9132480","KLC ERCIYES","Bulk Carrier","(Vanuatu)","YJTZ8","","1997","9995","13971","In Service/Commission","ERCIYES SHIPPING CO","ISKELE DENIZCILIK TICARET LTD","ISKELE DENIZCILIK TICARET LTD","May 2026","","107","","","KLC ERCIYES (since 01/01/2022) | Serdika (since 01/08/2018) | Scanda (since 01/05/2018)","Vanuatu (since 01/01/2026) | Barbados (since 01/10/2022) | Vanuatu (since 01/01/2022) | Belize (since 01/05/2018) | Malta (since 01/04/2009) | Bulgaria (since 01/07/2005)","5","2","ERCIYES SHIPPING CO (since 24/01/2022) | BRIGHTWAY DISTRIBUTION LTD (since 21/08/2018)","","False","False","Rosja"
"9100190","KUDMA 4","General Cargo Ship","(Rosja)","UGLF","","1993","1839","2784","In Service/Commission","KUDMA 4 CARGO SHIP LTD","KUDMA SHIPMANAGEMENT LLC","KUDMA SHIPMANAGEMENT LLC","November 2025","","11","","","KUDMA 4 (since 01/11/2011) | Samur 8 (since 01/05/2002)","Rosja (since 01/10/2014) | Sierra leone (since 01/11/2011) | Rosja (since 01/11/2011) | Sierra leone (since 01/11/2011) | Malta (since 01/07/2003) | Rosja (since 01/07/2003) | Malta (since 01/05/2002) | Rosja (during 2001)","7","1","KUDMA 4 CARGO SHIP LTD (since 01/10/2011)","","False","False","Rosja"
"9493224","ST. OLGA","Bulk Carrier","(Panama)","3E3727","","2011","17025","28202","In Service/Commission","LEVANTE SHIPPING BIB INC","BOGAZICI TAHILI BIB ITHALAT","BOGAZICI TAHILI BIB ITHALAT","Phoenix Register of Shipping","","55","","","ST. OLGA (since 01/10/2022) | Amira Sophie (since 01/10/2020) | Westgate (since 01/03/2011)","Panama (since 01/10/2022) | Barbados (since 01/10/2020) | Liberia (since 01/06/2012) | United Kingdom (since 01/03/2011)","3","2","LEVANTE SHIPPING BIB INC (since 06/09/2022) | SOPHIE MARITIME CO (since 19/10/2020) | DRESTO SHIPPING INC (since 06/10/2013) | MACESAL SHIPPING INC-LIB (during 06/2012) | MACESAL SHIPPING INC (since 30/03/2011)","","False","False","Rosja"
"9365415","ANKA","General Cargo Ship","(Tanzania)","5IM919","","2005","3043","5104","In Service/Commission","FAB PETROL DOO","FAB PETROL DOO","UNKNOWN","December 2025","","48","","","ANKA (since 01/03/2022) | Victoria (since 01/09/2008) | Vera 777 (since 01/08/2005) | Xin Long Zhou 155 (since 01/06/2005)","Tanzania (since 01/04/2025) | Mongolia (since 01/01/2023) | Not Known (since 01/10/2022) | Palau (Republic of) (since 01/01/2022) | Cameroon (since 01/09/2019) | Comoros (since 01/09/2008) | Panama (since 01/08/2005) | China Peoples's Republic (since 01/06/2005)","7","3","","","False","False","Rosja"
"9367164","SIDER","General Cargo Ship","(Tanzania)","UNKNOWN","","2006","2494","4103","Total Loss","SIDER SHIPPING SA","SIDER SHIPPING SA","UNKNOWN","January 2026","","48","","","SIDER (since 01/11/2025) | Aya Zanoubya 3 (since 01/05/2023) | Star 26 (since 01/04/2021) | Star 126 (since 01/12/2014) | Nasico Star (since 01/01/2006)","Tanzania (since 01/05/2023) | Vietnam (since 01/01/2006)","1","4","","","False","False","Rosja"
"9222443","VOY","Crude Oil Tanker","(Not Known)","UNKNOWN","","2000","152139","281050","In Service/Commission","HOZDRA GROUP LTD","HOZDRA GROUP LTD","RYAN SHIPPING LTD","May 2026","","24","","","VOY (since 01/04/2025) | Lily (since 01/12/2024) | Tricia Ii (since 01/05/2024) | Tiburtina (since 01/10/2023) | Arabela (since 01/10/2022) | Kyoto (since 01/06/2020) | Tenyo (since 01/08/2000)","Not Known (since 01/10/2025) | Sao Tome and Principe (since 01/04/2025) | Tanzania (since 01/12/2024) | Comoros (since 01/05/2024) | Panama (since 01/10/2023) | Not Known (since 01/12/2022) | St.Kitts and Nevis (since 01/10/2022) | Panama (since 01/06/2020) | Singapore (since 01/03/2011) | Liberia (since 01/08/2000)","9","6","HOZDRA GROUP LTD (since 25/04/2025) | TRICIA NAVIGATION LTD (since 22/01/2024) | SEAGALLOP MARITIME CO SA (since 29/06/2020)","","False","False","Rosja"
"9337195","SIREN II","Crude Oil Tanker","(Not Known)","UNKNOWN","","2008","156987","298078","In Service/Commission","BLUE OCEAN MARINE CO LTD","BLUE OCEAN MARINE CO LTD","UNKNOWN","China Classification Society (IACS)","","3","","","SIREN II (since 01/03/2024) | Duplic Dynamic (since 01/04/2023) | Fpmc C Honor (since 01/11/2008)","Not Known (since 01/11/2025) | Hong Kong, China (since 01/03/2024) | Panama (since 01/04/2023) | Liberia (since 01/11/2008)","3","2","BLUE OCEAN MARINE CO LTD (since 18/03/2024) | SORITIES LTD (since 31/05/2023) | GREEN EARTH PETROLEUM FZE (since 18/04/2023) | FORMOSA HONOR MARINE CORP (since 14/11/2008)","","False","False","Rosja"
"8919879","GLADIUS","General Cargo Ship","(Guinea-Bissau)","J5AX2","","1992","5780","7912","In Service/Commission","LION SEA COMPANY SA","GMZ SHIP MANAGEMENT CO SA","GMZ SHIP MANAGEMENT CO SA","Dromon Bureau of Shipping","","78","","","GLADIUS (since 01/11/2025) | Aminah Star (since 01/08/2023) | Ayana Star (since 01/12/2021) | Peresvet (since 01/01/2019) | Roelof (since 01/04/2007) | BBC Frisia (since 01/08/2000)","Guinea-Bissau (since 01/10/2025) | Palau (Republic of) (since 01/12/2021) | Rosja (since 01/11/2019) | Not Known (since 01/08/2019) | Cameroon (since 01/01/2019) | Netherlands (since 01/04/2006) | Antigua and Barbuda (since 01/01/2003) | Antigua and Barbuda (since 01/08/2000)","7","5","LION SEA COMPANY SA (since 31/10/2025) | BROADWAY MARINE LTD (since 31/08/2023) | ANSHIP LLC (since 12/03/2021) | ROELOF SHIPPING BEHEER BV (during 09/2014)","","False","False","Rosja"
"9258478","FOYA","Crude Oil Tanker","(Cameroon)","TJMB2B","","2004","56227","105215","In Service/Commission","USEFUL SUNBEAM LTD","USEFUL SUNBEAM LTD","SECURE SUN LTD","Bureau Veritas (IACS)","","32","","","FOYA (since 01/03/2026) | Gt Honor (since 01/03/2025) | Neptune I (since 01/06/2023) | Adafera (since 01/06/2007) | Serenity (since 01/01/2004)","Cameroon (since 01/03/2026) | Hong Kong, China (since 01/11/2025) | Panama (since 01/06/2023) | Libya (since 01/10/2021) | Malta (since 01/06/2007) | Liberia (since 01/01/2004)","5","4","USEFUL SUNBEAM LTD (since 12/03/2025) | NEBULA SEA VENTURES SA (since 26/06/2023) | LIBYAN MARITIME CARRIER LTD (since 26/06/2007) | ALLSEAS AGENCY LTD (since 08/01/2004)","","False","False","Rosja"
"9409247","VALIANT","Crude Oil Tanker","(Equatorial Guinea)","3CAN28","","2009","160135","317441","In Service/Commission","MOST BRIGHT INVESTMENT LTD","MOST BRIGHT INVESTMENT LTD","UNKNOWN","May 2026","","18","","","VALIANT (since 01/11/2025) | Eurovictory (since 01/07/2021) | Athenian Victory (since 01/09/2009)","Equatorial Guinea (since 01/04/2026) | Hong Kong, China (since 01/11/2025) | Liberia (since 01/03/2021) | Marshall Islands (since 01/09/2009)","3","2","MOST BRIGHT INVESTMENT LTD (since 02/04/2026) | ARIES GLOBAL INVESTMENT LTD (since 20/11/2025) | FISH TOWN SHIPPING SA (since 08/07/2021) | FAIRPOINT NAVIGATION LTD (since 29/09/2009)","","False","False","Rosja"
"9380570","KURDOS III","Chemical/Oil Products Tanker","(Not Known)","UNKNOWN","","2008","23248","37923","In Service/Commission","KURDOS SHIPPING INC","KURDOS SHIPPING INC","UNKNOWN","Bureau Veritas (IACS)","","34","","","KURDOS III (since 01/07/2025) | Osaka (since 01/03/2023) | Style (since 01/09/2013) | Cargo (since 01/01/2008)","Not Known (since 01/01/2026) | Palau (Republic of) (since 01/07/2025) | Liberia (since 01/03/2023) | Marshall Islands (since 01/03/2021) | Malta (since 01/03/2021) | Marshall Islands (since 01/02/2017) | Malta (since 01/01/2008)","6","3","KURDOS SHIPPING INC (since 28/07/2025) | BARNES MARE CO (since 28/03/2023) | STYLE SHIPPING LLC (since 03/09/2013)","","False","False","Rosja"
"9592305","OMERA GALAXY","Crude Oil Tanker","(Bangladesh)","S2CV9","","2012","61320","115691","In Service/Commission","MJL BANGLADESH PLC","MJL BANGLADESH PLC","THOME SHIP MANAGEMENT PTE LTD","Bureau Veritas (IACS)","","33","","","OMERA GALAXY (since 01/04/2025) | Nissos Delos (since 01/09/2012)","Bangladesh (since 01/11/2025) | Liberia (since 01/04/2025) | Marshall Islands (since 01/03/2023) | Denmark (DIS) (since 01/03/2023) | Marshall Islands (since 01/02/2018) | Denmark (DIS) (since 01/02/2018) | Greece (since 01/09/2012)","6","1","MJL BANGLADESH PLC (since 09/04/2025) | MIF I NO 4 K/S (since 28/02/2018)","","False","False","Rosja"
"9750672","YAKOV GAKKEL","LNG Tanker","(Bahamas)","C6DC2","","2019","128969","96839","In Service/Commission","TC LNG EXPLORER VI LLC","SEAPEAK MARITIME SINGAPORE","SEAPEAK MARITIME LTD","DNV (IACS)","","5","","","YAKOV GAKKEL (since 01/11/2019)","Bahamas (since 01/11/2019)","0","0","TC LNG EXPLORER VI LLC (since 01/02/2020) | DY TANKERS LTD (since 09/11/2019)","","False","False","Rosja"
"9750713","RUDOLF SAMOYLOVICH","LNG Tanker","(Bahamas)","C6DB3","","2018","128975","96703","In Service/Commission","TC LNG EXPLORER II LLC","SEAPEAK MARITIME SINGAPORE","SEAPEAK MARITIME LTD","DNV (IACS)","","7","","","RUDOLF SAMOYLOVICH (since 01/08/2018)","Bahamas (since 01/08/2018)","0","0","TC LNG EXPLORER II LLC (since 01/10/2018) | TC LNG EXPLORER II LLC (since 18/08/2018) | DY TANKERS LTD (since 18/08/2018)","","False","False","Rosja"
"9750725","NIKOLAY YEVGENOV","LNG Tanker","(Bahamas)","C6DB7","","2019","128969","96821","In Service/Commission","TC LNG EXPLORER III LLC","SEAPEAK MARITIME SINGAPORE","SEAPEAK MARITIME LTD","DNV (IACS)","","7","","","NIKOLAY YEVGENOV (since 01/04/2019)","Bahamas (since 01/04/2019)","0","0","TC LNG EXPLORER III LLC (since 31/08/2019) | DY TANKERS LTD (since 19/04/2019) | TC LNG EXPLORER III LLC (since 19/04/2019)","","False","False","Rosja"
"9750696","EDUARD TOLL","LNG Tanker","(Bahamas)","C6CR2","","2017","128975","96840","In Service/Commission","TC LNG EXPLORER I LLC","SEAPEAK MARITIME SINGAPORE","SEAPEAK MARITIME LTD","DNV (IACS)","","5","","","EDUARD TOLL (since 01/12/2017)","Bahamas (since 01/12/2017)","0","0","TC LNG EXPLORER I LLC (since 01/02/2019) | DY TANKERS LTD (since 09/12/2017) | TC LNG EXPLORER I LLC (since 30/11/2017)","","False","False","Rosja"
"9750749","GEORGIY USHAKOV","LNG Tanker","(Bahamas)","C6DB9","","2019","128969","96796","In Service/Commission","TC LNG EXPLORER V LLC","SEAPEAK MARITIME SINGAPORE","SEAPEAK MARITIME LTD","DNV (IACS)","","4","","","GEORGIY USHAKOV (since 01/09/2019)","Bahamas (since 01/09/2019)","0","0","TC LNG EXPLORER V LLC (since 01/01/2021) | DY TANKERS LTD (since 17/09/2019) | TC LNG EXPLORER V LLC (since 20/05/2015)","","False","False","Rosja"
"9750701","VLADIMIR RUSANOV","LNG Tanker","(Hong Kong, China)","VRRA7","","2018","128806","96844","In Service/Commission","ARCTIC BLUE LNG SHIPPING LTD","MITSUI OSK LINES LTD","MOL GLOBAL SHIP MANAGEMENT PTE","Nippon Kaiji Kyokai (IACS)","","6","","","VLADIMIR RUSANOV (since 01/01/2018)","Hong Kong, China (since 01/01/2018)","0","0","ARCTIC BLUE LNG SHIPPING LTD (since 01/02/2022) | DY MARITIME LTD (since 03/01/2018) | ARCTIC BLUE LNG SHIPPING LTD (since 03/01/2018)","","False","False","Rosja"
"9750737","VLADIMIR VORONIN","LNG Tanker","(Bahamas)","C6DB8","","2019","128969","96840","In Service/Commission","TC LNG EXPLORER IV LLC","SEAPEAK MARITIME SINGAPORE","SEAPEAK MARITIME LTD","DNV (IACS)","","5","","","VLADIMIR VORONIN (since 01/07/2019)","Bahamas (since 01/07/2019)","0","0","TC LNG EXPLORER IV LLC (since 15/07/2019)","","False","False","Rosja"
"9923994","DINO","Crude Oil Tanker","(Marshall Islands)","V7A5424","","2022","80917","157010","In Service/Commission","DOVER SHIPPING CORP","MARINE TRUST LTD-MAI","MARINE TRUST LTD-MAI","Bureau Veritas (IACS)","","6","","","DINO (since 01/07/2022)","Marshall Islands (since 01/07/2022)","0","0","DOVER SHIPPING CORP (since 11/07/2022)","","False","False","Rosja"
"9826720","ALIMEDON","Crude Oil Tanker","(Liberia)","D5QW7","","2018","64909","113170","In Service/Commission","ALEXANDER TANKERS SHIPPING","SEALION TANKERS INC","EXECUTIVE SHIP MANAGEMENT","American Bureau of Shipping (IACS)","","8","","","ALIMEDON (since 01/04/2026) | Alexander (since 01/05/2022) | Gagarin Prospect (since 01/07/2018)","Liberia (since 01/07/2018)","0","2","ALEXANDER TANKERS SHIPPING (since 09/03/2026) | POLO CRUDE CARRIERS SA (since 05/05/2022) | ATTICUS SEAWAYS LTD (since 30/07/2018)","","False","False","Rosja"
"9247194","KUNPENG","LNG Tanker","(Sierra leone)","9LS1975","","2003","92927","75249","In Service/Commission","DONG YANG SHIPPING LTD","DONG YANG SHIPPING LTD","HENGSHAN SHIPPING LTD-HKG","Korean Register (IACS)","","7","","","KUNPENG (since 01/03/2025) | Sk Sunrise (since 01/09/2003)","Sierra leone (since 01/03/2026) | Panama (during 2003)","1","1","DONG YANG SHIPPING LTD (since 26/03/2026) | METHANE NAVIGATION SA (since 30/09/2003)","","False","False","Rosja"
"9307205","LNG SOARS","LNG Tanker","(Not Known)","UNKNOWN","","2006","95753","78957","In Service/Commission","SAIL SHIPPING CO LTD-HKG","SHANGHAI FAIR SHIPPING CO LTD","SHANGHAI FAIR SHIPPING CO LTD","Korean Register (IACS)","","23","","","LNG SOARS (since 01/11/2025) | Cch Gas (since 01/05/2025) | Condor Lng (since 01/07/2023) | Gaslog Athens (since 01/10/2022) | Methane Lydon Volney (since 01/08/2006)","Not Known (since 01/03/2026) | Barbados (since 01/11/2025) | Marshall Islands (since 01/07/2023) | Greece (since 01/10/2022) | Bermuda (since 01/08/2006)","4","4","SAIL SHIPPING CO LTD-HKG (since 30/11/2025) | CCH-1 SHIPPING CO LTD (since 27/05/2025) | CARDIFF LNG FI OWNING LTD (since 17/07/2023) | GASLOG HELLAS-2 ENE (since 06/10/2022) | GAS-EIGHTEEN LTD (since 10/04/2014) | NATIONAL AUSTRALIA FINANCE 3 (since 24/08/2006)","","False","False","Rosja"
"9408554","HE BO","Crude Oil Tanker","(St Vincent and Grenadines)","J8B6783","","2009","62856","115395","In Service/Commission","HEBO SHIPPING LTD-MAI","DINGHUI HK SHIPPING CO LTD","DINGHUI HK SHIPPING CO LTD","Korean Register (IACS)","","28","","","HE BO (since 01/09/2025) | Pacific Sky (since 01/03/2009)","St Vincent and Grenadines (since 01/09/2025) | Liberia (since 01/01/2025) | Malta (since 01/12/2021) | Marshall Islands (since 01/03/2009)","3","1","HEBO SHIPPING LTD-MAI (since 28/08/2025) | PACIFIC SKY SHIPPING & TRADING (since 27/01/2025) | GLORY PACIFIC SKY NAVIGATION (since 10/12/2021)","","False","False","Rosja"
"9270555","INTEGRITY RACER","Crude Oil Tanker","(Not Known)","UNKNOWN","","2003","58118","107215","In Service/Commission","UNIVERSAL EXUBERANCE INDUSTRY","RADAR SHIPPING LTD-HKG","RADAR SHIPPING LTD-HKG","Bureau Veritas (IACS)","","20","","","INTEGRITY RACER (since 01/03/2025) | Quetta (since 01/07/2008) | Stena Confidence (since 01/05/2003) | Island Courage (during 2003)","Not Known (since 01/04/2026) | Panama (since 01/03/2025) | Pakistan (since 01/07/2008) | Bahamas (since 01/05/2003)","3","3","UNIVERSAL EXUBERANCE INDUSTRY (since 14/03/2025) | QUETTA SHIPPING PVT LTD (since 01/07/2008) | DANSECO LTD (since 13/05/2003)","","False","False","Rosja"
"9292187","LUNA LUSTER","Crude Oil Tanker","(Sierra leone)","9LS2181","","2005","161382","318669","In Service/Commission","GLOBAL FORTUNE SHIPPING LTD","SILVER STAR SHIP MANAGEMENT","SILVER STAR SHIP MANAGEMENT","May 2026","","27","","","LUNA LUSTER (since 01/05/2025) | Gold Pearl (since 01/02/2023) | Seaking (since 01/02/2005)","Sierra leone (since 01/05/2025) | Vietnam (since 01/02/2023) | Bahamas (during 2005)","2","2","GLOBAL FORTUNE SHIPPING LTD (since 29/05/2025) | VIETMY TRANS CO LTD (since 06/02/2023)","","False","False","Rosja"
"9290397","STORMBRINGER","Crude Oil Tanker","(Not Known)","UNKNOWN","","2005","81334","159156","In Service/Commission","RPTD SOLD UNDISCLOSED INTEREST","RPTD SOLD UNDISCLOSED INTEREST","UNKNOWN","May 2026","","29","","","STORMBRINGER (since 01/03/2026) | Kriti Vigor (since 01/07/2018) | United Kalavryta (since 01/03/2014) | SCF Byrranga (since 01/02/2005)","Not Known (since 01/05/2026) | Palau (Republic of) (since 01/09/2025) | Marshall Islands (since 01/03/2014) | Liberia (since 01/02/2005)","3","3","RPTD SOLD UNDISCLOSED INTEREST (since 24/04/2026) | AQUILA ENTERPRISES CORP (since 25/09/2025) | DELPHINUS SHIPPING CO (since 31/07/2018)","","False","False","Rosja"
"9343986","CAPELLA MB","Oil Products Tanker","(Not Known)","UNKNOWN","","2007","31433","53714","In Service/Commission","RPTD SOLD UNDISCLOSED INTEREST","RPTD SOLD UNDISCLOSED INTEREST","UNKNOWN","Dromon Bureau of Shipping","","38","","","CAPELLA MB (since 01/10/2025) | Seven Pearls (since 01/07/2023) | Stratilatis (since 01/12/2022) | Seabreeze (since 01/06/2012) | Freja Fionia (since 01/07/2007)","Not Known (since 01/05/2026) | St.Kitts and Nevis (since 01/07/2023) | Liberia (since 01/12/2022) | Malta (since 01/06/2012) | Panama (since 01/07/2007)","4","4","RPTD SOLD UNDISCLOSED INTEREST (since 24/04/2026) | CAPELLA SHIPPING CO (since 01/10/2025) | COMMODOR NAVIGATION INC (since 10/07/2023) | SILENE SHIPPING LTD (since 15/06/2012)","","False","False","Rosja"
"9305556","MARVEN","Crude Oil Tanker","(Cameroon)","TJM7WS","","2005","65293","117099","In Service/Commission","PO YIP SHIPPING LTD","PENG HU WAN SHIPMANAGEMENT CO","PENG HU WAN SHIPMANAGEMENT CO","DNV (IACS)","","29","","","MARVEN (since 01/12/2025) | Arctica (since 01/05/2022) | Stena Arctica (since 01/11/2005)","Cameroon (since 01/04/2026) | Palau (Republic of) (since 01/11/2025) | Marshall Islands (since 01/10/2025) | Norway (NIS) (since 01/12/2021) | Finland (since 01/02/2017) | United Kingdom (since 01/09/2013) | Finland (since 01/02/2008) | Sweden (since 01/11/2005)","7","2","PO YIP SHIPPING LTD (since 21/11/2025) | JONAH OWNING CO LTD (since 05/12/2022) | NESTE SHIPPING OY (since 27/05/2022) | GLACIA LTD (since 05/02/2008) | STENA REDERI AB (since 01/11/2005)","","False","False","Rosja"
"9676230","TRUVOR","Chemical/Oil Products Tanker","(Rosja)","UBFJ9","","2013","4754","6619","In Service/Commission","TRINITY SHIPPING LLC-RUS","TRINITY SHIPPING LLC-RUS","TRINITY SHIPPING LLC-RUS","Rosjan Maritime Register of Shipping","","17","","","TRUVOR (since 01/10/2018) | Mukhalatka (since 01/06/2013)","Rosja (since 01/12/2012)","0","1","TRINITY SHIPPING LLC-RUS (since 02/10/2018) | TRANSPETROCHART LLC (since 25/12/2012)","","False","False","Rosja"
"9290385","ELBUS","Crude Oil Tanker","(Not Known)","UNKNOWN","","2005","81076","159062","In Service/Commission","QING JU SHIPPING LTD","MEI ZHOU DAO SHIPMANAGEMENT","MEI ZHOU DAO SHIPMANAGEMENT","May 2026","","23","","","ELBUS (since 01/10/2025) | Euroleader (since 01/08/2018) | United Leadership (since 01/03/2014) | SCF Aldan (since 01/02/2005)","Not Known (since 01/05/2026) | Palau (Republic of) (since 01/10/2025) | Liberia (since 01/08/2018) | Marshall Islands (since 01/03/2014) | Liberia (since 01/02/2005)","4","3","QING JU SHIPPING LTD (since 30/10/2025) | MAREA HOLDINGS LTD (since 07/08/2018) | UNITED LEADERSHIP INC (since 06/03/2014)","","False","False","Rosja"
"9337418","ATMOS","Crude Oil Tanker","(Not Known)","UNKNOWN","","2007","56172","105572","In Service/Commission","YAMAI MARITIME INC","WU YI SHAN SHIPMANAGEMENT CO","WU YI SHAN SHIPMANAGEMENT CO","May 2026","","32","","","ATMOS (since 01/11/2025) | Patmos Warrior (since 01/07/2014) | Rich Queen II (since 01/10/2007)","Not Known (since 01/05/2026) | Palau (Republic of) (since 01/11/2025) | Liberia (since 01/03/2023) | Greece (since 01/07/2014) | Panama (since 01/10/2007)","4","2","YAMAI MARITIME INC (since 10/11/2025) | FIREBIRD NAVIGATION CO (since 02/07/2014) | SPRING OIL CARRIERS SA (since 23/10/2007)","","False","False","Rosja"
"9333785","SEADAR","Crude Oil Tanker","(Barbados)","8PPI","","2007","59164","115577","In Service/Commission","SEADAR SHIPPING CO LTD","SEADAR SHIPPING CO LTD","SEADAR SHIPPING CO LTD","May 2026","","37","","","SEADAR (since 01/05/2025) | Capricorn Sun (since 01/11/2013) | Pacific Condor (since 01/10/2007)","Barbados (since 01/11/2025) | Hong Kong, China (since 01/05/2025) | Liberia (since 01/11/2013) | Hong Kong, China (since 01/10/2007)","3","2","SEADAR SHIPPING CO LTD (since 06/05/2025) | KELBIV SHIPPING INC (since 21/11/2013)","","False","False","Rosja"
"9912701","YURI OSOKIN","Research Vessel","(Rosja)","UBIZ8","","2024","291","46","In Service/Commission","Rosja GOVT HYDROGRAPHIC DEPT","Rosja GOVT HYDROGRAPHIC DEPT","UNKNOWN","May 2026","","0","","","YURI OSOKIN (since 01/07/2024)","Rosja (since 01/07/2024)","0","0","Rosja GOVT HYDROGRAPHIC DEPT (since 31/07/2024)","","False","False","Rosja"
"9307152","SEAZEN","Crude Oil Tanker","(Panama)","3ECZ3","","2005","56172","105712","In Service/Commission","SEAZEN SHIPPING CO LTD","SEAZEN SHIPPING CO LTD","SEAZEN SHIPPING CO LTD","Korean Register (IACS)","","49","","","SEAZEN (since 01/08/2025) | Aqua Pearl (since 01/08/2022) | Atlantic Dawn (since 01/11/2014) | Sanko Breeze (since 01/10/2005)","Panama (since 01/10/2005)","0","3","SEAZEN SHIPPING CO LTD (since 08/08/2025) | EAST SIERRA SHIPPING INC (since 22/08/2022) | SOUTH STABILITY SHIPPING INC (since 18/10/2005)","","False","False","Rosja"
"9252371","FENOR","Crude Oil Tanker","(Barbados)","8P2364","","2003","57171","105995","In Service/Commission","ROVION DEEPSPIRE LTD","CROWN NAVIGATION SERVICES FZE","CROWN NAVIGATION SERVICES FZE","Indian Register of Shipping (IACS)","","37","","","FENOR (since 01/03/2026) | Kiroho (since 01/07/2025) | Spirit (since 01/11/2024) | Pompei II (since 01/01/2024) | Lithuania (since 01/07/2021) | Maratha (since 01/03/2003)","Barbados (since 01/07/2024) | Cook islands (since 01/01/2024) | Panama (since 01/07/2021) | Greece (since 01/07/2003) | Liberia (during 2003)","4","5","ROVION DEEPSPIRE LTD (since 31/03/2026) | MARIKA TRADE CORP (since 24/07/2025) | LIVOBISSI SHIPPING (since 25/07/2003)","","False","False","Rosja"
"9299745","ALGORITM","Oil Products Tanker","(Rosja)","UAYE4","","2006","57451","106007","In Service/Commission","JULIUS CAPITAL LLC","JULIUS CAPITAL LLC","FAR FRONTIERS LLC","Rosjan Maritime Register of Shipping","","29","","","ALGORITM (since 01/01/2026) | Apus (since 01/02/2024) | Hs Arge (since 01/02/2023) | Argeus (since 01/06/2021) | Mesaieed (since 01/05/2006)","Rosja (since 01/01/2026) | Eswatini FALSE (since 01/02/2024) | Liberia (since 01/02/2023) | Marshall Islands (since 01/06/2021) | Qatar (since 01/05/2006)","4","4","JULIUS CAPITAL LLC (since 10/02/2024) | HS ARGE LTD (since 02/02/2023) | DUO CRUDE CARRIERS SA (since 06/06/2021) | QATAR SHIPPING CO WLL (since 03/05/2006)","","True","True","Iran"
"9305568","BREEZE","Crude Oil Tanker","(Cameroon)","TJMF5","","2005","65293","117153","In Service/Commission","VENUS MARITIME CORP-SEY","ORCHID SHIPMANAGEMENT LLC-FZ","ORCHID SHIPMANAGEMENT LLC-FZ","Rosjan Maritime Register of Shipping","","24","","","BREEZE (since 01/10/2024) | SCF Baltica (since 01/12/2005)","Cameroon (since 01/11/2025) | Gambia FALSE (since 01/09/2025) | Sao Tome and Principe (since 01/12/2024) | Barbados (since 01/10/2024) | Gabon (since 01/01/2024) | Liberia (since 01/12/2005)","5","1","VENUS MARITIME CORP-SEY (since 02/10/2024) | ASHBOURNE NAVIGATION LTD (since 07/12/2005)","","False","False","Rosja"
"9281011","EKSPANDER","Crude Oil Tanker","(Rosja)","UAYE6","","2004","62845","115048","In Service/Commission","PYAY SHIPPING LTD","PYAY SHIPPING LTD","FIRST SKYLINES LLC","Rosjan Maritime Register of Shipping","","32","","","EKSPANDER (since 01/01/2026) | Dianchi (since 01/06/2025) | Moti (since 01/10/2024) | Oriental Pearl (since 01/08/2022) | Blue Pride (since 01/03/2016) | Kilimanjaro Spirit (since 01/08/2004)","Rosja (since 01/01/2026) | Comoros FALSE (since 01/05/2025) | Comoros (since 01/03/2025) | Djibouti False (since 01/01/2025) | Djibouti (since 01/10/2024) | Gabon (since 01/06/2023) | Not Known (since 01/05/2023) | Mongolia (since 01/05/2023) | St.Kitts and Nevis (since 01/08/2022) | Liberia (since 01/03/2016) | Bahamas (since 01/08/2004)","10","5","PYAY SHIPPING LTD (since 03/10/2024) | WAVECREST MARITIME LTD (since 02/02/2024) | BLUE PRIDE NAVIGATION CO (since 31/03/2016) | ALTERA SHUTTLE LOADING PTE LTD (since 15/11/2007) | KILIMANJARO SPIRIT LLC (since 24/08/2004)","","False","False","Rosja"
"9412995","KRUGER","Crude Oil Tanker","(Guinea False)","UNKNOWN","","2009","55898","105355","In Service/Commission","HEMSWORTH LOGISTICS FZE","HEMSWORTH LOGISTICS FZE","UNKNOWN","DNV (IACS)","","21","","","KRUGER (since 01/04/2024) | Osperous (since 01/08/2022) | Prosperous (since 01/03/2021) | Stavanger Eagle (since 01/12/2018) | Eagle Stavanger (since 01/01/2009)","Guinea False (since 01/10/2024) | Eswatini FALSE (since 01/04/2024) | Liberia (since 01/08/2022) | Marshall Islands (since 01/03/2021) | Panama (since 01/01/2009)","4","4","HEMSWORTH LOGISTICS FZE (since 09/04/2024) | HS OSPEROUS LTD (since 10/08/2022) | PROSPEROUS SHIPPING CORP (since 29/03/2021) | EAGLE STAVANGER KS (since 09/01/2009)","","False","False","Rosja"
"9264570","NAYARA","Crude Oil Tanker","(Not Known)","UNKNOWN","","2002","56358","105965","In Service/Commission","DOMI LTTLE LTD","RAYLUCK SHIPPING LTD","UNKNOWN","Bureau Veritas (IACS)","","33","","","NAYARA (since 01/06/2025) | Themis (since 01/06/2020) | Portman Square (since 01/11/2014) | Song Lin Wan (since 01/11/2002)","Not Known (since 01/07/2025) | Palau (Republic of) (since 01/06/2025) | Not Known (since 01/05/2025) | Panama (since 01/06/2020) | Liberia (since 01/11/2014) | Hong Kong, China (since 01/07/2003) | Panama (during 2002)","6","3","DOMI LTTLE LTD (since 10/06/2025) | BIZAND MARITIME INC (since 04/11/2014)","","False","False","Rosja"
"9237228","SHANGHAI","Crude Oil Tanker","(Aruba False)","UNKNOWN","","2002","56204","105579","In Service/Commission","RPTD SOLD UNDISCLOSED INTEREST","RPTD SOLD UNDISCLOSED INTEREST","UNKNOWN","Dromon Bureau of Shipping","","49","","","SHANGHAI (since 01/11/2025) | Soma (since 01/07/2025) | Thane (since 01/12/2024) | Luka (since 01/06/2024) | Rhea (since 01/12/2019) | Pacific Bridge (since 01/01/2012) | Ocean Lady (since 01/03/2002)","Aruba False (since 01/11/2025) | Comoros FALSE (since 01/07/2025) | San Marino (since 01/12/2024) | Not Known (since 01/10/2024) | Comoros (since 01/02/2024) | Panama (since 01/12/2019) | Marshall Islands (since 01/01/2012) | Isle of Man (during 2002) | Liberia (during 2002)","8","6","RPTD SOLD UNDISCLOSED INTEREST (since 08/05/2025) | LUKA LINES INC (since 12/06/2024) | MOSELLE SHIPPING INC (since 01/12/2019)","","False","False","Rosja"
"9131357","ORION","Crude Oil Tanker","(Cameroon)","TJMC129","","1997","71850","124768","In Service/Commission","FALEOLA NEXUS LTD","FALEOLA NEXUS LTD","MARINE INNOVATORS LLC","DNV-GL (ex DNV) (IACS)","","21","","","ORION (since 01/10/2020) | Knut (since 01/09/2020)","Cameroon (since 01/09/2020) | Isle of Man (since 01/06/2008)","1","1","FALEOLA NEXUS LTD (since 09/04/2025) | COOL WIND MARINE LTD (since 29/01/2024) | TYMPHI ENTERPRISES LTD (since 25/09/2020)","","False","False","Rosja"
"9417464","TANI","Crude Oil Tanker","(Comoros FALSE)","UNKNOWN","","2009","57302","105188","In Service/Commission","RPTD SOLD UNDISCLOSED INTEREST","RPTD SOLD UNDISCLOSED INTEREST","UNKNOWN","Bureau Veritas (IACS)","","30","","","TANI (since 01/05/2026) | Anika (since 01/03/2025) | Nestos (since 01/03/2024) | Aion (since 01/12/2022) | Argo (since 01/10/2021) | Aspasia Lemos (since 01/04/2009)","Comoros FALSE (since 01/05/2026) | Panama (since 01/03/2025) | Panama (since 01/12/2022) | Marshall Islands (since 01/04/2009)","3","5","RPTD SOLD UNDISCLOSED INTEREST (since 15/04/2026) | ANIKA LINES INC (since 10/03/2025) | NESTOS LINES INC (since 22/03/2024) | LARISA LINES INC (since 17/12/2022) | ARGO SHIPPING LLC (since 27/10/2021) | OCEANUS MARINE LTD-MAI (since 17/04/2009)","","False","False","Rosja"
"9304356","YODAN","Crude Oil Tanker","(Equatorial Guinea)","3CAN18","","2005","56489","105747","In Service/Commission","NAVELO KRYTH LTD","AKARA NAVIGATION LLC","AKARA NAVIGATION LLC","Rosjan Maritime Register of Shipping","","28","","","YODAN (since 01/09/2024) | Jeno (since 01/08/2024) | Hera 1 (since 01/08/2022) | Hera (since 01/07/2020) | Seapacis (since 01/09/2005)","Equatorial Guinea (since 01/03/2026) | Cameroon (since 01/10/2025) | Vanuatu (since 01/06/2025) | Barbados (since 01/12/2024) | Cook islands (since 01/09/2024) | Comoros (since 01/02/2024) | Panama (since 01/08/2022) | Vanuatu (since 01/07/2020) | Hong Kong, China (since 01/09/2005)","8","4","NAVELO KRYTH LTD (since 24/03/2026) | BACKSTREET PALM CORP (since 14/06/2025) | GRANNUS SHIPHOLDING LTD (since 18/09/2024) | TRIGLAV SHIPPING INC (since 02/07/2020) | SEAWAY NAVIGATION LTD (since 13/09/2005)","","False","False","Rosja"
"9301392","KAPITAN KOSTICHEV","Crude Oil Tanker","(Rosja)","UAYC6","","2005","60434","101930","In Service/Commission","GLIMMER SHIPPING HK LTD","SOUTH FLEET LTD","SOUTH FLEET LTD","Rosjan Maritime Register of Shipping","","20","","","KAPITAN KOSTICHEV (since 01/06/2025) | Captain Kostichev (since 01/10/2005)","Rosja (since 01/06/2025) | Not Known (since 01/01/2025) | Panama (since 01/11/2022) | Cyprus (since 01/10/2005)","3","1","GLIMMER SHIPPING HK LTD (since 07/12/2022) | GLIMMER LINE SHIPMANAGEMENT (since 17/02/2011)","","False","False","Rosja"
"9326718","FULGER","Crude Oil Tanker","(Sierra leone)","9LS2030","","2007","81380","158784","In Service/Commission","VELLUM SKY LTD","VELLUM SKY LTD","LIGHT NAVIGATION LLC","Indian Register of Shipping (IACS)","","22","","","FULGER (since 01/07/2024) | Caro (since 01/04/2021) | SKS Segura (since 01/09/2007)","Sierra leone (since 01/06/2025) | Not Known (since 01/05/2025) | Sierra leone (since 01/07/2024) | Vietnam (since 01/04/2021) | Not Known (since 01/04/2021) | Norway (NIS) (since 01/09/2007)","5","2","VELLUM SKY LTD (since 01/06/2025) | JERMEX MARINE INC (since 25/07/2024) | OVTRANS PETROL TRANSPORT (during 04/2021) | SKS OBO & TANKERS AS (since 18/12/2008) | SKS OBO HOLDING LTD (since 06/09/2007)","","False","False","Rosja"
"9255660","OCEAN WINGS","Crude Oil Tanker","(Cameroon)","TJMO41","","2004","57301","105330","In Service/Commission","OCEANWINGS GLOBAL SHIPPING CO","OCEANWINGS GLOBAL SHIPPING CO","OCEANWINGS GLOBAL SHIPPING CO","Rosjan Maritime Register of Shipping","","39","","","OCEAN WINGS (since 01/03/2026) | Serena (since 01/01/2025) | Pontus I (since 01/05/2023) | Seascout (since 01/01/2004)","Cameroon (since 01/12/2025) | Gambia FALSE (since 01/11/2025) | Gambia (since 01/01/2025) | Panama (since 01/05/2023) | Malta (since 01/01/2004)","4","3","OCEANWINGS GLOBAL SHIPPING CO (since 20/03/2026) | HUI FEN GUANGMING LTD (since 11/12/2025) | FLETADO SHIPPING LTD (since 04/09/2024) | SIDDQOM OVERSEAS LTD (since 27/12/2023) | FLETADO SHIPPING LTD (since 23/05/2023) | VALIANT SAILOR MARINE INC (since 01/10/2008)","","False","False","Rosja"
"9292503","TORERO M","Crude Oil Tanker","(Cameroon)","TJMO67","","2005","62929","115515","In Service/Commission","GATSBY ENTERPRISES LTD","GATSBY ENTERPRISES LTD","GATSBY ENTERPRISES LTD","May 2026","","42","","","TORERO M (since 01/05/2025) | Bull (since 01/03/2024) | Panther I (since 01/04/2022) | Helga Spirit (since 01/01/2005)","Cameroon (since 01/01/2026) | Timor Leste FALSE (since 01/05/2025) | Sierra leone (since 01/12/2024) | Antigua and Barbuda (since 01/03/2024) | Liberia (since 01/04/2022) | Bahamas (during 2005)","5","3","GATSBY ENTERPRISES LTD (since 06/05/2022) | HELGA SPIRIT LLC (since 18/01/2005)","","False","False","Rosja"
"9383950","SALUT","Crude Oil Tanker","(Rosja)","UAAF3","","2009","59179","115098","In Service/Commission","IDAS LLC","IDAS LLC","IDAS LLC","Rosjan Maritime Register of Shipping","","25","","","SALUT (since 01/01/2026) | Eminent (since 01/01/2025) | Elegance (since 01/05/2023) | Star Prosperity (since 01/09/2021) | Champion Prosperity (since 01/07/2009)","Rosja (since 01/01/2026) | Madagascar False (since 01/12/2025) | Gambia FALSE (since 01/11/2025) | Comoros FALSE (since 01/05/2025) | Comoros (since 01/04/2025) | Barbados (since 01/02/2025) | Panama (since 01/05/2023) | Marshall Islands (since 01/09/2021) | Panama (since 01/07/2009)","8","4","IDAS LLC (since 30/01/2026) | EAST HOPE HONG KONG LTD (since 31/05/2023) | KITRIES SHIPPING CORP (since 07/09/2021) | AURIGA MARITIME SA (since 24/07/2009)","","False","False","Rosja"
"9299769","AQUATICA","Crude Oil Tanker","(Equatorial Guinea)","3CAN4","","2005","57243","106061","In Service/Commission","TAFATAFA ENCLAVE LTD","TAFATAFA ENCLAVE LTD","DREAM ISLAND SHIPPING LLC","Rosjan Maritime Register of Shipping","","29","","","AQUATICA (since 01/12/2023) | S-Treasure (since 01/12/2021) | Bareilly (since 01/10/2006) | Aldana (since 01/09/2005)","Equatorial Guinea (since 01/12/2025) | Gambia (since 01/09/2025) | Comoros (since 01/04/2025) | Barbados (since 01/02/2025) | Panama (since 01/08/2024) | Cook islands (since 01/04/2024) | Palau (Republic of) (since 01/12/2023) | Liberia (since 01/10/2006) | Qatar (since 01/09/2005)","8","3","TAFATAFA ENCLAVE LTD (since 03/12/2025) | CELESTIAL STAR CORP (since 13/12/2023) | GEM STAR SHIPPING LTD (since 15/12/2021) | PORLOCK MARITIME CO LTD (since 05/10/2006) | QATAR SHIPPING CO WLL (since 07/09/2005)","","False","False","Rosja"
"9524451","BELUGA","Crude Oil Tanker","(Rosja)","UAUE4","","2011","81282","158574","In Service/Commission","IDAS LLC","IDAS LLC","IDAS LLC","Rosjan Maritime Register of Shipping","","15","","","BELUGA (since 01/01/2026) | Sabina (since 01/02/2025) | Sable (since 01/11/2022) | Nautilus I (since 01/03/2021) | Suez Vasilis (since 01/06/2011)","Rosja (since 01/01/2026) | Not Known (since 01/11/2025) | Gambia (since 01/08/2025) | Comoros FALSE (since 01/05/2025) | Comoros (since 01/04/2025) | Barbados (since 01/02/2025) | Panama (since 01/11/2022) | Liberia (since 01/03/2021) | Marshall Islands (since 01/06/2011)","8","4","IDAS LLC (since 29/12/2025) | EAST FAME HONG KONG LTD (since 11/11/2022) | OMNIBLUE SHIPPING INC (since 27/05/2011)","","False","False","Rosja"
"9322827","ANTARES","Crude Oil Tanker","(Rosja)","UACF2","","2006","61371","114849","In Service/Commission","GLOBAL SEAWAY LLC","GLOBAL SEAWAY LLC","GLOBAL SEAWAY LLC","Rosjan Maritime Register of Shipping","","25","","","ANTARES (since 01/02/2026) | Pictor (since 01/03/2024) | Peria (since 01/10/2022) | Imperia (since 01/06/2021) | Antarctica (since 01/01/2020) | Minerva Antarctica (since 01/12/2014) | Four Antarctica (since 01/05/2006) | Stena Antarctica (since 01/05/2006)","Rosja (since 01/02/2026) | Eswatini FALSE (since 01/04/2024) | Sao Tome & Principe FALSE (since 01/03/2024) | Liberia (since 01/12/2022) | Marshall Islands (since 01/10/2022) | Vietnam (since 01/06/2021) | Cayman Islands (since 01/05/2006)","6","7","GLOBAL SEAWAY LLC (since 25/02/2026) | LAMBDA TRANSPORT CONSULTANCY (since 30/04/2024) | HS PERIA LTD-LIB (since 18/10/2022) | OPEC PETROL TRANSPORTATION CO (since 02/06/2021) | MSEA ANTARCTICA LLC (since 15/12/2015) | DAEDALUS SHIPMANAGEMENT INC (since 19/12/2014)","","False","False","Rosja"
"9530917","VESNA","Crude Oil Tanker","(Rosja)","UAVE4","","2013","81833","157258","In Service/Commission","IDAS LLC","IDAS LLC","IDAS LLC","Rosjan Maritime Register of Shipping","","14","","","VESNA (since 01/12/2025) | Sakina (since 01/02/2025) | Salty Wolf (since 01/12/2022) | Kimolos Warrior (since 01/10/2014) | Cap Isabella (since 01/03/2013)","Rosja (since 01/12/2025) | Not Known (since 01/11/2025) | Gambia (since 01/08/2025) | Comoros FALSE (since 01/05/2025) | Comoros (since 01/04/2025) | Barbados (since 01/02/2025) | Panama (since 01/12/2022) | Greece (since 01/10/2014) | Greece (since 01/03/2013)","8","4","IDAS LLC (since 26/12/2025) | EAST HERO HONG KONG LTD (since 19/12/2022) | THALASSA MARITIME CORP (since 08/10/2014) | CMB.TECH NV (since 27/03/2013)","","False","False","Rosja"
"9263643","FRUNZE","Crude Oil Tanker","(Cook Islands False)","UNKNOWN","","2003","56285","105483","In Service/Commission","RPTD SOLD UNDISCLOSED INTEREST","RPTD SOLD UNDISCLOSED INTEREST","UNKNOWN","Nippon Kaiji Kyokai (IACS)","","21","","","FRUNZE (since 01/05/2024) | Sona Star (since 01/10/2021) | Lidinia (since 01/02/2021) | Amalfi (since 01/07/2020) | Patmos Ii (since 01/06/2020) | Azimuth (since 01/11/2019) | Ever Rich No. 18 (since 01/04/2018) | Maersk Privilege (since 01/11/2007) | Unique Privilege (since 01/11/2003)","Cook Islands False (since 01/10/2024) | Cook islands (since 01/11/2021) | Palau (Republic of) (since 01/02/2021) | Liberia (since 01/11/2019) | Panama (since 01/04/2018) | Singapore (since 01/11/2007) | Hong Kong, China (since 01/11/2003)","6","8","RPTD SOLD UNDISCLOSED INTEREST (since 11/07/2025) | GEMINI MARINE LTD-MAI (since 09/05/2024) | STRATEGIC ALLIANCE LTD (since 01/03/2023) | MAERSK TANKERS SINGAPORE PTE (since 01/12/2011) | MOLLER SINGAPORE AP PTE LTD (since 09/11/2007)","","False","False","Rosja"
"9301380","PAVEL CHERNYSH","Crude Oil Tanker","(Rosja)","UATC6","","2005","60434","101978","In Service/Commission","INSANIA SHIPPING HK LTD","SOUTH FLEET LTD","SOUTH FLEET LTD","Rosjan Maritime Register of Shipping","","28","","","PAVEL CHERNYSH (since 01/10/2005)","Rosja (since 01/05/2025) | Not Known (since 01/01/2025) | Panama (since 01/12/2022) | Cyprus (since 01/01/2015) | Liberia (since 01/02/2011) | Cyprus (since 01/10/2005)","5","0","INSANIA SHIPPING HK LTD (since 05/12/2022) | INSANIA SHIPPING CO LTD (since 26/01/2015)","","False","False","Rosja"
"9301407","VIKTOR TITOV","Crude Oil Tanker","(Rosja)","UAAF8","","2005","60434","101906","In Service/Commission","SOUTH FLEET LTD","SOUTH FLEET LTD","SOUTH FLEET LTD","Rosjan Maritime Register of Shipping","","26","","","VIKTOR TITOV (since 01/11/2005)","Rosja (since 01/02/2026) | Not Known (since 01/12/2025) | Gambia (since 01/09/2025) | Comoros FALSE (since 01/05/2025) | Comoros (since 01/03/2025) | Panama (since 01/11/2022) | Cyprus (since 01/11/2005)","6","0","SOUTH FLEET LTD (since 30/01/2026) | CASTELLARIO SHIPPING HK LTD (since 05/12/2022) | CASTELLARIO SHIPMANAGEMENT LTD (since 24/02/2011)","","False","False","Rosja"
"9301419","YURI SENKEVICH","Crude Oil Tanker","(Rosja)","UAFE6","","2005","60434","101876","In Service/Commission","COMITANA SHIPPING HK LTD","SOUTH FLEET LTD","SOUTH FLEET LTD","Rosjan Maritime Register of Shipping","","26","","","YURI SENKEVICH (since 01/11/2005)","Rosja (since 01/12/2025) | Gambia FALSE (since 01/09/2025) | Comoros FALSE (since 01/05/2025) | Comoros (since 01/03/2025) | Panama (since 01/12/2022) | Cyprus (since 01/06/2007) | Liberia (since 01/11/2005)","6","0","COMITANA SHIPPING HK LTD (since 05/12/2022) | COMITANA INVESTMENTS LTD (since 23/08/2007)","","False","False","Rosja"
"9301421","VICTOR KONETSKY","Crude Oil Tanker","(Rosja)","UAFE9","","2005","60434","102025","In Service/Commission","VIMENA SHIPPING HK LTD","SOUTH FLEET LTD","SOUTH FLEET LTD","Rosjan Maritime Register of Shipping","","28","","","VICTOR KONETSKY (since 01/12/2005)","Rosja (since 01/12/2025) | Gambia (since 01/09/2025) | Comoros FALSE (since 01/05/2025) | Comoros (since 01/04/2025) | Barbados (since 01/01/2025) | Panama (since 01/11/2022) | Cyprus (since 01/06/2007) | Liberia (since 01/12/2005)","7","0","VIMENA SHIPPING HK LTD (since 30/11/2022) | VIMENA TRADING LTD (since 01/05/2007)","","False","False","Rosja"
"9341081","CARMA","Crude Oil Tanker","(Oman)","A4DU6","","2006","57248","109908","In Service/Commission","SERPENTINE MARINE SPC","DREAMER SHIPMANAGEMENT LLC-FZ","DREAMER SHIPMANAGEMENT LLC-FZ","Indian Register of Shipping (IACS)","","29","","","CARMA (since 01/03/2025) | Cassiopeia (since 01/09/2024) | NS Clipper (since 01/03/2006)","Oman (since 01/03/2025) | Barbados (since 01/09/2024) | Gabon (since 01/01/2024) | Liberia (since 01/03/2006)","3","2","SERPENTINE MARINE SPC (since 27/03/2025) | ALMANDINE SEAWAYS LTD (since 25/09/2024) | WATERSIDE CARRIERS INC (since 02/03/2006)","","False","False","Rosja"
"9360128","ZALIV BAIKAL","Crude Oil Tanker","(Oman)","A4HA4","","2009","60344","106808","In Service/Commission","WHITE AGATE MARINE SPC","ALBATROSS SHIPMANAGEMENT","ALBATROSS SHIPMANAGEMENT","Indian Register of Shipping (IACS)","","21","","","ZALIV BAIKAL (since 01/01/2009)","Oman (since 01/08/2025) | Comoros FALSE (since 01/05/2025) | Comoros (since 01/03/2025) | Barbados (since 01/01/2025) | Panama (since 01/11/2022) | Cyprus (since 01/03/2019) | Liberia (since 01/01/2009)","6","0","WHITE AGATE MARINE SPC (since 19/08/2025) | BESENTO SHIPPING HK LTD (since 06/12/2022) | BESENTO SHIPPING CO LTD (since 20/03/2019) | BALOS SHIPPING LTD (since 05/08/2016)","","False","False","Rosja"
"9360130","ZALIV VOSTOK","Crude Oil Tanker","(Oman)","A4DW3","","2009","60344","106590","In Service/Commission","WHITE AGATE MARINE SPC","ALBATROSS SHIPMANAGEMENT","GREENLIGHT SHIPMANAGEMENT FZE","Indian Register of Shipping (IACS)","","20","","","ZALIV VOSTOK (since 01/01/2009)","Oman (since 01/08/2025) | Comoros (since 01/06/2025) | Barbados (since 01/02/2025) | Panama (since 01/11/2022) | Cyprus (since 01/06/2019) | Liberia (since 01/01/2009)","5","0","WHITE AGATE MARINE SPC (since 04/08/2025) | IVORA SHIPPING HK LTD (since 25/11/2022) | IVORA SHIPPING CO LTD (since 05/06/2019) | CAZE INC (since 24/08/2016)","","False","False","Rosja"
"9412359","BELGOROD","Crude Oil Tanker","(Rosja)","UAYA7","","2010","83747","156694","In Service/Commission","INVEST FLEET LTD","INVEST FLEET LTD","INVEST FLEET LTD","Rosjan Maritime Register of Shipping","","14","","","BELGOROD (since 01/04/2024) | NS Bravo (since 01/10/2010)","Rosja (since 01/04/2024) | Gabon (since 01/01/2024) | Liberia (since 01/10/2010)","2","1","INVEST FLEET LTD (since 19/04/2024) | NS BRAVO SHIPPING INC (since 14/10/2010)","","False","False","Rosja"
"9413561","ARROW","Crude Oil Tanker","(Oman)","A4DQ9","","2009","62433","111682","In Service/Commission","CITRINE MARINE SPC","GREENLIGHT SHIPMANAGEMENT FZE","GREENLIGHT SHIPMANAGEMENT FZE","Indian Register of Shipping (IACS)","","25","","","ARROW (since 01/05/2025) | Alliance (since 01/09/2024) | NS Asia (since 01/07/2009)","Oman (since 01/05/2025) | Comoros (since 01/02/2025) | Barbados (since 01/09/2024) | Gabon (since 01/01/2024) | Liberia (since 01/07/2009)","4","2","CITRINE MARINE SPC (since 07/05/2025) | CAMELIA MARITIME INC (since 13/09/2024) | NS ASIA SHIPPING INC (since 21/07/2009)","","False","False","Rosja"
"9418494","ZALIV ANIVA","Crude Oil Tanker","(Oman)","A4DQ3","","2009","60325","102946","In Service/Commission","WHITE AGATE MARINE SPC","TWISTER SHIPMANAGEMENT LLC-FZ","ALBATROSS SHIPMANAGEMENT","Indian Register of Shipping (IACS)","","23","","","ZALIV ANIVA (since 01/06/2009)","Oman (since 01/08/2025) | Comoros FALSE (since 01/05/2025) | Comoros (since 01/03/2025) | Panama (since 01/12/2022) | Cyprus (since 01/06/2009)","4","0","WHITE AGATE MARINE SPC (since 19/08/2025) | KANDITA SHIPPING HK LTD (since 05/12/2022) | KANDITA SHIPMANAGEMENT LTD (since 23/02/2011)","","False","False","Rosja"
"9422457","BOBCAT","Crude Oil Tanker","(Oman)","A4DQ7","","2010","81415","158097","In Service/Commission","CITRINE MARINE SPC","GREENLIGHT SHIPMANAGEMENT FZE","GREENLIGHT SHIPMANAGEMENT FZE","Indian Register of Shipping (IACS)","","18","","","BOBCAT (since 01/08/2025) | Blossom (since 01/11/2024) | SCF Vankor (since 01/03/2010) | SCF Baikal (since 01/03/2010)","Oman (since 01/08/2025) | Comoros (since 01/03/2025) | Barbados (since 01/11/2024) | Gabon (since 01/12/2023) | Liberia (since 01/03/2010)","4","3","CITRINE MARINE SPC (since 12/08/2025) | CUPER MARINE LTD (since 11/11/2024) | CAMBER SHIPPING INC (since 25/03/2010)","","False","False","Rosja"
"9610781","NOMAD","Crude Oil Tanker","(Oman)","A4DV5","","2012","66818","122039","In Service/Commission","WHITE AGATE MARINE SPC","DREAMER SHIPMANAGEMENT LLC-FZ","DREAMER SHIPMANAGEMENT LLC-FZ","Indian Register of Shipping (IACS)","","22","","","NOMAD (since 01/09/2025) | Zenith (since 01/09/2024) | Nikolay Zuyev (since 01/05/2012)","Oman (since 01/09/2025) | Comoros FALSE (since 01/05/2025) | Comoros (since 01/03/2025) | Barbados (since 01/09/2024) | Gabon (since 01/01/2024) | Liberia (since 01/05/2012)","5","2","WHITE AGATE MARINE SPC (since 09/09/2025) | EVELIT NAVIGATION LTD (since 26/09/2024) | KALSOY SHIPPING LTD (since 30/05/2012)","","False","False","Rosja"
"9901025","VLADIMIR ARSENYEV","Crude Oil Tanker","(Rosja)","UABF9","","2022","65548","104569","In Service/Commission","SCF SHELF","SCF TM LTD","SCF TM LTD","Rosjan Maritime Register of Shipping","","3","","","VLADIMIR ARSENYEV (since 01/03/2022)","Rosja (since 01/02/2026) | Gambia FALSE (since 01/09/2025) | Comoros FALSE (since 01/05/2025) | Comoros (since 01/03/2025) | Not Known (since 01/01/2025) | Panama (since 01/11/2022) | Cyprus (since 01/03/2022)","6","0","SCF SHELF (since 20/02/2026) | MAJORIA SHIPPING HK LTD (since 07/12/2022) | MAJORIA SHIPPING CO LTD (since 18/03/2022)","","False","False","Rosja"
"9901037","NIKOLAY ZADORNOV","Crude Oil Tanker","(Rosja)","UAFE7","","2022","65548","104748","In Service/Commission","ANCHORSTAR SHIPPING HK LTD","NOVA SHIPMANAGEMENT LLC-FZ","SCF TM LTD","Rosjan Maritime Register of Shipping","","3","","","NIKOLAY ZADORNOV (since 01/05/2022)","Rosja (since 01/12/2025) | Not Known (since 01/11/2025) | Gambia (since 01/09/2025) | Comoros FALSE (since 01/05/2025) | Comoros (since 01/03/2025) | Barbados (since 01/02/2025) | Panama (since 01/11/2022) | Cyprus (since 01/05/2022)","7","0","ANCHORSTAR SHIPPING HK LTD (since 07/12/2022) | ANCHORSTAR SHIPPING CO LTD (since 24/05/2022)","","False","False","Rosja"
"9346732","PRODUCER","Crude Oil Tanker","(Rosja)","UAMF3","","2007","61342","115940","In Service/Commission","HENGHAI ENERGY SHIPPING CO LTD","HENGHAI ENERGY SHIPPING CO LTD","UNKNOWN","May 2026","","48","","","PRODUCER (since 01/05/2026) | TK Scorpio (since 01/10/2025) | Huihai Pacific (since 01/06/2022) | Fsl Hong Kong (since 01/07/2013) | Aqua (since 01/04/2007)","Rosja (since 01/05/2026) | Tonga False (since 01/10/2025) | Not Known (since 01/01/2025) | Panama (since 01/11/2022) | Hong Kong, China (since 01/06/2022) | Singapore (since 01/07/2013) | Malta (since 01/07/2013) | Malta (since 01/04/2007)","7","4","HENGHAI ENERGY SHIPPING CO LTD (since 16/10/2025) | HONG KONG HANYUAN SHIPPING CO (since 12/09/2022) | HANWANG HONGKONG TRADE CO LTD (since 17/06/2022) | FSL-23 PTE LTD (since 20/06/2008) | AQUA SHIPPING LTD-MTA (since 27/04/2007)","","False","False","Rosja"
"9284116","SHAH ISMAYIL KHATAI","Oil Products Tanker","(Azerbaijan)","4JMW","","2005","7833","13470","In Service/Commission","AZERBAIJAN CASPIAN SHIPPING","MERIDIAN SHIPPING & MANAGEMENT","AZERBAIJAN CASPIAN SHIPPING","May 2026","","1","","","SHAH ISMAYIL KHATAI (since 01/10/2005)","Azerbaijan (since 01/10/2005)","0","0","AZERBAIJAN CASPIAN SHIPPING (since 16/10/2005)","","False","False","Rosja"
"9397676","NASIMI","Oil Products Tanker","(Azerbaijan)","4JQB","","2006","7833","13030","In Service/Commission","OLYMPUS INTERNATIONAL SHIPPING","AZERBAIJAN CASPIAN SHIPPING","AZERBAIJAN CASPIAN SHIPPING","May 2026","","0","","","NASIMI (since 01/09/2014) | Mahmud Afandi (since 01/10/2006)","Azerbaijan (since 01/09/2014) | Jamaica (since 01/09/2014) | Malta (since 01/09/2010) | Rosja (since 01/09/2010) | Rosja (since 01/11/2006) | Malta (since 01/10/2006)","5","1","OLYMPUS INTERNATIONAL SHIPPING (since 16/09/2014) | MAHMUD AFANDI SHIPPING LTD (since 01/06/2009)","","False","False","Rosja"
"9347231","KOROGLU","Oil Products Tanker","(Azerbaijan)","4JNC","","2006","7842","13030","In Service/Commission","AZERBAIJAN CASPIAN SHIPPING","MERIDIAN SHIPPING & MANAGEMENT","AZERBAIJAN CASPIAN SHIPPING","May 2026","","0","","","KOROGLU (since 01/07/2006)","Azerbaijan (since 01/07/2006)","0","0","AZERBAIJAN CASPIAN SHIPPING (since 27/07/2006)","","False","False","Rosja"
"9410894","AKSEL","Crude Oil Tanker","(Rosja)","UAWE6","","2009","62775","113043","In Service/Commission","HS ESBERG LTD","HS ESBERG LTD","FAR FRONTIERS LLC","Rosjan Maritime Register of Shipping","","24","","","AKSEL (since 01/01/2026) | Valour (since 01/09/2024) | Hs Esberg (since 01/10/2022) | Celsius Esbjerg (since 01/05/2019) | Southern Spirit (since 01/10/2009)","Rosja (since 01/01/2026) | Guinea False (since 01/09/2024) | Not Known (since 01/04/2024) | Liberia (since 01/10/2022) | Marshall Islands (since 01/05/2019) | Malta (since 01/06/2010) | Germany (since 01/06/2010) | Malta (since 01/10/2009) | Germany (since 01/10/2009)","8","4","HS ESBERG LTD (since 31/10/2022) | GH PROD IV LLC (since 28/05/2019)","","False","False","Rosja"
"9247780","TAWANNA","Crude Oil Tanker","(Curacao False)","UNKNOWN","","2003","57567","106500","In Service/Commission","RPTD SOLD UNDISCLOSED INTEREST","RPTD SOLD UNDISCLOSED INTEREST","UNKNOWN","China Classification Society (IACS)","","39","","","TAWANNA (since 01/10/2025) | Turaco (since 01/08/2023) | Datura (since 01/04/2023) | Afra Hawthorn (since 01/01/2013) | British Hawthorn (since 01/01/2003)","Curacao False (since 01/10/2025) | Not Known (since 01/05/2025) | Comoros (since 01/04/2025) | Not Known (since 01/01/2025) | Panama (since 01/08/2023) | Liberia (since 01/01/2013) | Isle of Man (since 01/01/2003)","6","4","RPTD SOLD UNDISCLOSED INTEREST (since 12/12/2025) | ACCORD MARITIME CO SA (since 12/01/2013)","","False","False","Rosja"
"9283241","DIGNITY","Crude Oil Tanker","(Rosja)","UBIZ6","","2004","83594","159426","In Service/Commission","ARGO TANKER GROUP LLC","ARGO TANKER GROUP LLC","ARGO TANKER GROUP LLC","Rosjan Maritime Register of Shipping","","13","","","DIGNITY (since 01/09/2023) | Dignity I (since 01/06/2023) | Eurodignity (since 01/02/2018) | Teide Spirit (since 01/10/2004)","Rosja (since 01/09/2023) | Liberia (since 01/02/2018) | Spain (since 01/10/2004)","2","3","ARGO TANKER GROUP LLC (since 23/08/2023) | FMTC SHIP CHARTER LLC (since 26/06/2023) | MARBELLA INVESTMENTS INC (since 08/02/2018) | TEEKAY SHIPPING SPAIN SL (during 03/2014) | BANCO ESPANOL DE CREDITO SA (since 01/12/2007) | TEEKAY SHIPPING SPAIN SL (since 29/10/2004)","","False","False","Rosja"
"9233765","AULIS","Crude Oil Tanker","(Curacao False)","UNKNOWN","","2003","81310","159999","In Service/Commission","RPTD SOLD UNDISCLOSED INTEREST","RPTD SOLD UNDISCLOSED INTEREST","UNKNOWN","Lloyd's Register (IACS)","","33","","","AULIS (since 01/10/2022) | Nordic Cosmos (since 01/12/2006) | Calm Sea (since 01/11/2003) | Euro Sea (since 01/01/2003)","Curacao False (since 01/03/2025) | Not Known (since 01/01/2025) | Panama (since 01/03/2024) | Marshall Islands (since 01/01/2003)","3","3","RPTD SOLD UNDISCLOSED INTEREST (since 10/01/2025) | NAT BERMUDA HOLDINGS LTD (since 10/04/2019) | NORDIC AMERICAN TANKERS LTD (since 07/12/2006)","","False","False","Rosja"
"9232929","MAISHA","Crude Oil Tanker","(Equatorial Guinea)","3CAN11","","2002","81270","159453","In Service/Commission","SEASERENITY SHIPPING LTD","SEASERENITY SHIPPING LTD","UNKNOWN","May 2026","","46","","","MAISHA (since 01/02/2024) | Cape Bella V (since 01/09/2020) | Cape Bellavista (since 01/12/2012) | SKS Sira (since 01/12/2002)","Equatorial Guinea (since 01/03/2026) | Mozambique False (since 01/12/2025) | Timor Leste FALSE (since 01/12/2025) | Benin False (since 01/07/2025) | Antigua and Barbuda (since 01/02/2024) | Liberia (since 01/03/2023) | Cyprus (since 01/09/2020) | Malta (since 01/09/2020) | Germany (since 01/09/2020) | Malta (since 01/02/2011) | Germany (since 01/01/2006) | Marshall Islands (since 01/12/2002) | Germany (since 01/12/2002)","12","3","SEASERENITY SHIPPING LTD (since 28/02/2024) | MARITIME PRO SHIPPING INC (since 28/03/2023) | HIGHERSEA SHIPPING LTD (since 02/09/2020) | CAPE BELLAVISTA TANKSCHIFFAHRT (since 19/12/2002)","","False","False","Rosja"
"9259599","AKKORD","Crude Oil Tanker","(Rosja)","UAAF2","","2003","56204","105611","In Service/Commission","HS HAI II LTD","HS HAI II LTD","FAR FRONTIERS LLC","Rosjan Maritime Register of Shipping","","36","","","AKKORD (since 01/02/2026) | Lauryn (since 01/10/2024) | Hai Ii (since 01/09/2022) | CT Leader (since 01/05/2021) | Ying Hai (since 01/05/2021) | Celtic Sea (since 01/09/2014) | Sea Lady (since 01/08/2003)","Rosja (since 01/02/2026) | Guinea False (since 01/10/2024) | Liberia (since 01/09/2014) | Isle of Man (since 01/08/2003)","3","6","HS HAI II LTD (since 02/09/2022) | CANON SHIPPING PTE LTD (since 25/05/2021) | TIMAL SHIPPING INC (since 22/09/2014)","","False","False","Rosja"
"9322267","ASGARD","Crude Oil Tanker","(Rosja)","UAFF8","","2007","158244","306431","In Service/Commission","FAR FRONTIERS LLC","FAR FRONTIERS LLC","UNKNOWN","Rosjan Maritime Register of Shipping","","21","","","ASGARD (since 01/03/2026) | Sahara (since 01/07/2024) | Nellis (since 01/12/2022) | Ellinis (since 01/01/2007)","Rosja (since 01/03/2026) | Guinea False (since 01/09/2024) | Guyana False (since 01/07/2024) | Not Known (since 01/04/2024) | Liberia (since 01/12/2022) | Greece (since 01/01/2007)","5","3","FAR FRONTIERS LLC (since 23/03/2026) | HS NELLIS LTD (since 29/12/2022) | AMPHITRITI SHIPPING INC (since 15/07/2015) | DORADO MARITIME (since 15/01/2007)","","False","False","Rosja"
"9381744","ARKHITEKTOR","Crude Oil Tanker","(Rosja)","UAZ3E","","2008","62687","112511","In Service/Commission","RPTD SOLD UNDISCLOSED INTEREST","RPTD SOLD UNDISCLOSED INTEREST","FAR FRONTIERS LLC","Rosjan Maritime Register of Shipping","","24","","","ARKHITEKTOR (since 01/01/2026) | Antila (since 01/12/2024) | Hs Legend (since 01/11/2022) | Sea Legend (since 01/12/2008)","Rosja (since 01/01/2026) | Guinea False (since 01/12/2024) | Liberia False (since 01/10/2024) | Liberia (since 01/11/2022) | Panama (since 01/12/2008)","4","3","RPTD SOLD UNDISCLOSED INTEREST (since 20/01/2026) | HS LEGEND LTD (since 11/11/2022) | ARAB MARITIME PETROLEUM TRANS (since 04/12/2008)","","False","False","Rosja"
"9286657","JUNDAR","Crude Oil Tanker","(Sierra leone)","9LS1962","","2005","78845","149993","In Service/Commission","EMISTARIN DEEPHAVEN LTD","EMISTARIN DEEPHAVEN LTD","SEAFARING SAVANTS LLC","Rosjan Maritime Register of Shipping","","21","","","JUNDAR (since 01/04/2026) | Legacy Crest (since 01/09/2025) | Lokosao (since 01/09/2024) | Dynamik Trader (since 01/04/2023) | South Sea (since 01/10/2005)","Sierra leone (since 01/03/2026) | Mozambique False (since 01/03/2026) | Cameroon (since 01/02/2026) | Not Known (since 01/11/2025) | Comoros FALSE (since 01/09/2025) | Sao Tome & Principe FALSE (since 01/02/2025) | Barbados (since 01/09/2024) | Cook islands (since 01/04/2023) | Liberia (since 01/10/2005)","8","4","EMISTARIN DEEPHAVEN LTD (since 14/04/2026) | LEGACY MARITIME SERVICES TRDG (since 10/02/2026) | HUNTLEY ENTERPRISES SA-LIB (since 31/10/2005)","","False","False","Rosja"
"9259185","BEIJING","Crude Oil Tanker","(Malawi False)","UNKNOWN","","2002","57979","107144","In Service/Commission","LOIRE SHIPPING INC","OCEANLINK MARITIME DMCC","GLOBAL SHIP MANAGEMENT LTD","May 2026","","26","","","BEIJING (since 01/12/2025) | Daksha (since 01/07/2024) | Hebe (since 01/01/2020) | Seanostrum (since 01/11/2002)","Malawi False (since 01/12/2025) | Comoros FALSE (since 01/07/2024) | Not Known (since 01/04/2024) | Comoros (since 01/02/2024) | Panama (since 01/01/2020) | Hong Kong, China (since 01/12/2004) | Cayman Islands (during 2002)","6","3","LOIRE SHIPPING INC (since 13/01/2020) | SEANOSTRUM TANKER LTD (since 20/12/2004) | SEANOSTRUM TANKER LTD (since 30/11/2002)","","False","False","Rosja"
"9353096","GURU","Chemical/Oil Products Tanker","(Cameroon)","TJM7EV","","2008","23353","37297","In Service/Commission","FU MAN SHIPPING LTD","FU MAN SHIPPING LTD","PU TUO SHAN SHIPMANAGEMENT CO","May 2026","","20","","","GURU (since 01/04/2025) | Madhav (since 01/12/2024) | Guru (since 01/10/2024) | Zeynep (since 01/01/2023) | Dewey (since 01/03/2019) | Cpo Germany (since 01/07/2008)","Cameroon (since 01/11/2025) | Gambia FALSE (since 01/10/2025) | Comoros FALSE (since 01/05/2025) | Comoros (since 01/04/2025) | Djibouti (since 01/12/2024) | Gabon (since 01/04/2023) | St.Kitts and Nevis (since 01/01/2023) | Marshall Islands (since 01/03/2019) | Germany (since 01/03/2019) | United Kingdom (since 01/07/2008) | Germany (since 01/07/2008)","10","5","FU MAN SHIPPING LTD (since 17/10/2024) | SEAPULSE INNOVATIONS FZE (since 01/03/2024) | ZEYNEP SHIPPING & MARINE INC (since 27/01/2023) | BSL DEWEY SHIPPING LTD (since 15/03/2019) | CPO GERMANY OFFEN REEDEREI (since 10/07/2008)","","False","False","Rosja"
"9248801","ASCENDANT","Oil Products Tanker","(Cameroon)","TJMV3C","","2003","25287","40039","In Service/Commission","ZEENAT MARITIME INC","PAN LONG JIANG SHIPMANAGEMENT","PAN LONG JIANG SHIPMANAGEMENT","May 2026","","46","","","ASCENDANT (since 01/01/2025) | Mu Dan (since 01/08/2024) | Atacama (since 01/06/2022) | Seacrown I (since 01/08/2011) | Seacrown (since 01/01/2003)","Cameroon (since 01/11/2025) | Benin False (since 01/08/2025) | Not Known (since 01/05/2025) | Djibouti (since 01/01/2025) | Panama (since 01/06/2023) | Not Known (since 01/04/2023) | St.Kitts and Nevis (since 01/06/2022) | Malta (since 01/08/2011) | Greece (since 01/01/2003) | Panama (during 2003)","9","4","ZEENAT MARITIME INC (since 05/11/2025) | YURAGI LTD (since 08/01/2025) | OCEANCRAFT HOLDINGS LTD (since 21/02/2024) | FELICIA SEAWAYS CO (since 17/08/2011)","","False","False","Rosja"
"9655470","SATURN I","Oil Products Tanker","(Rosja)","UADB4","","2013","5075","7023","In Service/Commission","PRIME SHIPPING LLC-RUS","PRIME SHIPPING LLC-RUS","PRIME SHIPPING LLC-RUS","Rosjan Maritime Register of Shipping","","13","","","SATURN I (since 01/02/2023) | Svl Unity (since 01/12/2017) | RN Saratov (since 01/08/2015) | SVL Unity (since 01/08/2013)","Rosja (since 01/11/2024) | Panama (since 01/09/2024) | Palau (Republic of) (since 01/02/2023) | Malta (since 01/02/2023) | Rosja (since 01/12/2017) | Rosja (since 01/09/2015) | Rosja (since 01/10/2013) | Malta (since 01/10/2013)","7","3","PRIME SHIPPING LLC-RUS (since 08/11/2024) | XIAO MENG SHIPPING LTD (since 17/09/2024) | MARISAFE TECHNOLOGIES FZE (since 01/03/2024) | SVL MARITIME E LTD (since 30/08/2013)","","False","False","Rosja"
"9353125","ADHARA","Chemical/Oil Products Tanker","(Sierra leone)","9LU2054","","2008","23353","37296","In Service/Commission","ZHAO YAO SHIPPING LTD","ZHAO YAO SHIPPING LTD","CHARAI SEA SHIPPING PVT LTD","Rosjan Maritime Register of Shipping","","26","","","ADHARA (since 01/07/2025) | Chandra (since 01/11/2024) | Nargis (since 01/01/2023) | Donald (since 01/03/2019) | Cpo Rosja (since 01/09/2008)","Sierra leone (since 01/01/2026) | Gambia (since 01/09/2025) | Malawi False (since 01/05/2025) | Panama (since 01/11/2024) | Gabon (since 01/04/2023) | St.Kitts and Nevis (since 01/01/2023) | Marshall Islands (since 01/03/2019) | United Kingdom (since 01/09/2008) | Germany (since 01/09/2008)","8","4","ZHAO YAO SHIPPING LTD (since 29/11/2024) | HUDSON HARBOR LOGISTICS LTD (since 01/03/2024) | NARGIS SHIPPING & MARINE INC (since 23/01/2023) | BSL DONALD SHIPPING LTD (since 27/03/2019) | CPO Rosja OFFEN REEDEREI (since 12/09/2008)","","False","False","Rosja"
"9276030","ECHO","Chemical/Oil Products Tanker","(Cameroon)","TJM0019","","2004","29327","46655","In Service/Commission","REYA MARINE CORP","VOV DENIZCILIK VE TICARET LTD","VOV DENIZCILIK VE TICARET LTD","May 2026","","60","","","ECHO (since 01/12/2024) | Elbrus (since 01/05/2004)","Cameroon (since 01/12/2025) | Gambia (since 01/08/2025) | Not Known (since 01/06/2025) | Barbados (since 01/12/2024) | Gabon (since 01/01/2024) | Liberia (since 01/06/2021) | Malta (since 01/05/2004)","6","1","REYA MARINE CORP (since 01/12/2024) | CORA NAVIGATION LTD (since 04/05/2004)","","False","False","Rosja"
"9292060","TALISMAN","Oil Products Tanker","(Rosja)","UAJE9","","2006","27725","46697","In Service/Commission","AMETRINE NAVIGATION INC","NORTH FLEET LTD","NORTH FLEET LTD","Rosjan Maritime Register of Shipping","","40","","","TALISMAN (since 01/09/2024) | Tavrichesky Bridge (since 01/10/2006)","Rosja (since 01/12/2025) | Gambia FALSE (since 01/11/2025) | Gambia (since 01/08/2025) | Comoros FALSE (since 01/05/2025) | Comoros (since 01/04/2025) | Barbados (since 01/09/2024) | Gabon (since 01/01/2024) | Liberia (since 01/10/2006)","7","1","AMETRINE NAVIGATION INC (since 20/09/2024) | EDGERTON SHIPPING LTD (since 31/10/2006)","","False","False","Rosja"
"9309588","SYMPHONY","Chemical/Oil Products Tanker","(Rosja)","UAEE5","","2005","27357","47197","In Service/Commission","NEW FLEET LTD","NEW FLEET LTD","NEW FLEET LTD","Rosjan Maritime Register of Shipping","","48","","","SYMPHONY (since 01/09/2024) | NS Stella (since 01/12/2005)","Rosja (since 01/11/2025) | Gambia (since 01/09/2025) | Comoros FALSE (since 01/05/2025) | Comoros (since 01/04/2025) | Barbados (since 01/09/2024) | Gabon (since 01/01/2024) | Liberia (since 01/12/2005)","6","1","NEW FLEET LTD (since 13/12/2025) | MANUKA SHIPPING LTD (since 30/09/2024) | MILLWOOD SHIPPING NAV SA (since 12/12/2005)","","False","False","Rosja"
"9903853","POLA ALEXIA","General Cargo Ship","(Rosja)","UBUU3","","2020","6305","8145","In Service/Commission","POLA RISE LTD","POLA RISE LTD","POLA RISE LTD","Rosjan Maritime Register of Shipping","","7","","","POLA ALEXIA (since 01/08/2020)","Rosja (since 01/08/2020)","0","0","POLA RISE LTD (since 12/05/2022) | JSC GTLK (since 20/08/2020)","","False","False","Rosja"
"9242986","SASCO ANGARA","Container Ship","(Rosja)","UBUO6","","2001","6420","8419","In Service/Commission","SAKHALIN SHIPPING CO SASCO","SAKHALIN SHIPPING CO SASCO","SAKHALIN SHIPPING CO SASCO","Rosjan Maritime Register of Shipping","","33","","","SASCO ANGARA (since 01/06/2016) | Merwedijk (during 2001)","Rosja (since 01/06/2016) | Palau (Republic of) (since 01/03/2016) | Netherlands (during 2001)","2","1","SAKHALIN SHIPPING CO SASCO (since 30/07/2016)","","False","False","Rosja"
"9255402","SASCO ANIVA","Container Ship","(Rosja)","UBBO5","","2002","6386","8446","In Service/Commission","KIPSERA ENTERPRISES LTD","SAKHALIN SHIPPING CO SASCO","SAKHALIN SHIPPING CO SASCO","Rosjan Maritime Register of Shipping","","32","","","SASCO ANIVA (since 01/08/2015) | Sirrah (during 2002)","Rosja (since 01/10/2015) | Palau (Republic of) (since 01/03/2015) | Netherlands (during 2002)","2","1","KIPSERA ENTERPRISES LTD (before 04/2015) | SIRRAH (since 01/05/2002)","","False","False","Rosja"
"9159921","PATRIA","Ro-Ro Cargo Ship","(Rosja)","UBVP6","","1999","5825","5795","In Service/Commission","HANRO SHIPPING - SAKHALIN","SAKHALIN SHIPPING CO SASCO","HANRO SHIPPING - SAKHALIN","Rosjan Maritime Register of Shipping","","76","","","PATRIA (since 01/06/2001)","Rosja (since 01/07/2017) | Germany (since 01/07/2017) | Antigua and Barbuda (since 01/04/2007)","2","0","HANRO SHIPPING - SAKHALIN (since 16/08/2017) | SAKHALIN SHIPPING CO SASCO (during 07/2017)","","False","False","Rosja"
"9118355","ZEYA","Container Ship","(Rosja)","UHMI","","1995","2984","4850","In Service/Commission","SAKHALIN SHIPPING CO SASCO","SAKHALIN SHIPPING CO SASCO","SAKHALIN SHIPPING CO SASCO","Rosjan Maritime Register of Shipping","","25","","","ZEYA (since 01/12/2009)","Rosja (since 01/12/2009)","0","0","SAKHALIN SHIPPING CO SASCO (since 10/12/2009)","","False","False","Rosja"
"9190286","AQUILON","General Cargo Ship","(Rosja)","UGZM","","1999","6540","9200","In Service/Commission","FETC CO LTD","FETC CO LTD","FETC CO LTD","Rosjan Maritime Register of Shipping","","43","","","AQUILON (since 01/01/2025) | Paramushir (since 01/11/2012)","Rosja (since 01/01/2025) | Panama (since 01/01/2025) | Rosja (since 01/04/2013) | Panama (since 01/11/2012)","3","1","FETC CO LTD (since 11/02/2025) | BROMA WORLDWIDE SA (during 11/2012)","","False","False","Rosja"
"8714657","SELENGA","General Cargo Ship","(Rosja)","UBSH8","","1988","6030","9589","In Service/Commission","SAKHALIN SHIPPING CO SASCO","SAKHALIN SHIPPING CO SASCO","SAKHALIN SHIPPING CO SASCO","Rosjan Maritime Register of Shipping","","40","","","SELENGA (since 01/08/2011) | Lerici Star (since 01/01/2007) | Kapitan Grishin (since 01/04/2003) | Sofrana Kermadec (since 01/04/2002) | Capitaine Tasman (since 01/06/2001) | Kapitan Grishin (since 01/04/2000)","Rosja (since 01/08/2011) | Malta (since 01/12/2006)","1","5","SAKHALIN SHIPPING CO SASCO (since 26/08/2011) | BOGAZZI & FIGLI SPA (since 01/12/2007)","","False","False","Rosja"
"9190274","OXIN","General Cargo Ship","(Botswana False)","UNKNOWN","","1999","6540","9200","In Service/Commission","U S S L SHIPS & BOATS TRADING","U S S L SHIPS & BOATS TRADING","FIDAR DARYA TIMAJ PJSC","Rosjan Maritime Register of Shipping","","46","","","OXIN (since 01/02/2025) | Shantar (since 01/03/2013)","Botswana False (since 01/10/2025) | Rosja (since 01/03/2013)","1","1","U S S L SHIPS & BOATS TRADING (since 29/10/2025) | SAKHALIN SHIPPING CO SASCO (since 18/03/2013) | WAGENBORG REDERIJ BV (since 01/06/2007) | WAGENBORG SHIPPING BV (since 01/08/2005)","","False","False","Rosja"
"9179385","SIMUSHIR","General Cargo Ship","(Rosja)","UBRI5","","1998","6540","9405","In Service/Commission","SAKHALIN SHIPPING CO SASCO","SAKHALIN SHIPPING CO SASCO","SAKHALIN SHIPPING CO SASCO","Rosjan Maritime Register of Shipping","","39","","","SIMUSHIR (since 01/07/2012) | Munteborg (during 2004) | MSC Baltic (since 01/08/2000)","Rosja (since 01/07/2012)","0","2","SAKHALIN SHIPPING CO SASCO (during 07/2012)","","False","False","Rosja"
"8330516","SAKHALIN","Passenger/Ro-Ro Cargo Ship","(Rosja)","UERK","","1985","9420","2427","In Service/Commission","MARINE FERRY LINES VANINO","SAKHALIN SHIPPING CO SASCO","SAKHALIN SHIPPING CO SASCO","May 2026","","2","","","SAKHALIN-8 (during 1985)","Rosja (since 01/04/2012) | Rosja (before 2009)","1","0","MARINE FERRY LINES VANINO (during 2005)","","False","False","Rosja"
"8728543","SAKHALIN","Passenger/Ro-Ro Cargo Ship","(Rosja)","UCEE","","1986","9346","3030","In Service/Commission","MARINE FERRY LINES VANINO","MARINE FERRY LINES VANINO","SAKHALIN SHIPPING CO SASCO","Rosjan Maritime Register of Shipping","","0","","","SAKHALIN-9 (since 01/12/1986)","Rosja (since 01/04/2012) | Rosja (since 01/01/2004)","1","0","MARINE FERRY LINES VANINO (since 07/07/2005)","","False","False","Rosja"
"8857667","SAKHALIN","Passenger/Ro-Ro Cargo Ship","(Rosja)","UCDL","","1992","9419","2820","In Service/Commission","SAKHALIN SHIPPING CO SASCO","SAKHALIN SHIPPING CO SASCO","SAKHALIN SHIPPING CO SASCO","Rosjan Maritime Register of Shipping","","0","","","SAKHALIN-10 (during 1992)","Rosja (during 1992)","0","0","SAKHALIN SHIPPING CO SASCO (before 1980)","","False","False","Rosja"
"9683740","LADY LEILA","Oil Products Tanker","(Rosja)","UCGL","","2014","5075","6999","In Service/Commission","ADAMANT CO LTD","BM FLOT LLC","BM FLOT LLC","Rosjan Maritime Register of Shipping","","7","","","LADY LEILA (since 01/08/2014)","Rosja (since 01/08/2014)","0","0","ADAMANT CO LTD (since 25/11/2022) | ALFA-LEASING LLC (since 01/08/2014)","","False","False","Rosja"
"9784893","LADY RANIA","Chemical/Oil Products Tanker","(Rosja)","UBBO9","","2015","5087","7005","In Service/Commission","BM FLOT LLC","BM FLOT LLC","BM FLOT LLC","Rosjan Maritime Register of Shipping","","15","","","LADY RANIA (since 01/11/2017) | Victoria (since 01/10/2015)","Rosja (since 01/10/2015)","0","1","BM FLOT LLC (since 24/11/2022) | ALFA-LEASING LLC (since 19/10/2017) | VICTORIA LLC (since 19/10/2015)","","False","False","Rosja"
"9683738","LADY SEVDA","Oil Products Tanker","(Rosja)","UBWL7","","2014","5075","7003","In Service/Commission","REGION EXPRESS TANKER LLC","REGION EXPRESS TANKER LLC","REGION EXPRESS TANKER LLC","Rosjan Maritime Register of Shipping","","12","","","LADY SEVDA (since 01/10/2014)","Rosja (since 01/10/2014)","0","0","REGION EXPRESS TANKER LLC (since 25/11/2022) | ALFA-LEASING LLC (since 17/10/2014)","","False","False","Rosja"
"9203710","SV KONSTANTIN","General Cargo Ship","(Rosja)","UBUS4","","2002","4860","5376","In Service/Commission","ALFA-LEASING LLC","ALFA-LEASING LLC","KAMA LTD","Rosjan Maritime Register of Shipping","","46","","","SV KONSTANTIN (since 01/12/2020) | St. Constantine (since 01/07/2007) | Boris Shcherbina (since 01/06/2002)","Rosja (since 01/07/2019) | Marshall Islands (since 01/09/2017) | Malta (since 01/08/2011) | Georgia (since 01/07/2007) | Rosja (since 01/01/2003) | Rosja (since 01/06/2002)","5","2","ALFA-LEASING LLC (since 22/12/2020) | ELMOR SHIPPING CO LTD (during 09/2017) | ELMOR SHIPPING CO LTD (since 06/05/2016) | GAZKOMPLEKTIMPEKS LTD (since 01/01/2003)","","False","False","Rosja"
"9482926","SV. NIKOLAY","General Cargo Ship","(Rosja)","UBTU6","","2009","5897","7152","In Service/Commission","RIVER S PLUS LLC","RIVER S PLUS LLC","RIVER S PLUS LLC","May 2026","","34","","","SV. NIKOLAY (since 01/08/2020) | St. Nicolas (since 01/09/2009)","Rosja (since 01/08/2020) | Malta (since 01/09/2009)","1","1","RIVER S PLUS LLC (since 16/12/2022) | ALFA-LEASING LLC (since 28/08/2020)","","False","False","Rosja"
"9594339","LENA","Yacht","(Virgin Islands (U.K))","ZJL8309","","2010","338","0","In Service/Commission","ROXLANE CORP LTD","MOORES ROWLAND","UNKNOWN","July 2025","","0","","","LENA (since 01/07/2010)","Virgin Islands (U.K) (since 01/07/2010)","0","0","ROXLANE CORP LTD (since 15/07/2010)","","False","False","Rosja"
"9617923","MARIA E","Passenger/Ro-Ro Ship (vehicles)","(Not Known)","UNKNOWN","","2011","3069","724","In Service/Commission","PRITZKER GLOBAL CORP","PRITZKER GLOBAL CORP","OBL-SHIPPING LLC","Rosjan Maritime Register of Shipping","","2","","","MARIA E (since 01/01/2022) | Maria (since 01/06/2015) | Maria Eleni (since 01/01/2011)","Not Known (since 01/05/2022) | Togo (since 01/01/2022) | Rosja (since 01/07/2015) | Belize (since 01/06/2015) | Greece (since 01/01/2011)","4","2","PRITZKER GLOBAL CORP (since 28/01/2022) | OBORONLOGISTICS LLC (before 12/2016)","","False","False","Rosja"
"9160994","SPARTA II","Ro-Ro Cargo Ship","(Rosja)","UAXX","","2000","7260","8194","In Service/Commission","OBORONLOGISTICS LLC","OBL-SHIPPING LLC","UNKNOWN","Rosjan Maritime Register of Shipping","","30","","","SPARTA II (since 01/09/2016) | Sloman Provider (during 2000)","Rosja (since 01/12/2016) | Germany (since 01/12/2016) | Belize (since 01/09/2016) | Antigua and Barbuda (since 01/01/2006) | Germany (since 01/01/2001)","4","1","OBORONLOGISTICS LLC (since 01/02/2018)","","False","False","Rosja"
"8807416","AMBAL","Ro-Ro Cargo Ship","(Rosja)","UBVG7","","1990","20729","10140","In Service/Commission","OBL-SHIPPING LLC","OBL-SHIPPING LLC","OBL-SHIPPING LLC","Rosjan Maritime Register of Shipping","","18","","","AMBAL (since 01/09/2010) | Runner (since 01/03/2004) | Finnrunner (since 01/09/2002)","Rosja (since 01/11/2010) | St.Kitts and Nevis (since 01/10/2010) | Rosja (since 01/09/2010) | Finland (since 01/03/2005) | Norway (NIS) (since 01/03/2004)","4","2","OBL-SHIPPING LLC (since 17/05/2023) | OBORONLOGISTICS LLC (since 20/09/2019) | OBL-SHIPPING LLC (since 24/05/2017) | UGTRANS TERMINAL CO LTD (during 09/2010)","","False","False","Rosja"
"8814354","PIZHMA","General Cargo Ship","(Rosja)","UDVD","","1990","3466","4236","In Service/Commission","OBL-SHIPPING LLC","OBL-SHIPPING LLC","OBL-SHIPPING LLC","Rosjan Maritime Register of Shipping","","32","","","PIZHMA (since 01/06/2017)","Rosja (since 01/06/2018) | Rosja (since 01/06/2017) | Rosja (since 01/07/2016) | Cambodia (since 01/07/2016)","3","0","OBL-SHIPPING LLC (since 10/07/2023) | SC-SOUTH LLC (since 22/10/2020) | OBL-SHIPPING LLC (since 30/06/2017) | MASTER SHIPPING JSC (since 01/07/2016)","","False","False","Rosja"
"9268710","SPARTA","Ro-Ro Cargo Ship","(Rosja)","UCPH","","2003","8831","6785","In Service/Commission","SC-SOUTH LLC","SC-SOUTH LLC","SC-SOUTH LLC","Rosjan Maritime Register of Shipping","","44","","","SPARTA (since 01/08/2016) | Hc Paulina (since 01/12/2010) | Scan Brasil (since 01/03/2010) | Hyundai Buffalo (since 01/12/2008) | Scan Brasil (since 01/12/2003)","Rosja (since 01/03/2017) | Germany (since 01/03/2017) | Belize (since 01/08/2016) | Antigua and Barbuda (since 01/12/2010) | Germany (since 01/10/2008) | Isle of Man (since 01/12/2003) | Germany (since 01/12/2003)","6","4","SC-SOUTH LLC (during 11/2019)","","False","False","Rosja"
"9538892","URSA MAJOR","General Cargo Ship","(Rosja)","UFUZ","","2009","12679","9490","Total Loss","SC-SOUTH LLC","SC-SOUTH LLC","SC-SOUTH LLC","Rosjan Maritime Register of Shipping","","25","","","URSA MAJOR (since 01/10/2021) | Sparta Iii (since 01/02/2017) | Eit Palmina (since 01/08/2011) | Hyundai Britania (since 01/02/2010) | Scan Britania (since 01/12/2009)","Rosja (since 01/04/2017) | Belize (since 01/02/2017) | Antigua and Barbuda (since 01/08/2011) | Germany (since 01/05/2011) | Isle of Man (since 01/12/2009) | Germany (since 01/12/2009)","5","4","SC-SOUTH LLC (during 10/2020) | OBORONLOGISTICS LLC (during 02/2019)","","False","False","Rosja"
"9743033","SPARTA IV","General Cargo Ship","(Rosja)","UIYM","","2018","7522","8870","In Service/Commission","SC-SOUTH LLC","SC-SOUTH LLC","SC-SOUTH LLC","Rosjan Maritime Register of Shipping","","5","","","SPARTA IV (since 01/01/2018)","Rosja (since 01/06/2018) | Togo (since 01/01/2018)","1","0","SC-SOUTH LLC (during 11/2020)","","False","False","Rosja"
"8858087","SKIF","General Cargo Ship","(Rosja)","UBRK6","","1984","2463","3060","In Service/Commission","LADOGA LTD","LADOGA LTD","LADOGA LTD","June 2024","","33","","","SKIF-V (since 01/10/2012) | Sail (since 01/09/2002) | Petka (during 2000)","Rosja (since 01/01/2014) | Cambodia (since 01/10/2012) | Not Known (since 01/10/2010) | Belize (since 01/09/2002) | St Vincent and Grenadines (since 01/11/2000)","4","2","LADOGA LTD (during 01/2014) | MEDTRANS SHIPPING (during 11/2000)","","False","False","Rosja"
"1011202","NIRVANA","Yacht","(Not Known)","UNKNOWN","","2012","2786","0","In Service/Commission","BELCANTO HOLDINGS LTD","EXCLUSIVE YACHT MANAGEMENT INC","UNKNOWN","May 2026","","3","","","NIRVANA (since 01/04/2012)","Not Known (since 01/11/2024) | Cayman Islands (since 01/04/2012)","1","0","BELCANTO HOLDINGS LTD (since 16/04/2012)","","False","False","Rosja"
"9339301","LIPETSK","Crude Oil Tanker","(Rosja)","UBZZ2","","2007","61449","115857","In Service/Commission","NS LEADER SHIPPING INC","INVEST FLEET LTD","INVEST FLEET LTD","Rosjan Maritime Register of Shipping","","30","","","LIPETSK (since 01/03/2025) | NS Leader (since 01/05/2007)","Rosja (since 01/03/2024) | Liberia (since 01/05/2007)","1","1","NS LEADER SHIPPING INC (since 14/05/2007)","","False","False","Rosja"
"8315499","COMETA","General Cargo Ship","(Cameroon)","TJM5203","","1984","1860","3042","Broken Up","COMETA SHIPPING LTD","COMETA SHIPPING LTD","COMETA SHIPPING LTD","December 2024","","62","","","COMETA (since 01/09/2023) | Pawell (since 01/07/2019) | Pal Palych (since 01/12/2018) | Emhani Ana (since 01/01/2015) | Gotland 1 (since 01/12/2014) | Gotland (since 01/09/2007)","Cameroon (since 01/09/2023) | Syrian Arab Republic (since 01/02/2020) | Cameroon (since 01/07/2019) | Not Known (since 01/06/2019) | Togo (since 01/12/2018) | Turkey (since 01/01/2015) | Panama (since 01/11/2014) | Germany (since 01/07/2009)","7","5","COMETA SHIPPING LTD (since 12/09/2023) | PAWELL SHIPPING CO LLP (since 22/07/2019) | IYEM ASYA NAKLIYAT VE TICARET (since 18/01/2015) | KARL MEYER SHPG INTL GMBH & CO (before 03/2013) | KARL MEYER REEDEREI GMBH & CO (since 01/09/2007)","","False","False","Rosja"
"8724080","KAPITAN BEKLEMISHEV","Tug","(Rosja)","UBSJ","","1985","1160","404","In Service/Commission","Rosja GOVT","Rosja GOVT NOVOROSSIYSK","Rosja GOVT MARINE RESCUE SERV","Rosjan Maritime Register of Shipping","","0","","","KAPITAN BEKLEMISHEV (since 01/06/1985)","Rosja (since 01/06/2015)","0","0","Rosja GOVT (since 26/01/2011) | KRASNODAR KRAY (since 01/01/2004)","","False","False","Rosja"
"9045601","ALFA","General Cargo Ship","(Rosja)","UBTY2","","2000","6055","8764","In Service/Commission","NIKA SHIPPING LLC","NIKA SHIPPING LLC","KRECHET LLC","Rosjan Maritime Register of Shipping","","64","","","ALFA-1 (since 01/04/2023) | Mehmet Bey (since 01/05/2010) | Novosea (since 01/06/2008) | Imbat (since 01/09/2002) | Hamburg Pride (since 01/09/2000)","Rosja (since 01/04/2023) | St.Kitts and Nevis (since 01/03/2023) | Malta (since 01/05/2010) | St.Kitts and Nevis (since 01/06/2008) | Panama (since 01/01/2006) | Malta (since 01/10/2000)","5","4","NIKA SHIPPING LLC (since 28/04/2023)","","False","False","Rosja"
"9915650","LUBOV","General Cargo Ship","(Rosja)","UBKW2","","2021","6418","7867","In Service/Commission","LUBOV MARITIME LTD","AZOV-DON SHIPPING CO LLC","AZOV-DON SHIPPING CO LLC","Rosjan Maritime Register of Shipping","","6","","","LUBOV (since 01/05/2021)","Rosja (since 01/06/2024) | Panama (since 01/04/2024) | Rosja (since 01/08/2021) | Liberia (since 01/05/2021)","3","0","LUBOV MARITIME LTD (since 06/05/2021)","","False","False","Rosja"
"9213296","TELESTO","Crude Oil Tanker","(Palau (Republic of))","T8A5444","","2001","62385","112056","In Service/Commission","MIMAS MARINE LTD","MIMAS MARINE LTD","BLUE WAVE MARITIME","Indian Register of Shipping (IACS)","","52","","","TELESTO (since 01/07/2021) | Bright Sonia (since 01/05/2019) | Shirley (since 01/11/2018) | Seaways Shirley (since 01/09/2017) | Overseas Shirley (during 2001)","Palau (Republic of) (since 01/11/2025) | Barbados (since 01/01/2025) | Guinea False (since 01/10/2024) | Not Known (since 01/08/2024) | Panama (since 01/05/2019) | Liberia (since 01/11/2018) | Comoros (since 01/11/2018) | Marshall Islands (since 01/10/2012) | Canada (since 01/09/2006) | Marshall Islands (since 01/02/2001)","9","4","MIMAS MARINE LTD (since 05/07/2021) | VELOSTAR SHIPPING CO (since 06/04/2021)","","False","False","Rosja"
"9167930","MURMANSK","Oil Products Tanker","(Rosja)","UBRR2","","1998","5698","8245","In Service/Commission","GAZPROMNEFT SHIPPING LLC","GAZPROMNEFT SHIPPING LLC","GAZPROMNEFT SHIPPING LLC","Rosjan Maritime Register of Shipping","","17","","","MURMANSK (since 01/11/2023) | Gazpromneft Murmansk (since 01/12/2018)","Rosja (since 01/12/2018) | Denmark (DIS) (since 01/02/2014) | Norway (NIS) (since 01/01/2009)","2","1","GAZPROMNEFT SHIPPING LLC (since 26/12/2018) | TERNTANK REDERI A/S (during 02/2014)","","False","False","Rosja"
"9247443","SKIRON","Crude Oil Tanker","(Cameroon)","TJM0007","","2003","63213","111920","In Service/Commission","BRAVORIN PORTAGE LTD","BRAVORIN PORTAGE LTD","AQUA FLEET MANAGEMENT LLC","Rosjan Maritime Register of Shipping","","36","","","SKIRON (since 01/02/2026) | Magnus (since 01/08/2025) | Quartanus (since 01/04/2025) | Morpheus (since 01/12/2023) | Concord Express (since 01/08/2021) | Americas Spirit (since 01/09/2003)","Cameroon (since 01/02/2026) | Cameroon (since 01/01/2026) | Not Known (since 01/11/2025) | Gambia (since 01/08/2025) | Gambia FALSE (since 01/06/2025) | Panama (since 01/08/2021) | Bahamas (since 01/09/2003) | Liberia (during 2003)","7","5","BRAVORIN PORTAGE LTD (since 04/02/2026) | HUI FEN GUANGMING LTD (since 20/08/2025) | PIONEER TRADE VENTURE LTD (since 14/03/2025) | SIDDQOM OVERSEAS LTD (since 22/12/2023) | AMERICAS SPIRIT LLC (since 01/09/2003) | GALAXY SHIPPING (since 01/01/2003)","","False","False","Rosja"
"9334296","NEMBUS","Chemical/Oil Products Tanker","(Gabon)","TRBP6","","2006","3991","6233","In Service/Commission","REYHAN LTD","LUMEN SHIP MANAGEMENT - FZCO","SHIP TECH MANAGEMENT - FZCO","Indian Register of Shipping (IACS)","","35","","","NEMBUS (since 01/02/2024) | Northsea I (since 01/11/2022) | Northsea Rational (since 01/08/2014) | Frosta (since 01/08/2006) | Commagenian (since 01/01/2005)","Gabon (since 01/02/2024) | Liberia (since 01/11/2022) | Malta (since 01/10/2009) | Bahamas (since 01/06/2008) | Turkey (since 01/08/2006)","4","4","REYHAN LTD (since 14/02/2026) | CENTAURI SERVICES LLC (since 01/06/2025) | ANDROMEDA SOLUTIONS FZE (since 09/02/2024) | NORTH SEA CHEMICALS AS (since 25/08/2014) | MOWINCKEL TANKERS AS (since 02/08/2006)","","False","False","Rosja"
"9167150","OASIS II","Crude Oil Tanker","(Panama)","3EIZ8","","2000","22181","34985","In Service/Commission","EAGLE SKY NAVIGATION ENT","ADRIATIC TANKERS SHIPPING CO","ADRIATIC TANKERS SHIPPING CO","May 2026","","32","","","OASIS II (since 01/02/2021) | Tuna (since 01/12/2019) | Ukede (during 2018) | Dolicha Bay (since 01/08/2017) | Maersk Rapier (since 01/04/2000) | Robert Maersk (since 01/01/2000)","Panama (since 01/02/2021) | Not Known (since 01/12/2020) | Palau (Republic of) (since 01/12/2019) | Liberia (since 01/08/2017) | United Kingdom (since 01/04/2000)","4","5","EAGLE SKY NAVIGATION ENT (since 07/02/2023) | SWISS LEGEND MARITIME SA (since 12/02/2021) | SWISS CARRIERS SA (during 08/2020) | SWISS LEGEND MARITIME SA (since 17/08/2017) | MAERSK CO LTD (since 12/04/2000) | MOLLER-MAERSK A/S (since 12/01/2000)","","False","False","Rosja"
"9171345","PIONE","Chemical/Oil Products Tanker","(St.Kitts and Nevis)","V4AX7","","2000","27254","44990","Broken Up","TIGER SHIPPING LTD","RESURGENCE SHIP MANAGEMENT PVT","RESURGENCE SHIP MANAGEMENT PVT","September 2025","","43","","","PIONE (since 01/09/2025) | Nvs Pioneer (since 01/03/2025) | Lata 1 (since 01/08/2024) | Sofi 1 (since 01/07/2023) | Marinoula (since 01/02/2000)","St.Kitts and Nevis (since 01/08/2025) | Palau (Republic of) (since 01/08/2024) | Panama (since 01/07/2023) | Liberia (since 01/12/2022) | Malta (since 01/02/2000)","4","4","TIGER SHIPPING LTD (since 05/09/2025) | NVS PIONEER SA (since 26/03/2025) | SEAWAVE SHIPPING SA (since 01/08/2024) | LOMBARD CORP (since 06/07/2023) | ABIGAIL FINANCE LTD (since 22/12/2022)","","False","False","Rosja"
"9198290","MD MIRANDA","Oil Products Tanker","(Gambia FALSE)","UNKNOWN","","1999","28246","46408","In Service/Commission","RPTD SOLD UNDISCLOSED INTEREST","RPTD SOLD UNDISCLOSED INTEREST","UNKNOWN","May 2026","","50","","","MD MIRANDA (since 01/07/2025) | Covenant Gold (since 01/04/2025) | Md Miranda (since 01/01/2023) | Abalone (since 01/02/2019) | Angelica An (since 01/04/2008)","Gambia FALSE (since 01/04/2026) | Gambia (since 01/03/2026) | Tonga False (since 01/07/2025) | Not Known (since 01/05/2025) | Palau (Republic of) (since 01/09/2024) | Tanzania (since 01/01/2023) | India (since 01/02/2019) | Malta (since 01/04/2008) | Greece (since 01/10/2002)","8","4","RPTD SOLD UNDISCLOSED INTEREST (since 19/06/2025) | SEVEN ISLANDS SHIPPING LTD (during 02/2019) | ANGELICA SHIPPING LTD (since 09/04/2008) | ALICE ENE (since 12/05/2004)","","False","False","Rosja"
"9236755","MACKEREL","Oil Products Tanker","(Not Known)","UNKNOWN","","2002","23241","39443","Broken Up","","ECO MAX FZE","UNKNOWN","December 2025","","44","","","MACKEREL (since 01/10/2024) | Liana (since 01/10/2022) | Linnet (since 01/01/2022) | Seaempress (since 01/02/2002)","Not Known (since 01/11/2025) | Gambia (since 01/10/2024) | Palau (Republic of) (since 01/01/2022) | Malta (since 01/03/2002) | Marshall Islands (during 2002)","4","3","PHILANDROS SHIPPING LTD (during 07/2014)","","False","False","Rosja"
"9236975","SREDINA","Oil Products Tanker","(Panama)","HPOW","","2002","22184","34801","In Service/Commission","CONTINENTAL MARITIME LTD","SREDISTE SHIPPING LLC","SREDISTE SHIPPING GEMI","Lloyd's Register (IACS)","","34","","","SREDINA (since 01/12/2023) | Mariner Iii (since 01/04/2021) | Countess I (since 01/09/2018) | Maersk Rhode Island (since 01/09/2002) | Maersk Ramsgate (since 01/01/2002)","Panama (since 01/09/2018) | Panama (since 01/09/2018) | Singapore (since 01/03/2014) | Marshall Islands (since 01/08/2012) | United States of America (since 01/09/2002) | Denmark (DIS) (during 2002)","5","4","CONTINENTAL MARITIME LTD (since 23/05/2024) | PLCM PTE LTD (since 22/12/2023) | OCEAN TRANSPORTATION MARITIME (since 04/09/2018) | MAERSK TANKERS SINGAPORE PTE (since 05/03/2014) | MAERSK LINE LTD-USA (since 01/09/2002)","","False","False","Rosja"
"9247508","ESENTEPE","Chemical/Oil Products Tanker","(Panama)","3E4792","","2004","25400","40250","In Service/Commission","ESENTEPE SHIPPING LTD","BESIKTAS LIKID TASIMACILIK","BESIKTAS LIKID TASIMACILIK","Lloyd's Register (IACS)","","56","","","ESENTEPE (since 01/08/2022) | Hans Scholl (since 01/07/2004)","Panama (since 01/08/2024) | Marshall Islands (since 01/08/2022) | Germany (since 01/08/2022) | Liberia (since 01/07/2004) | Germany (since 01/07/2004)","4","1","ESENTEPE SHIPPING LTD (since 30/08/2022) | KARL-HEINZ KRAMER GMBH (since 30/07/2004)","","False","False","Rosja"
"9253246","CH ELIXIR","Chemical/Oil Products Tanker","(Barbados)","8PQI","","2003","23217","37211","In Service/Commission","HAMILTON SHIPPING CO INC","PERUVIAN MANAGEMENT CO EIRL","PERUVIAN MANAGEMENT CO EIRL","Lloyd's Register (IACS)","","44","","","CH ELIXIR (since 01/12/2025) | Angi (since 01/11/2013) | Kolka (since 01/06/2004) | Purple Star (since 01/05/2003)","Barbados (since 01/01/2026) | Guinea-Bissau (since 01/12/2025) | Malta (since 01/11/2013) | Marshall Islands (since 01/05/2004) | Norway (NIS) (since 01/04/2003)","4","3","HAMILTON SHIPPING CO INC (since 01/12/2025) | MAP HPT I LLC (since 25/10/2018) | ANGI CHARTERING CO LTD (since 16/04/2014) | PURPLE STAR SHIPPING CO LTD (during 04/2003)","","False","False","Rosja"
"9255282","PIONEER","Chemical/Oil Products Tanker","(Rosja)","UAVA4","","2004","15980","24999","In Service/Commission","RELIABLE MARINE SOLUTIONS DMCC","RELIABLE MARINE SOLUTIONS DMCC","RP-SHIPPING LLC","Rosjan Maritime Register of Shipping","","32","","","PIONEER (since 01/07/2024) | Sehnaz Ka (since 01/08/2022) | Futura (since 01/10/2004)","Rosja (since 01/07/2025) | Sierra leone (since 01/07/2024) | Turkey (since 01/08/2022) | Norway (NIS) (since 01/12/2020) | Finland (during 2004)","4","2","RELIABLE MARINE SOLUTIONS DMCC (since 23/07/2024) | AKBASOGLU FOREIGN TRADE & SHIP (since 11/08/2022) | NESTE SHIPPING OY (since 07/12/2020) | SSC LUNNI OY (during 05/2014) | NESTE SHIPPING OY (since 01/01/2008) | NESTE CORP (since 12/10/2004)","","False","False","Rosja"
"9258014","NOSTOS","Oil Products Tanker","(Liberia)","D5VO7","","2003","28529","47147","In Service/Commission","SHANNON TRADING SA","EUROTANKERS INC","EUROTANKERS INC","May 2026","","35","","","NOSTOS (since 01/06/2021) | Aldan (since 01/02/2020) | Tajin (since 01/10/2008) | Sea music (since 01/06/2003)","Liberia (since 01/02/2020) | Mexico (since 01/06/2009) | Marshall Islands (since 01/10/2008) | Bahamas (since 01/06/2005) | Philippines (since 01/06/2003) | Panama (during 2003)","5","3","SHANNON TRADING SA (since 24/06/2021) | SHANNON TRADING SA (since 14/02/2020) | MARITIMA DEL GOLFO DE MEXICO (during 05/2013) | PETROLEOS MEXICANOS, TRANSPORT (since 02/06/2010) | MARITIMA DEL GOLFO DE MEXICO (since 07/10/2008) | INDIVIDUAL TANKER CORP (since 02/06/2005) | SEAFARERS SHIPPING INC (during 06/2003) | SAFEMARINE CORPORATION SA (during 2003)","","False","False","Rosja"
"9273246","STARWAY","Chemical/Oil Products Tanker","(Panama)","3E6902","","2004","30032","46048","In Service/Commission","HECHUANG INTERNATIONAL GROUP","HECHUANG INTERNATIONAL GROUP","HECHUANG INTERNATIONAL GROUP","Bureau Veritas (IACS)","","44","","","STARWAY (since 01/10/2024) | Butterfly (since 01/01/2022) | Buddha (since 01/11/2017) | Resolve (since 01/06/2004)","Panama (since 01/10/2024) | Liberia (since 01/11/2017) | Singapore (during 2004)","2","3","HECHUANG INTERNATIONAL GROUP (since 09/10/2024) | SHANGHAI WANHE MARINE SHIPPING (since 27/09/2024) | OCTANS SHIP LTD (since 13/01/2022) | NEPTUNE BULK PTE LTD (since 01/01/2004)","","False","False","Rosja"
"9272931","GARUDA","Chemical/Oil Products Tanker","(Sierra leone)","9LU2387","","2004","30028","46992","In Service/Commission","FENG YU MARITIME LTD","KOLLAM KREW SHIPPING PVT LTD","KOLLAM KREW SHIPPING PVT LTD","Indian Register of Shipping (IACS)","","54","","","GARUDA (since 01/09/2024) | Pericles (since 01/01/2023) | Sw Tropez I (since 01/02/2017) | High Endeavour (since 01/09/2004)","Sierra leone (since 01/11/2025) | Guinea-Bissau (since 01/11/2024) | Gabon (since 01/09/2024) | Cook islands (since 01/05/2023) | St.Kitts and Nevis (since 01/02/2023) | Panama (since 01/02/2017) | Liberia (since 01/09/2004)","6","3","FENG YU MARITIME LTD (since 10/10/2024) | AQUAPRO SOLUTIONS FZE (since 01/02/2024) | ATHENIENSIS INC (since 09/02/2023) | SW TROPEZ SHIPPING LLC (since 16/03/2017) | D'AMICO TANKERS DAC (since 01/01/2005)","","False","False","Rosja"
"9293997","MAGNOLIYA","Chemical/Oil Products Tanker","(Rosja)","UADF8","","2006","25431","40158","In Service/Commission","OCEAN SOLUTIONS LLC","OCEAN SOLUTIONS LLC","OCEAN SOLUTIONS LLC","Rosjan Maritime Register of Shipping","","37","","","MAGNOLIYA (since 01/03/2026) | Khalasi (since 01/03/2024) | Strea (since 01/09/2022) | Astrea (since 01/12/2018) | Ray G (since 01/01/2006)","Rosja (since 01/03/2026) | Not Known (since 01/02/2026) | Sierra leone (since 01/11/2025) | Gabon (since 01/03/2024) | Liberia (since 01/09/2022) | Malta (since 01/12/2018) | Italy (since 01/01/2006)","6","4","OCEAN SOLUTIONS LLC (since 25/03/2026) | CENTAURI SERVICES LLC (since 23/06/2025) | MENDES VENTURES LLC (since 08/03/2024) | SICTUS 10 LTD (since 13/12/2018) | GESTIONI ARMATORIALI SRL (since 27/01/2006)","","False","False","Rosja"
"9252967","YVIKA","Crude Oil Tanker","(Sierra leone)","9LS2075","","2003","56203","105387","In Service/Commission","RPTD SOLD UNDISCLOSED INTEREST","RPTD SOLD UNDISCLOSED INTEREST","BLUE HORIZON SHIPPING LLC","Rosjan Maritime Register of Shipping","","45","","","YVIKA (since 01/05/2026) | Gracep (since 01/11/2025) | Wind (since 01/01/2021) | Cira I (since 01/12/2020) | Baku (since 01/11/2008) | Harmony (since 01/03/2003)","Sierra leone (since 01/05/2026) | Barbados (since 01/11/2025) | Panama (since 01/03/2023) | Comoros (since 01/07/2022) | Panama (since 01/01/2021) | Malta (since 01/01/2003)","5","5","RPTD SOLD UNDISCLOSED INTEREST (since 24/04/2026) | BRIGHT LEXY SHIPPING LTD (since 07/11/2025) | LONGITUDE MARITIME COMPANY SA (since 22/01/2021) | UML NAVIGATION 4 LTD (since 19/01/2017)","","False","False","Rosja"
"9263198","FEI YUN HE","Chemical/Oil Products Tanker","(Cameroon)","TJMV17","","2004","22531","40014","In Service/Commission","CORVUS SHIP MANAGEMENT - FZCO","CORVUS SHIP MANAGEMENT - FZCO","CORVUS SHIP MANAGEMENT - FZCO","May 2026","","45","","","FEI YUN HE (since 01/11/2025) | Nordimar Gale (since 01/06/2025) | Saint (since 01/03/2024) | Beks Naz (since 01/08/2022) | Hafnia Robson (since 01/06/2014) | Mount Robson (since 01/05/2004)","Cameroon (since 01/11/2025) | Not Known (since 01/09/2025) | Guinea-Bissau (since 01/03/2024) | Marshall Islands (since 01/08/2022) | Singapore (since 01/12/2014) | Cyprus (during 2004)","5","5","CORVUS SHIP MANAGEMENT - FZCO (since 19/11/2025) | NORDIMAR MARITIME SRVS & TRDG (since 11/06/2025) | SAINT MARITIME & TRADING LTD (since 01/12/2024) | NAZ MARITIME & TRADING INC (since 04/08/2022) | HAFNIA TANKERS SHIPHOLDING-SNG (since 20/12/2014)","","False","False","Rosja"
"9290828","DORIN","Oil Products Tanker","(Cameroon)","TJMA63","","2005","23298","37252","In Service/Commission","VENKATESWARA MARITIME INC","VENKATESWARA MARITIME INC","JIN GANG SHAN SHIPMANAGEMENT","Bureau Veritas (IACS)","","43","","","DORIN (since 01/04/2025) | E Mei Shan (since 01/01/2025) | Voula (since 01/02/2023) | Byron (since 01/03/2015) | Scarlet Star (since 01/01/2005)","Cameroon (since 01/01/2026) | Madagascar False (since 01/01/2026) | Benin False (since 01/08/2025) | Sao Tome and Principe (since 01/04/2025) | Panama (since 01/01/2025) | Gabon (since 01/02/2023) | Marshall Islands (since 01/01/2010) | Norway (NIS) (during 2005)","7","4","VENKATESWARA MARITIME INC (since 28/04/2025) | THANDA AYE SHIPPING LTD (since 08/01/2025) | NAUTICALNEX DYNAMICS FZE (since 23/02/2024) | VOULA SHIPPING & MARINE INC (since 24/02/2023) | VERNON MARINE LTD (since 04/03/2015) | SCARLET STAR SHIPPING LTD (since 04/01/2005)","","False","False","Rosja"
"9441958","MARKAB","Chemical/Oil Products Tanker","(Gabon)","TRBQ2","","2008","4365","6221","In Service/Commission","PATTA LTD","PATTA LTD","ZOON SHIPPING PVT LTD","Indian Register of Shipping (IACS)","","30","","","MARKAB (since 01/02/2024) | Marmea (since 01/10/2022) | Bomar Haumea (since 01/05/2014) | Pan Adventure (since 01/07/2008) | Neta (since 01/05/2008)","Gabon (since 01/02/2024) | Liberia (since 01/10/2022) | Malta (since 01/05/2014) | Barbados (since 01/07/2008) | Malta (since 01/05/2008)","4","4","PATTA LTD (since 16/12/2025) | CENTAURI SERVICES LLC (since 01/06/2025) | PEGASI MANAGEMENT LLC (since 09/02/2024) | BOMAR TEN LLC (since 28/05/2014) | BESIKTAS LIKID TASIMACILIK (since 16/05/2008)","","False","False","Rosja"
"9260263","HAWK III","Oil Products Tanker","(Panama)","3EDT2","","2003","25108","40246","In Service/Commission","OCEANIC COMMANDER SHIPPING SA","SR NAVIGATION SA","SR NAVIGATION SA","Bureau Veritas (IACS)","","61","","","HAWK III (since 01/07/2023) | Sw Julia I (since 01/11/2015) | Cape Bille (since 01/09/2003)","Panama (since 01/11/2015) | Germany (since 01/11/2015) | Marshall Islands (since 01/09/2003) | Germany (since 01/09/2003)","3","2","OCEANIC COMMANDER SHIPPING SA (since 25/07/2023) | SW JULIA SHIPPING LLC (since 16/11/2015) | CAPE BILLE TANKSCHIFFAHRTS (since 26/09/2003)","","False","False","Rosja"
"9302683","GEORGIA","Chemical/Oil Products Tanker","(Malta)","9HA2712","","2006","25108","40327","In Service/Commission","TRIGGER SHIPPING LTD","EASTERN MEDITERRANEAN MARITIME","EASTERN MEDITERRANEAN MARITIME","DNV (IACS)","","50","","","GEORGIA (since 01/03/2011) | Cape Bilbao (since 01/06/2006)","Malta (since 01/03/2011) | Marshall Islands (since 01/06/2006)","1","1","TRIGGER SHIPPING LTD (since 10/03/2011)","","False","False","Rosja"
"9266762","ORIENT NAVIGATOR","Crude Oil Tanker","(Bahamas)","C6IP6","","2005","39307","70426","In Service/Commission","PEARL MARINE LTD-HKG","PEARL MARINE LTD-HKG","BRIGHT SEA HK SHIPPING LTD","Registro Italiano Navale (IACS)","","18","","","ORIENT NAVIGATOR (since 01/03/2026) | Sea Raker (since 01/07/2025) | Jag (since 01/01/2023) | Junior G (since 01/07/2019) | Super Sky (since 01/01/2019) | Sino Pacific (since 01/10/2018) | Formosa Falcon (since 01/04/2013) | FPMC P Venus (since 01/08/2011) | Formosaproduct Brick (since 01/04/2005)","Bahamas (since 01/03/2026) | Portugal (MAR) (since 01/07/2025) | Liberia (since 01/06/2019) | Panama (since 01/10/2018) | Liberia (since 01/04/2005)","4","8","PEARL MARINE LTD-HKG (since 09/03/2026) | BILANDER SHIPPING SA (since 30/01/2023) | ALICIA SHIPTRADING CO (since 18/06/2019) | SMART CREATURE LTD (since 17/01/2019) | SUPERB GOLD CO LTD (since 05/11/2018)","","False","False","Rosja"
"9267027","CAPIBARA","Chemical/Oil Products Tanker","(Indonesia)","YBZJ2","","2004","25507","38877","In Service/Commission","CITRINE MARITIME PT","GEMILANG BINA LINTAS TIRTA PT","GEMILANG BINA LINTAS TIRTA PT","May 2026","","52","","","CAPIBARA (since 01/09/2024) | Bull Kangean (since 01/12/2017) | Maritime Amanda (since 01/10/2017) | King Emerald (since 01/10/2008) | Meriom Breeze (since 01/06/2004)","Indonesia (since 01/12/2017) | Panama (since 01/10/2017) | Germany (since 01/10/2017) | Marshall Islands (since 01/10/2008) | Germany (since 01/10/2008) | Marshall Islands (since 01/05/2005) | Malta (during 2004)","6","4","CITRINE MARITIME PT (since 19/10/2017) | BREEZE LTD (since 04/05/2005)","","False","False","Rosja"
"9269245","BLUE STAR II","Crude Oil Tanker","(Panama)","3E2526","","2004","42011","73431","In Service/Commission","BLUE POSEIDON SHIPPING INC","MIREXA MARINE SERVICES PVT LTD","MIREXA MARINE SERVICES PVT LTD","Dromon Bureau of Shipping","","48","","","BLUE STAR II (since 01/03/2026) | Clyde (since 01/06/2022) | BW Clyde (since 01/12/2014) | BW Isis (since 01/06/2013) | Avra (since 01/12/2011) | Newlead Avra (since 01/02/2010) | Altius (since 01/03/2004) | Michele Iuliano (since 01/11/2003)","Panama (since 01/06/2022) | Singapore (since 01/05/2014) | Bermuda (since 01/12/2011) | Marshall Islands (since 01/06/2005) | Malta (during 2004)","4","7","BLUE POSEIDON SHIPPING INC (since 10/03/2026) | CLYDE SHIPPING INVESTMENTS SA (since 07/06/2022) | BW ALDRICH PTE LTD (since 01/06/2017) | BW SILVERMINE PTE LTD (since 27/05/2014) | W TANKERS LTD-BER (since 03/12/2013) | BW GAS CYPRUS LTD (since 13/09/2013) | W TANKERS LTD-BER (since 22/12/2011)","","False","False","Rosja"
"9391414","BRONX","Chemical/Oil Products Tanker","(Liberia)","A8QQ5","","2008","23403","37602","In Service/Commission","CADET BLUE SHIPPING LTD","IMS SA","IMS SA","Bureau Veritas (IACS)","","40","","","BRONX (since 01/06/2023) | Nordic Humboldt (since 01/03/2019) | Conti Humboldt (since 01/12/2008)","Liberia (since 01/05/2023) | Germany (since 01/05/2023) | Liberia (since 01/12/2008) | Germany (since 01/12/2008)","3","2","CADET BLUE SHIPPING LTD (since 31/05/2023) | NORDIC HUMBOLDT SCHIFFFAHRTS (since 19/03/2019) | CONTI 150 CONTI HUMBOLDT (since 10/12/2008)","","False","False","Rosja"
"9655456","CLEAN VISION","LNG Tanker","(Malta)","9HA3863","","2016","105943","89863","In Service/Commission","SEA 44 LEASING CO LTD","DYNAGAS LTD","DYNAGAS LTD","Bureau Veritas (IACS)","","8","","","CLEAN VISION (since 01/01/2016)","Malta (since 01/01/2016)","0","0","SEA 44 LEASING CO LTD (since 27/09/2017) | OLINDA LTD (since 06/01/2016)","","False","False","Rosja"
"9323364","SILVER ICE","Chemical/Oil Products Tanker","(Cameroon)","TJMOW2","","2007","30701","52684","In Service/Commission","KNOLL MARITIME SERVICES & TRDG","CLASSIC SHIP MANAGEMENT","CLASSIC SHIP MANAGEMENT","Lloyd's Register (IACS)","","38","","","SILVER ICE (since 01/02/2026) | Sinar G (since 01/07/2023) | Usma (since 01/07/2007)","Cameroon (since 01/12/2025) | Panama (since 01/11/2024) | Cook islands (since 01/07/2023) | Marshall Islands (since 01/07/2007)","3","2","KNOLL MARITIME SERVICES & TRDG (since 25/02/2026) | HARBORGLOBAL MARINE LTD (since 20/09/2025) | KOSTANA OFFSHORE LTD (since 01/08/2023) | CARAVELLA LLC-FZ (since 31/07/2023) | SMILTENE NAVIGATION INC (since 31/07/2007)","","False","False","Rosja"
"9261401","QUARTZ","Chemical/Oil Products Tanker","(Cameroon)","TJMOW3","","2003","23246","37296","In Service/Commission","QUARTZ MARITIME SERVICES TRDG","EMT GEMI ISLETMECILIGI AS","EMT GEMI ISLETMECILIGI AS","May 2026","","42","","","QUARTZ (since 01/06/2025) | Siren (since 01/03/2024) | Beks Focus (since 01/03/2023) | Baltic Wind (since 01/06/2005) | Prosky (since 01/11/2003)","Cameroon (since 01/12/2025) | Palau (Republic of) (since 01/07/2025) | Barbados (since 01/03/2024) | Marshall Islands (since 01/03/2023) | Germany (since 01/03/2023) | Malta (since 01/06/2005) | Germany (since 01/06/2005) | Greece (since 01/11/2003)","7","4","QUARTZ MARITIME SERVICES TRDG (since 25/06/2025) | SIREN MARITIME & TRADING LTD (since 01/01/2025) | FOCUS MARITIME & TRADING INC (since 09/03/2023) | BALTIC WIND (since 06/06/2005)","","False","False","Rosja"
"9299135","MANDALA","Chemical/Oil Products Tanker","(Cameroon)","TJMR14","","2006","36210","65125","In Service/Commission","KARIKA MARINE INC","KARIKA MARINE INC","KARIKA MARINE INC","May 2026","","36","","","MANDALA (since 01/01/2023) | Stena Provence (since 01/03/2006)","Cameroon (since 01/11/2025) | Liberia (since 01/01/2023) | Bermuda (since 01/03/2006)","2","1","KARIKA MARINE INC (since 20/11/2025) | MINSHENG QIHANG TIANJIN SHPG (since 28/08/2023) | KARIKA MARINE INC (since 17/01/2023) | CM P-MAX II LTD (since 10/03/2006)","","False","False","Rosja"
"9637507","CLEAN PLANET","LNG Tanker","(Marshall Islands)","V7CY8","","2014","105943","89848","In Service/Commission","CDBL PLANET LTD","DYNAGAS LTD","DYNAGAS LTD","Bureau Veritas (IACS)","","8","","","CLEAN PLANET (since 01/09/2014)","Marshall Islands (since 01/09/2014)","0","0","CDBL PLANET LTD (since 19/12/2017)","","False","False","Rosja"
"9637492","CLEAN OCEAN","LNG Tanker","(Marshall Islands)","V7CY7","","2014","105943","89956","In Service/Commission","CDBL OCEAN LTD","DYNAGAS LTD","DYNAGAS LTD","Bureau Veritas (IACS)","","13","","","CLEAN OCEAN (since 01/06/2014)","Marshall Islands (since 01/06/2014)","0","0","CDBL OCEAN LTD (since 19/12/2017)","","False","False","Rosja"
"9183843","YORIK","Chemical/Oil Products Tanker","(Gambia)","C5J678","","2000","14400","21871","In Service/Commission","PRODIGY MARITIME CO SA","HARBOUR WOLF SHIP MANAGEMENT","HARBOUR WOLF SHIP MANAGEMENT","May 2026","","44","","","YORIK (since 01/06/2025) | Themsestern (since 01/06/2000)","Gambia (since 01/06/2025) | Germany (since 01/06/2025) | Portugal (MAR) (since 01/04/2012) | Isle of Man (since 01/06/2000) | Germany (since 01/06/2000)","4","1","PRODIGY MARITIME CO SA (since 18/06/2025) | THEMSESTERN SCHIFFFAHRTS (since 01/06/2000)","","False","False","Rosja"
"9234680","SILVER TIGER","Chemical/Oil Products Tanker","(Indonesia)","YBGB2","","2002","23242","37383","In Service/Commission","NUSA BHAKTI JAYARAYA PT","GEMILANG BINA LINTAS TIRTA PT","GEMILANG BINA LINTAS TIRTA PT","DNV-GL (ex DNV) (IACS)","","38","","","SILVER TIGER (since 01/08/2024) | Bull Flores (since 01/02/2016) | Elbtank Denmark (since 01/04/2008) | Chenab Spirit (since 01/10/2007) | Orontes (since 01/03/2002)","Indonesia (since 01/02/2016) | Germany (since 01/04/2008) | Liberia (since 01/04/2008) | Germany (since 01/04/2008) | Bahamas (since 01/10/2007) | Marshall Islands (since 01/03/2002) | Bahamas (since 01/03/2002)","6","4","NUSA BHAKTI JAYARAYA PT (since 02/02/2016) | CHENAB SPIRIT LLC (since 09/10/2007) | TEEKAY SHIPPING CANADA LTD (since 01/03/2002)","","False","False","Rosja"
"9248461","WAN HE","Chemical/Oil Products Tanker","(Barbados)","8PRO3","","2002","15148","24404","In Service/Commission","WANHE SHIPPING LTD","LANIKAI SHIPPING LTD","LANIKAI SHIPPING LTD","Lloyd's Register (IACS)","","70","","","WAN HE (since 01/03/2024) | Chem Sinyoo (since 01/08/2019) | Chembulk Savannah (since 01/01/2002)","Barbados (since 01/10/2023) | Marshall Islands (since 01/06/2020) | Singapore (since 01/10/2019) | Marshall Islands (since 01/11/2015) | Singapore (since 01/12/2007) | Marshall Islands (since 01/01/2002)","5","2","WANHE SHIPPING LTD (since 02/03/2024) | CHEMSINYOO TANKERS CO LTD (since 24/06/2020) | CHEMSINYOO TANKERS CO LTD (since 20/08/2019) | CHEMBULK SAVANNAH LLC (since 30/11/2015) | CHEMBULK SAVANNAH II LLC (since 25/01/2007) | STRATEGIC TANKERS (since 01/01/2002)","","False","False","Rosja"
"9251676","CENTAR","Chemical/Oil Products Tanker","(Panama)","3E2695","","2002","22345","34578","In Service/Commission","CENTAR SHIPPING LTD","SREDISTE SHIPPING GEMI","SREDISTE SHIPPING GEMI","Lloyd's Register (IACS)","","50","","","CENTAR (since 01/07/2022) | Eberhardt Arctic (since 01/12/2002)","Panama (since 01/07/2022) | Germany (since 01/07/2022) | Portugal (MAR) (since 01/11/2020) | Gibraltar (since 01/12/2002) | Germany (since 01/12/2002)","4","1","CENTAR SHIPPING LTD (since 14/11/2023) | PLCM PTE LTD (since 07/07/2022) | EBERHARDT ARCTIC (since 01/12/2002)","","False","False","Rosja"
"8614467","SEA PRINCES","Chemical/Oil Products Tanker","(Guyana False)","UNKNOWN","","1988","44322","83651","Broken Up","","","","","","51","","","SEA PRINCES (since 01/03/2022) | Queen I (since 01/04/2016) | Silva Z (since 01/10/2015) | Silva (since 01/07/2012) | Kirsten (during 2000)","Guyana False (since 01/11/2021) | Panama (since 01/10/2015) | Tanzania (since 01/03/2015) | Tanzania (since 01/07/2012) | Norway (NIS) (since 01/07/2000)","4","4","LR SHIPPING THREE & HILDE (since 14/04/2000)","","False","True","Iran"
"8902993","STANDORF","LPG Tanker","(Panama)","3EDV3","","1990","21907","28820","Broken Up","STANDORF SHIPPING INC","TGM DENIZ IS VE ACENT LTD STI","TGM DENIZ IS VE ACENT LTD STI","September 2021","","4","","","STANDORF (since 01/11/2016) | Paracas (since 01/06/2012) | Australgas (since 01/02/2002)","Panama (since 01/11/2016) | Peru (since 01/06/2012) | Chile (since 01/04/2002)","2","2","STANDORF SHIPPING INC (since 03/11/2016) | TRANSOCEANICA NAVIERA SA (since 08/06/2012) | ULTRANAV NAVIERA LTDA (since 16/01/2002)","","False","False","Iran"
"9070149","SAAVI","Crude Oil Tanker","(Panama)","HP7082","","1995","80130","147467","Broken Up","AYSA SHIPPING INC","EBRAH SHIP MANAGEMENT PVT LTD","UNKNOWN","May 2022","","4","","","SAAVI (since 01/11/2020) | Maharaja (since 01/03/2020)","Panama (since 01/11/2020) | St.Kitts and Nevis (since 01/03/2020)","1","1","AYSA SHIPPING INC (since 07/10/2021) | GREATWAVE INVESTMENT HOLDINGS (since 30/03/2020)","","False","False","Iran"
"9081837","HAZEL","Crude Oil Tanker","(Comoros)","D6A2315","","1995","28507","46700","Broken Up","","","UNKNOWN","June 2021","","40","","","HAZEL (since 01/06/2021) | Clara (since 01/09/2019) | Maria (since 01/11/2018) | Tahmeel II (since 01/08/2015)","Comoros (since 01/11/2018) | Panama (since 01/09/2015)","1","3","FINCH SHIPPING CO (since 14/08/2015)","","False","False","Iran"
"9102239","PENNY H","Crude Oil Tanker","(Tanzania FALSE)","UNKNOWN","","1996","163882","300361","Broken Up","","GREEN OCEAN SHIP MANAGEMENT","UNKNOWN","June 2024","","24","","","PENNY H (since 01/12/2020) | Wu Xian (since 01/12/2018) | Amlah (since 01/11/2018)","Tanzania FALSE (since 01/12/2020) | Sao Tome and Principe (since 01/10/2019) | Panama (since 01/12/2018) | Palau (Republic of) (since 01/11/2018) | Saudi Arabia (since 01/01/2017)","4","2","","","True","False","Iran"
"9102265","EM VITALITY","FSO, Oil","(Cook islands)","E5U3708","","1996","163882","300361","Broken Up","RIYA SHIPPING CORP","RIYA SHIPPING CORP","UNKNOWN","May 2022","","21","","","EM VITALITY (since 01/09/2019) | Hawtah (since 01/01/2011) | TI Hawtah (since 01/02/2007)","Cook islands (since 01/09/2019) | Comoros (since 01/09/2019) | Saudi Arabia (since 01/04/2017)","2","2","RIYA SHIPPING CORP (since 24/06/2021) | SEA VITALITY PTE LTD (during 09/2019)","","False","False","Iran"
"9105102","OCEAN RI","Chemical/Oil Products Tanker","(Palau (Republic of))","T8A3916","","1996","26218","46087","Broken Up","LIBRA SEAWAY LLC","LIBRA SEAWAY LLC","UNKNOWN","August 2022","","46","","","OCEAN RI (since 01/06/2022) | Ocean Rich (since 01/04/2021) | Chang Hai (since 01/02/2020) | Huasheng (since 01/08/2019) | Meadows (since 01/07/2016) | Lynda Victory (since 01/08/2011)","Palau (Republic of) (since 01/06/2022) | Cook islands (since 01/08/2020) | Mongolia (since 01/02/2020) | Not Known (since 01/01/2020) | Panama (since 01/08/2019) | India (since 01/07/2016) | Norway (NIS) (since 01/09/2011)","6","5","LIBRA SEAWAY LLC (since 22/06/2022) | HONGKONG OCEAN RICH SHIPPING (since 28/04/2021) | HONG KONG CHANG HAI SHIPPING (since 25/02/2020) | HONGKONG HUASHENG SHIPPING LTD (since 13/08/2019) | SEVEN ISLANDS SHIPPING LTD (since 19/07/2016) | LYNDA VICTORY AS (since 31/08/2011)","","False","False","Iran"
"9111644","ALBA SUN","Crude Oil Tanker","(Panama)","3FDP3","","1996","57456","99448","Broken Up","ALBA SUN TANKERS CORP","BRIZO TANKER SHIP MANAGEMENT","BRIZO TANKER SHIP MANAGEMENT","October 2021","","58","","","ALBA SUN (since 01/06/2019)","Panama (since 01/05/2019)","0","0","ALBA SUN TANKERS CORP (since 07/06/2019) | AET INC PTE LTD (since 20/12/2000)","","False","False","Iran"
"9118393","G STAR","FSO, Oil","(St.Kitts and Nevis)","V4LD4","","1997","164371","309966","Broken Up","SCHOLAR ELITE LTD","MACHTRANS SHIP MANAGEMENT PVT","UNKNOWN","August 2021","","25","","","G STAR (since 01/06/2021) | Energy Star (since 01/05/2013) | DHT Regal (since 01/06/2011) | Overseas Regal (since 01/04/2007)","St.Kitts and Nevis (since 01/06/2021) | Thailand (since 01/05/2013)","1","3","SCHOLAR ELITE LTD (since 23/06/2021) | PRIMA MARINE PCL (since 29/04/2013)","","False","False","Iran"
"9123192","AVENTINE","Crude Oil Tanker","(Panama)","HPRI","","1997","57456","99343","Broken Up","AVENTINE TANKERS CORP","BRIZO TANKER SHIP MANAGEMENT","BRIZO TANKER SHIP MANAGEMENT","March 2025","","56","","","AVENTINE (since 01/02/2019)","Panama (since 01/02/2019)","0","0","AVENTINE TANKERS CORP (since 25/02/2019) | AET INC PTE LTD (since 29/12/2000)","","False","False","Iran"
"9133587","PABLO","Crude Oil Tanker","(Gabon)","TRAR9","","1997","52197","96773","Total Loss","","","UNKNOWN","September 2025","","28","","","PABLO (since 01/04/2023) | Mockingbird (since 01/07/2022) | Helios (since 01/06/2021) | Adisa (since 01/05/2020) | Siro 1 (since 01/06/2019) | Hudara (since 01/10/2018) | S Spirit (since 01/08/2018)","Gabon (since 01/04/2023) | Not Known (since 01/11/2022) | Tanzania (since 01/07/2022) | Cook islands (since 01/06/2021) | Cameroon (since 01/05/2020) | Not Known (since 01/03/2020) | Panama (since 01/10/2018) | Palau (Republic of) (since 01/08/2018) | Greece (during 2001)","8","6","","","False","False","Iran"
"9144067","ION","Crude Oil Tanker","(Cameroon)","TJMC139","","1998","57148","105212","Broken Up","DUORO SHIPPING INC","","","June 2022","","33","","","ION (since 01/11/2020) | Gori (since 01/02/2020) | Sanremo (since 01/08/2019) | Strength 1 (since 01/10/2018) | Eurostrength (since 01/06/2013)","Cameroon (since 01/12/2020) | Not Known (since 01/06/2020) | Comoros (since 01/02/2020) | Not Known (since 01/01/2020) | Panama (since 01/10/2018) | Liberia (since 01/06/2013)","5","4","DUORO SHIPPING INC (since 09/02/2020) | ROXY INC (since 11/06/2013)","","False","False","Iran"
"9150767","MR NAUTILUS","Chemical/Oil Products Tanker","(Cameroon)","TJMC107","","1998","26794","43538","Broken Up","CURIA LTD","SUN MARINE FZC","UNKNOWN","July 2021","","70","","","MR NAUTILUS (since 01/06/2015)","Cameroon (since 01/09/2020) | Not Known (since 01/01/2020) | Panama (since 01/06/2015)","2","0","CURIA LTD (since 07/09/2020)","","False","False","Iran"
"9159660","FREESIA I","Crude Oil Tanker","(Panama)","HOEY","","1998","81265","159211","Broken Up","BERWEN VENTURES CORP","TANKER EXPERT SHIP MANAGEMENT","UNKNOWN","December 2025","","33","","","FREESIA I (since 01/12/2020) | La Rosa I (since 01/05/2019) | La Mer (since 01/04/2014)","Panama (since 01/05/2019) | Marshall Islands (since 01/04/2014) | Liberia (since 01/10/2002) | Germany (since 01/10/2002)","3","2","BERWEN VENTURES CORP (since 23/12/2020) | MARATHON NAVIGATION CO (since 14/04/2014)","","False","False","Iran"
"9166417","BRAD","Crude Oil Tanker","(St.Kitts and Nevis)","V4SP5","","1999","56076","106474","Broken Up","MARINE LINE LTD","GR SHIPPING PTE LTD","UNKNOWN","Registro Italiano Navale (IACS)","","37","","","BRAD (since 01/01/2024) | Bradley (since 01/08/2021) | Seager (since 01/03/2020) | Psd Sedowa (since 01/01/2019) | University (since 01/12/2018)","St.Kitts and Nevis (since 01/01/2024) | Panama (since 01/01/2019)","1","4","MARINE LINE LTD (since 30/01/2024) | HALLBAR LTD (since 16/08/2021)","","False","False","Iran"
"9172583","ALANA","Crude Oil Tanker","(Antigua and Barbuda)","V2YA9","","1998","79714","159899","Broken Up","ALANA LINES INC","SEAGULL SHIPPING LTD","UNKNOWN","Bureau Veritas (IACS)","","32","","","ALANA (since 01/07/2020) | Falcon Pride (since 01/07/2012) | Knock Sheen (since 01/11/2006)","Antigua and Barbuda (since 01/11/2021) | Liberia (since 01/07/2020) | Panama (since 01/08/2018) | Comoros (since 01/07/2012) | Singapore (since 01/11/2006)","4","2","ALANA LINES INC (since 14/08/2023)","","False","False","Iran"
"9182291","LUMEN","Crude Oil Tanker","(Curacao False)","UNKNOWN","","2000","159397","298552","In Service/Commission","RPTD SOLD UNDISCLOSED INTEREST","RPTD SOLD UNDISCLOSED INTEREST","UNKNOWN","American Bureau of Shipping (IACS)","","28","","","LUMEN (since 01/05/2025) | Amor (since 01/01/2024) | Roma (since 01/02/2022) | Karo (since 01/02/2021) | New Karpathos (since 01/03/2015) | Gc Haikou (since 01/04/2010) | Namur (since 01/10/2003) | Ichiban (since 01/08/2001) | Berge Ichiban (during 2000)","Curacao False (since 01/05/2025) | Cameroon (since 01/01/2024) | Comoros FALSE (since 01/02/2022) | Panama (since 01/03/2015) | Singapore (since 01/04/2010) | France (RIF) (since 01/05/2007) | French southern Territories (since 01/01/2006) | Belgium (since 01/10/2003) | Bahamas (since 01/08/2001)","8","8","RPTD SOLD UNDISCLOSED INTEREST (since 11/04/2025) | POROS MARITIME CO (since 01/03/2015) | EURONAV SHIP MGMT SAS (since 01/01/2006) | CMB.TECH NV (since 06/10/2003) | BW LNG AS (since 08/03/2000)","","True","False","Iran"
"9187435","INDU","Crude Oil Tanker","(Comoros)","D6HE5","","1999","57925","107181","Broken Up","INDU SHIPPING INC","INDU SHIPPING INC","TIN HAU SHIPPING LTD","January 2026","","47","","","INDU (since 01/07/2024) | Vergios (since 01/03/2020) | Woong (since 01/07/2019) | Olympia I (since 01/06/2014) | Atlas Valor (since 01/02/2008)","Comoros (since 01/07/2024) | Belize (since 01/03/2020) | Panama (since 01/07/2019) | Liberia (since 01/06/2014) | Bahamas (since 01/02/2008) | Germany (since 01/02/2008)","5","4","INDU SHIPPING INC (since 08/07/2024) | USHBA SHIPPING INC (since 22/04/2020) | TAGUS SHIPPING INC (since 09/07/2019) | NORWALK SHIPPING INC (since 10/06/2014)","","False","False","Iran"
"9189110","TELA","Crude Oil Tanker","(Gambia)","C5J926","","2000","40037","73083","In Service/Commission","ESTANICA TRADING LTD","ESTANICA TRADING LTD","UNKNOWN","Lloyd's Register (IACS)","","30","","","TELA (since 01/05/2026) | Cannondale Supersix (since 01/08/2025) | Evelyn (since 01/04/2024) | Nika Ruby (since 01/12/2022) | Fornax (since 01/02/2021) | Ocean Schooner (since 01/06/2009) | Four Schooner (during 2000)","Gambia (since 01/05/2026) | Eswatini FALSE (since 01/04/2024) | Not Known (since 01/02/2024) | Panama (since 01/03/2020) | Liberia (since 01/06/2009) | Italy (since 01/06/2009) | Cayman Islands (since 01/06/2008) | Germany (since 01/12/2001) | Cayman Islands (since 01/12/2001) | Germany (since 01/12/2001) | Cayman Islands (since 01/02/2000)","10","6","ESTANICA TRADING LTD (since 26/05/2026) | RPTD SOLD UNDISCLOSED INTEREST (since 05/08/2025) | SIREN OCEAN INC (since 01/06/2023) | MAHBOBA SHIPPING INC (since 20/03/2020) | PREMUDA SPA (since 10/06/2008) | PANAMAX TANKER ONE LDA (since 28/02/2000)","","False","True","Iran"
"9189952","EM UNITY","FSO, Oil","(San Marino)","T7QV","","1999","56245","106131","Broken Up","GREATER PROSPERITY PTE LTD","EQUATORIAL MARITIME SERVICES","EQUATORIAL MARITIME SERVICES","Registro Italiano Navale (IACS)","","21","","","EM UNITY (since 01/03/2023) | Ariana (since 01/03/2022) | Arina (since 01/06/2019) | Vermilion Energy (since 01/07/2011)","San Marino (since 01/02/2023) | Palau (Republic of) (since 01/03/2022) | Panama (since 01/11/2019) | Liberia (since 01/07/2011)","3","3","GREATER PROSPERITY PTE LTD (since 06/02/2023) | SEA LINE INC (since 23/11/2022) | LAST VOYAGE DMCC (since 14/03/2022) | VERMILION ENERGY INC (since 21/07/2011)","","False","False","Iran"
"9199828","VENTURA","Crude Oil Tanker","(St.Kitts and Nevis)","V4KU5","","1999","58156","105365","Broken Up","SHORE SHIPPING INC","MACHTRANS SHIP MANAGEMENT PVT","MACHTRANS SHIP MANAGEMENT PVT","American Bureau of Shipping (IACS)","","41","","","VENTURA (since 01/10/2023) | Gulf Venture (since 01/04/2023) | Leviathan (since 01/01/2022) | Elisa Sea (since 01/10/2020) | Ark Rescue (since 01/04/2020) | Phoenix 1 (since 01/08/2019) | Eagle Sibu (since 01/03/2008)","St.Kitts and Nevis (since 01/10/2023) | Cameroon (since 01/01/2022) | Not Known (since 01/10/2020) | Tanzania (since 01/10/2020) | Gabon (since 01/04/2020) | Not Known (since 01/02/2020) | St.Kitts and Nevis (since 01/08/2019) | Singapore (since 01/03/2008) | Greece (since 01/04/2003)","8","6","SHORE SHIPPING INC (since 09/10/2023) | LEVIATHAN SHIPPING CORP (since 24/01/2022) | RPTD SOLD TANZANIA (during 10/2020) | LIBRA M SPECIAL ENE (since 12/05/2004)","","False","False","Iran"
"9200964","ANASTASIA I","Crude Oil Tanker","(Panama)","3FTF8","","2000","58243","105278","Broken Up","ANASTASIA TANKER CORP","EASTERN EURO SHIP MANAGEMENT","EASTERN EURO SHIP MANAGEMENT","June 2025","","31","","","ANASTASIA I (since 01/11/2019) | Cakra Patriot (since 01/01/2016) | Aegean Legend (during 2000)","Panama (since 01/11/2019) | Indonesia (since 01/01/2016)","1","2","ANASTASIA TANKER CORP (since 08/11/2019)","","False","False","Iran"
"9201592","INGRID","Crude Oil Tanker","(Panama)","3E3924","","2000","56204","105528","Broken Up","ORNELLA SHIPPING INC","ORNELLA SHIPPING INC","","October 2021","","36","","","INGRID (since 01/10/2020) | Super Lady (since 01/02/2008) | Young Lady (since 01/05/2000)","Panama (since 01/06/2021) | Sierra leone (since 01/09/2020) | Malta (since 01/02/2008) | Isle of Man (since 01/05/2000)","3","2","ORNELLA SHIPPING INC (since 30/06/2021) | EM BULKERS CO LTD (since 31/01/2008) | ALBA MARITIME LTD (since 01/05/2000)","","False","False","Iran"
"9208057","SEA GLAMOUR","Crude Oil Tanker","(Panama)","3EJS8","","2000","80870","147093","Broken Up","NOBLE MARITIME SERVICES INC","BENCHMARK SHIP MANAGEMENT LLC","BENCHMARK SHIP MANAGEMENT LLC","November 2021","","25","","","SEA GLAMOUR (since 01/05/2020) | Sea Elegance (since 01/12/2019) | Jag Lakshita (since 01/09/2007) | Stemnitsa (since 01/01/2000)","Panama (since 01/12/2019) | India (since 01/09/2007) | Greece (since 01/05/2000)","2","3","NOBLE MARITIME SERVICES INC (since 28/05/2020) | GREAT EASTERN SHIPPING CO LTD (since 24/09/2007)","","False","False","Iran"
"9212864","EM LONGEVITY","Crude Oil Tanker","(Singapore)","9V5693","","2000","159414","306324","Broken Up","","","UNKNOWN","May 2026","","18","","","EM LONGEVITY (since 01/10/2020) | Bag Meur (since 01/04/2020) | N. Topaz (since 01/05/2015) | Olympic Hawk (since 01/11/2012) | Hawk (since 01/08/2000)","Singapore (since 01/10/2020) | St Vincent and Grenadines (since 01/04/2020) | Singapore (since 01/07/2015) | Panama (since 01/05/2015) | Marshall Islands (since 01/08/2000)","4","4","SEA AGILITY PTE LTD (since 27/10/2020) | DIXSTONE HOLDINGS LTD (during 04/2020) | OCEAN TOPAZ PTE LTD (since 09/07/2015)","","False","False","Iran"
"9213301","RADA","Crude Oil Tanker","(St.Kitts and Nevis)","V4JR6","","2001","62385","112201","Broken Up","LIBRA SEAWAY LLC","BLUE WHALE MARITIME PVT LTD","UNKNOWN","December 2025","","54","","","RADA (since 01/09/2024) | Prada (since 01/08/2023) | Karma (since 01/11/2020) | Proud Nadia (since 01/05/2019) | Phaedra Bright 1 (since 01/05/2018) | Seaways Josefa Camejo (since 01/04/2017) | Overseas Josefa Camejo (during 2001)","St.Kitts and Nevis (since 01/09/2024) | Eswatini FALSE (since 01/04/2024) | Cameroon (since 01/08/2023) | Panama (since 01/03/2019) | Marshall Islands (since 01/02/2001)","4","6","LIBRA SEAWAY LLC (since 26/09/2024) | EVITA MARITIME CO (since 01/12/2020) | ARC SHIPPING MARINE INC (since 11/05/2018)","","False","False","Iran"
"9226140","AVA 6","Chemical/Oil Products Tanker","(Hong Kong, China)","VRXU4","","2002","29303","44401","In Service/Commission","STANDWILL SHIPPING LTD-HKG","STANDWILL SHIPPING LTD-HKG","AQUA SHIPPING SDN BHD","American Bureau of Shipping (IACS)","","41","","","AVA 6 (since 01/07/2025) | Vanessa (since 01/06/2025) | Maritime Vanessa (since 01/06/2002)","Hong Kong, China (since 01/08/2002)","0","2","STANDWILL SHIPPING LTD-HKG (since 15/07/2025) | CALLA SHIPPING CO LTD-HKG (since 03/06/2025) | VANESSA NAVIGATION CO LTD (since 28/08/2002)","","False","False","Iran"
"9229362","ATLANTIS I","Crude Oil Tanker","(Curacao False)","UNKNOWN","","2002","57301","105541","In Service/Commission","ROAD SHIPPING INC","AL ANCHOR SHIP MANAGEMENT FZE","AL ANCHOR SHIP MANAGEMENT FZE","May 2026","","25","","","ATLANTIS I (since 01/11/2024) | Road (since 01/04/2022) | Saint Nicholai (since 01/12/2020) | Saint Nicholas (since 01/06/2002)","Curacao False (since 01/04/2025) | Barbados False (since 01/10/2024) | Not Known (since 01/06/2024) | Barbados (since 01/04/2022) | Djibouti (since 01/12/2020) | Malta (since 01/06/2002)","5","3","ROAD SHIPPING INC (since 02/04/2022) | RESORT NAVIGATION INC (since 29/10/2014)","","True","True","Iran"
"9229439","MALI","Crude Oil Tanker","(Nicaragua False)","UNKNOWN","","2001","160229","299999","Broken Up","CERES SHIPPING LTD-HKG","CERES SHIPPING LTD-HKG","BLUESHARK SHIPPING PTE LTD","April 2026","","17","","","MALI (since 01/01/2026) | Ceres I (since 01/11/2019) | Affluence (since 01/07/2019) | Pacific Alfa (since 01/03/2019) | Pacific Glory (since 01/11/2011) | Mogamigawa (during 2001)","Nicaragua False (since 01/04/2026) | Aruba False (since 01/01/2026) | Not Known (since 01/03/2025) | Sao Tome and Principe (since 01/04/2024) | Sao Tome & Principe FALSE (since 01/09/2023) | Not Known (since 01/03/2020) | Honduras (since 01/01/2020) | Panama (since 01/07/2019) | Liberia (since 01/03/2019) | Marshall Islands (since 01/11/2011) | Japan (during 2001)","10","5","CERES SHIPPING LTD-HKG (since 01/11/2019) | PACIFIC GLORY SA (since 24/11/2011) | KAWASAKI KISEN KAISHA LTD (during 2001)","","True","True","Iran"
"9246138","TESLA","Oil Products Tanker","(St.Kitts and Nevis)","V4SU4","","2003","61653","109390","Broken Up","LAST VOYAGE DMCC","LAST VOYAGE DMCC","BBN SHIPMANAGEMENT PVT LTD","May 2026","","21","","","TESLA (since 01/06/2022) | Tellus (since 01/02/2021) | Ella IX (since 01/09/2020) | Mars V (since 01/02/2020) | Bhima (since 01/01/2020) | Pacific Dubai (since 01/12/2014) | DL Bellflower (since 01/09/2004) | Maersk Princess (since 01/02/2003)","St.Kitts and Nevis (since 01/06/2022) | Cameroon (since 01/12/2021) | Not Known (since 01/02/2021) | Gabon (since 01/02/2021) | Togo (since 01/09/2020) | Comoros (since 01/02/2020) | Panama (since 01/01/2020) | Marshall Islands (since 01/12/2014) | Korea (Republic of) (since 01/09/2004) | Singapore (since 01/02/2003) | Denmark (DIS) (during 2003)","10","7","LAST VOYAGE DMCC (since 24/06/2022) | HAORUI INTERNATIONAL SHIP (during 01/2016) | DAELIM CO LTD (since 20/09/2004) | MOLLER SINGAPORE AP PTE LTD (since 28/02/2003)","","False","False","Iran"
"9246279","ANABEL","Crude Oil Tanker","(Botswana False)","UNKNOWN","","2002","154369","299997","In Service/Commission","TRUSTED PROFESSIONAL FIRM NV","TRUSTED PROFESSIONAL FIRM NV","UNKNOWN","May 2026","","16","","","ANABEL (since 01/02/2025) | Avital (since 01/07/2022) | Laval (since 01/08/2020) | Giessel (since 01/04/2020) | Grand Lady (since 01/01/2012) | Sky Wing (during 2002)","Botswana False (since 01/01/2026) | Not Known (since 01/11/2025) | Gambia (since 01/02/2025) | Not Known (since 01/09/2022) | Cameroon (since 01/07/2022) | Not Known (since 01/01/2021) | Tanzania (since 01/08/2020) | St.Kitts and Nevis (since 01/04/2020) | Malta (since 01/01/2012) | Panama (during 2002)","9","5","TRUSTED PROFESSIONAL FIRM NV (since 01/02/2025) | SHINY SAILS SHIPPING LTD (since 28/07/2022) | BABYLON SHIPPING LTD (since 04/01/2012)","","True","True","Iran"
"9256858","INDA","Crude Oil Tanker","(Guyana False)","UNKNOWN","","2003","61991","115418","Broken Up","MG-FLOT LLC","MARINE TRANS SHIPPING LLC","UNKNOWN","November 2025","","46","","","INDA (since 01/03/2022) | Linda (since 01/06/2021) | Lady D (since 01/07/2020) | Lady M (since 01/05/2014) | Montigny (since 01/04/2003)","Guyana False (since 01/06/2025) | Rosja (since 01/07/2020) | Liberia (since 01/10/2008) | Netherlands (since 01/01/2006) | Liberia (since 01/01/2006) | Netherlands (since 01/01/2006) | Liberia (since 01/04/2003)","6","4","MG-FLOT LLC (since 17/03/2022) | M LEASING LLC (since 03/06/2021) | MG-FLOT LLC (since 13/07/2020) | PINTAIL BV (since 24/10/2008) | BENTONWOOD BV (since 01/11/2005)","","True","False","Iran"
"9257503","ATLANTIS II","Crude Oil Tanker","(Iran)","EPA4290","","2003","40037","73004","In Service/Commission","PARINE MARINE INC","AL ANCHOR SHIP MANAGEMENT FZE","AL ANCHOR SHIP MANAGEMENT FZE","May 2026","","32","","","ATLANTIS II (since 01/11/2024) | Parine (since 01/04/2022) | Sea Breeze (since 01/10/2020) | Jag Lara (since 01/08/2020) | Free Sea (since 01/10/2019) | Gulf Active (since 01/02/2019) | Ambitious (since 01/09/2017) | Tanja Jacob (since 01/04/2007) | Four Ketch (since 01/01/2003)","Iran (since 01/11/2024) | Barbados False (since 01/10/2024) | Not Known (since 01/06/2024) | Barbados (since 01/04/2022) | Djibouti (since 01/10/2020) | Gabon (since 01/08/2020) | Cook islands (since 01/04/2020) | Not Known (since 01/03/2020) | Panama (since 01/02/2019) | Marshall Islands (since 01/09/2017) | Germany (since 01/09/2017) | Liberia (since 01/03/2011) | Germany (since 01/03/2011) | Cayman Islands (since 01/02/2004) | Germany (since 01/02/2004) | Cayman Islands (since 01/01/2003)","15","8","PARINE MARINE INC (since 05/04/2022) | JAG LARA MARINE INC (since 08/08/2020) | PANAMAX SCHIFFAHRTS GMBH & CO (since 24/02/2004) | PREMUDA SPA (during 01/2003) | PANAMAX NAVEGACAO LDA (during 01/2003)","","True","False","Iran"
"9308998","BANGUS","Crude Oil Tanker","(Syrian Arab Republic False)","UNKNOWN","","2005","40682","72291","In Service/Commission","COSTIN SHIPPING LTD","DAHAN SHIPPING LTD","DAHAN SHIPPING LTD","Lloyd's Register (IACS)","","56","","","BANGUS (since 01/12/2025) | Pola (since 01/03/2025) | Chemtrans Polaris (since 01/06/2020) | Archangelos Gabriel (during 2005)","Syrian Arab Republic False (since 01/05/2026) | Barbados (since 01/04/2026) | Panama (since 01/03/2025) | Germany (since 01/03/2025) | Antigua and Barbuda (since 01/05/2024) | Liberia (since 01/06/2020) | Germany (since 01/06/2020) | Greece (since 01/03/2005)","7","3","COSTIN SHIPPING LTD (since 14/03/2025) | ZWEITE KRAMER BETEILIGUNG UG (since 18/06/2020) | ARCHANGELOS INVESTMENTS ENE (since 01/04/2006)","","False","False","Iran"
"9354521","ANHONA","Oil Products Tanker","(Belize FALSE)","UNKNOWN","","2008","28060","45994","In Service/Commission","ANHONA NAVIGATION SA","HARRY VICTOR SHIP MGMT & OP","HARRY VICTOR SHIP MGMT & OP","Nippon Kaiji Kyokai (IACS)","","26","","","ANHONA (since 01/02/2019) | Aramis (since 01/11/2017) | Orient Sunshine (since 01/10/2008)","Belize FALSE (since 01/10/2024) | Belize (since 01/11/2020) | Liberia (since 01/11/2017) | Singapore (since 01/04/2011) | Panama (since 01/10/2008)","4","2","ANHONA NAVIGATION SA (since 07/02/2019) | ARAMIS NAVIGATION SA (since 15/11/2017) | OMC SHIPPING PTE LTD (since 15/04/2011)","","True","True","Iran"
"9582726","GALAXY SEAFRONT","Chemical/Oil Products Tanker","(Vanuatu)","YJRF7","","2010","9127","14460","In Service/Commission","OCEAN SEAFRONT PTE LTD","OCEAN SEAFRONT PTE LTD","UNKNOWN","Bureau Veritas (IACS)","","21","","","GALAXY SEAFRONT (since 01/02/2026) | Bravely Loyalty (since 01/10/2017) | Golden Covenant (since 01/04/2010)","Vanuatu (since 01/11/2025) | Singapore (since 01/04/2010)","1","2","OCEAN SEAFRONT PTE LTD (since 03/02/2026) | GOLDEN PACIFIC SHPG & HOLDINGS (since 01/04/2021) | GOLDEN PACIFIC SHPG & HOLDINGS (since 10/04/2010)","","False","False","Iran"
"7729019","SAGNA","Oil Products Tanker","(Palau (Republic of))","T8A2785","","1978","3370","4935","Broken Up","SAGNA SHIPPING INC","STANDARD MARITIME SHPG SERVICE","UNKNOWN","DNV-GL (ex GL) (IACS)","","15","","","","","","","","","False","False","Iran"
